full_name,normalized_name,first_name,last_name,nick_name,height,weight,reach,stance,dob,is_active
Tom Aaron,tom aaron,Tom,Aaron,,,155.0,,,1978-07-13,False
Danny Abbadi,danny abbadi,Danny,Abbadi,The Assassin,71.0,155.0,,Orthodox,1983-07-03,False
Nariman Abbasov,nariman abbasov,Nariman,Abbasov,Bayraktar,68.0,155.0,66.0,Orthodox,1994-02-01,False
Darion Abbey,darion abbey,Darion,Abbey,,74.0,265.0,80.0,Orthodox,1993-02-25,False
David Abbott,david abbott,David,Abbott,Tank,72.0,265.0,,Switch,2065-04-26,False
Hamdy Abdelwahab,hamdy abdelwahab,Hamdy,Abdelwahab,The Hammer,74.0,264.0,72.0,Southpaw,1993-01-22,False
Mansur Abdul-Malik,mansur abdul malik,Mansur,Abdul-Malik,,74.0,185.0,80.0,Orthodox,1997-10-07,True
Shamil Abdurakhimov,shamil abdurakhimov,Shamil,Abdurakhimov,Abrek,75.0,235.0,76.0,Orthodox,1981-09-02,False
Hiroyuki Abe,hiroyuki abe,Hiroyuki,Abe,Abe Ani,66.0,145.0,,Orthodox,,False
Daichi Abe,daichi abe,Daichi,Abe,,71.0,170.0,71.0,Orthodox,1991-11-27,False
Papy Abedi,papy abedi,Papy,Abedi,Makambo,71.0,185.0,,Southpaw,1978-06-30,False
Ricardo Abreu,ricardo abreu,Ricardo,Abreu,Demente,71.0,185.0,,Orthodox,1984-04-27,False
Klidson Abreu,klidson abreu,Klidson,Abreu,White Bear,72.0,205.0,74.0,Orthodox,1992-12-24,False
Cyborg Abreu,cyborg abreu,Cyborg,Abreu,,,,,,1980-12-20,False
Daniel Acacio,daniel acacio,Daniel,Acacio,,68.0,180.0,,Orthodox,1977-12-27,False
John Adajar,john adajar,John,Adajar,The Outlaw,69.0,170.0,75.0,Orthodox,1991-06-22,False
Scott Adams,scott adams,Scott,Adams,,72.0,225.0,,Southpaw,,False
Juan Adams,juan adams,Juan,Adams,The Kraken,77.0,265.0,80.0,Orthodox,1992-01-16,False
Anthony Adams,anthony adams,Anthony,Adams,Sugafoot,73.0,185.0,76.0,Orthodox,1988-01-13,False
Zarrukh Adashev,zarrukh adashev,Zarrukh,Adashev,The Lion,65.0,125.0,65.0,Southpaw,1992-07-29,False
Israel Adesanya,israel adesanya,Israel,Adesanya,The Last Stylebender,76.0,185.0,80.0,Switch,1989-07-22,True
Sam Adkins,sam adkins,Sam,Adkins,The Experience,75.0,225.0,,Orthodox,2065-04-26,False
Mohamed Ado,mohamed ado,Mohamed,Ado,,71.0,170.0,76.0,Switch,2000-05-03,False
Nick Agallar,nick agallar,Nick,Agallar,,68.0,155.0,,Orthodox,1979-01-13,False
Mariya Agapova,mariya agapova,Mariya,Agapova,Money Mashka,66.0,125.0,68.0,Southpaw,1997-04-07,False
Kantharaj Agasa,kantharaj agasa,Kantharaj,Agasa,Kannadiga,,135.0,,,1992-02-16,False
Marcelo Aguiar,marcelo aguiar,Marcelo,Aguiar,,70.0,170.0,,Orthodox,,False
Fabio Aguiar,fabio aguiar,Fabio,Aguiar,,72.0,185.0,,,1988-02-10,False
Edwin Aguilar,edwin aguilar,Edwin,Aguilar,Tigre,70.0,185.0,,,,False
Jessica Aguilar,jessica aguilar,Jessica,Aguilar,Jag,63.0,115.0,63.0,Orthodox,1982-05-08,False
Kevin Aguilar,kevin aguilar,Kevin,Aguilar,Angel of Death,67.0,155.0,73.0,Orthodox,1988-09-07,False
Jesus Aguilar,jesus aguilar,Jesus,Aguilar,,64.0,125.0,62.0,Orthodox,1996-03-13,True
Christian Aguilera,christian aguilera,Christian,Aguilera,The Beast,69.0,170.0,72.0,Switch,1991-11-25,False
Nick Aguirre,nick aguirre,Nick,Aguirre,Slick,69.0,135.0,74.0,Southpaw,1996-01-15,False
Agulali,agulali,,Agulali,,69.0,125.0,67.0,Switch,2005-04-07,False
Ahejiang Ailinuer,ahejiang ailinuer,Ahejiang,Ailinuer,,,145.0,,,,False
Mike Aina,mike aina,Mike,Aina,Iron,69.0,155.0,,Orthodox,,False
Ashiek Ajim,ashiek ajim,Ashiek,Ajim,Peak Physique,68.0,135.0,71.0,Switch,1994-06-19,False
Hitomi Akano,hitomi akano,Hitomi,Akano,Girlfight Monster,64.0,135.0,,Southpaw,2074-07-27,False
Omari Akhmedov,omari akhmedov,Omari,Akhmedov,Wolverine,72.0,185.0,73.0,Orthodox,1987-10-12,False
Yoshihiro Akiyama,yoshihiro akiyama,Yoshihiro,Akiyama,,70.0,170.0,75.0,Orthodox,2075-07-29,False
Rostem Akman,rostem akman,Rostem,Akman,,70.0,170.0,72.0,Switch,1991-12-19,False
Razak Al-Hassan,razak al hassan,Razak,Al-Hassan,,74.0,205.0,,Orthodox,1982-05-14,False
Abdul-Kareem Al-Selwady,abdul kareem al selwady,Abdul-Kareem,Al-Selwady,Pride of Palestine,68.0,155.0,69.0,Orthodox,1995-04-10,True
Mostapha Al-Turk,mostapha al turk,Mostapha,Al-Turk,,74.0,245.0,77.0,Orthodox,2073-07-14,False
Herdem Alacabek,herdem alacabek,Herdem,Alacabek,,74.0,205.0,75.0,Orthodox,1991-06-07,True
Javi Alanis,javi alanis,Javi,Alanis,,66.0,135.0,,,,False
Alatengheili,alatengheili,,Alatengheili,The Mongolian Knight,65.0,135.0,66.0,Orthodox,1991-12-14,True
Amir Albazi,amir albazi,Amir,Albazi,The Prince,65.0,125.0,68.0,Orthodox,1993-10-27,True
Brett Albee,brett albee,Brett,Albee,,,225.0,,,,False
John Albert,john albert,John,Albert,Prince,68.0,135.0,68.0,Orthodox,1986-10-13,False
Junior Albini,junior albini,Junior,Albini,Baby,75.0,264.0,74.0,Orthodox,1991-03-15,False
Wes Albritton,wes albritton,Wes,Albritton,,70.0,188.0,,Orthodox,,False
Aleksandra Albu,aleksandra albu,Aleksandra,Albu,Stitch,62.0,115.0,63.0,Orthodox,1990-07-14,False
Israel Albuquerque,israel albuquerque,Israel,Albuquerque,,,185.0,,Orthodox,,False
Juan Alcain,juan alcain,Juan,Alcain,,,,,,,False
Iuri Alcantara,iuri alcantara,Iuri,Alcantara,Marajo,69.0,135.0,71.0,Southpaw,1980-08-04,False
Ildemar Alcantara,ildemar alcantara,Ildemar,Alcantara,Marajo,74.0,185.0,78.0,Orthodox,1982-11-18,False
Alfonso Alcarez,alfonso alcarez,Alfonso,Alcarez,,63.0,145.0,,,2070-06-10,False
Gilbert Aldana,gilbert aldana,Gilbert,Aldana,El Peligro,73.0,250.0,,Orthodox,1977-08-25,False
Irene Aldana,irene aldana,Irene,Aldana,,69.0,135.0,68.0,Orthodox,1988-03-26,True
Hector Aldana,hector aldana,Hector,Aldana,,71.0,170.0,72.0,Orthodox,1988-08-17,False
Jose Alday,jose alday,Jose,Alday,Pochito,67.0,135.0,68.0,Orthodox,1991-09-14,True
Jose Aldo,jose aldo,Jose,Aldo,,67.0,135.0,70.0,Orthodox,1986-09-09,False
JJ Aldrich,jj aldrich,JJ,Aldrich,,65.0,125.0,67.0,Southpaw,1992-09-29,True
Irina Alekseeva,irina alekseeva,Irina,Alekseeva,Russian Ronda,68.0,135.0,67.0,Orthodox,1990-06-27,False
Talita Alencar,talita alencar,Talita,Alencar,Problem Child,61.0,115.0,58.0,Orthodox,1990-10-17,True
Jim Alers,jim alers,Jim,Alers,The Beast,69.0,145.0,71.0,Orthodox,1986-10-14,False
John Alessio,john alessio,John,Alessio,The Natural,70.0,155.0,72.0,Orthodox,1979-07-05,False
Houston Alexander,houston alexander,Houston,Alexander,The Assassin,72.0,205.0,72.0,Orthodox,2072-03-22,False
Kenneth Alexander,kenneth alexander,Kenneth,Alexander,The Machine,69.0,155.0,,Orthodox,1977-09-25,False
Lucas Alexander,lucas alexander,Lucas,Alexander,The Lion,71.0,145.0,73.0,Orthodox,1995-07-28,False
Marcio Alexandre Junior,marcio alexandre junior,Marcio,Alexandre Junior,Lyoto,72.0,185.0,75.0,Southpaw,1989-05-05,False
Olaf Alfonso,olaf alfonso,Olaf,Alfonso,,74.0,170.0,,Orthodox,2074-08-06,False
Pablo Alfonso,pablo alfonso,Pablo,Alfonso,The Hurricane,68.0,145.0,,,1983-05-09,False
Levi Alford,levi alford,Levi,Alford,,,,,,,False
Bill Algeo,bill algeo,Bill,Algeo,Senor Perfecto,72.0,145.0,73.0,Switch,1989-06-09,False
Royce Alger,royce alger,Royce,Alger,,70.0,199.0,,Orthodox,,False
Amir Aliakbari,amir aliakbari,Amir,Aliakbari,,75.0,250.0,,,1984-06-10,False
Sultan Aliev,sultan aliev,Sultan,Aliev,,71.0,170.0,74.0,Orthodox,1984-09-17,False
Nurullo Aliev,nurullo aliev,Nurullo,Aliev,Tajik Eagle,70.0,155.0,72.0,Orthodox,2000-12-08,True
Ikram Aliskerov,ikram aliskerov,Ikram,Aliskerov,,72.0,185.0,76.0,Southpaw,1992-12-07,True
Leon Aliu,leon aliu,Leon,Aliu,The Albanian Lion,72.0,185.0,74.0,Orthodox,1989-07-14,True
John Allan,john allan,John,Allan,,73.0,205.0,75.0,Orthodox,1993-02-22,False
George Allen,george allen,George,Allen,,74.0,205.0,,Open Stance,2067-01-13,False
Arnold Allen,arnold allen,Arnold,Allen,Almighty,68.0,145.0,70.0,Southpaw,1994-01-22,True
Brendan Allen,brendan allen,Brendan,Allen,All In,74.0,185.0,75.0,Orthodox,1995-12-28,True
Daniel Allen,daniel allen,Daniel,Allen,,72.0,155.0,75.0,Southpaw,1992-08-10,False
Ben Alloway,ben alloway,Ben,Alloway,Blanco,71.0,170.0,76.0,Orthodox,1981-02-19,False
Asu Almabayev,asu almabayev,Asu,Almabayev,Zulfikar,64.0,125.0,65.0,Orthodox,1994-01-25,True
Bekzat Almakhan,bekzat almakhan,Bekzat,Almakhan,The Turan Warrior,67.0,135.0,68.0,Orthodox,1997-10-08,True
John Dave Almanza,john dave almanza,John Dave,Almanza,The Striker,67.0,125.0,67.0,Southpaw,2004-03-22,False
Ricardo Almeida,ricardo almeida,Ricardo,Almeida,Big Dog,72.0,170.0,74.0,Orthodox,1976-11-29,False
Magno Almeida,magno almeida,Magno,Almeida,,72.0,155.0,,,1985-06-06,False
Thomas Almeida,thomas almeida,Thomas,Almeida,Thominhas,67.0,145.0,70.0,Southpaw,1991-07-31,False
Ericka Almeida,ericka almeida,Ericka,Almeida,,66.0,115.0,,Orthodox,1989-03-05,False
Estefani Almeida,estefani almeida,Estefani,Almeida,,64.0,125.0,,Orthodox,1988-10-17,True
Jailton Almeida,jailton almeida,Jailton,Almeida,Malhadinho,75.0,205.0,79.0,Orthodox,1991-06-26,False
Lucas Almeida,lucas almeida,Lucas,Almeida,,71.0,145.0,71.0,Orthodox,1991-01-31,False
Cesar Almeida,cesar almeida,Cesar,Almeida,Cesinha,73.0,185.0,74.0,Orthodox,1988-03-28,True
Mauricio Alonso,mauricio alonso,Mauricio,Alonso,,74.0,170.0,,,1980-02-27,False
Sarah Alpar,sarah alpar,Sarah,Alpar,Too Sweet,64.0,135.0,63.0,Southpaw,1991-06-01,False
Ali AlQaisi,ali alqaisi,Ali,AlQaisi,The Royal Fighter,66.0,135.0,68.0,Orthodox,1990-09-23,False
Rico Altamirano,rico altamirano,Rico,Altamirano,,70.0,170.0,,,,False
Victor Altamirano,victor altamirano,Victor,Altamirano,El Magnifico,68.0,125.0,70.0,Switch,1991-01-23,False
Mike Altman,mike altman,Mike,Altman,,70.0,185.0,,Orthodox,,False
Patricia Alujas,patricia alujas,Patricia,Alujas,The Angel,64.0,115.0,64.0,Orthodox,1996-05-08,True
Sean Alvarez,sean alvarez,Sean,Alvarez,,72.0,235.0,,Orthodox,2071-07-14,False
Eddie Alvarez,eddie alvarez,Eddie,Alvarez,,69.0,155.0,69.0,Orthodox,1984-01-11,False
Jaime Alvarez,jaime alvarez,Jaime,Alvarez,,68.0,125.0,69.0,Orthodox,1988-03-08,True
Joel Alvarez,joel alvarez,Joel,Alvarez,El Fenomeno,75.0,155.0,77.0,Orthodox,1993-03-02,True
Thiago Alves,thiago alves,Thiago,Alves,Pitbull,69.0,170.0,70.0,Orthodox,1983-10-03,False
Anthony Alves,anthony alves,Anthony,Alves,,,,,,,False
Amilcar Alves,amilcar alves,Amilcar,Alves,,72.0,170.0,,Southpaw,1988-08-08,False
Warlley Alves,warlley alves,Warlley,Alves,,71.0,185.0,72.0,Orthodox,1991-01-04,False
Rafael Alves,rafael alves,Rafael,Alves,The Turn,68.0,155.0,68.0,Orthodox,1990-11-14,False
Sam Alvey,sam alvey,Sam,Alvey,Smile'N,74.0,185.0,75.0,Southpaw,1986-05-06,False
Christopher Alvidrez,christopher alvidrez,Christopher,Alvidrez,The Newborn,,170.0,,,1996-12-27,True
Mahamed Aly,mahamed aly,Mahamed,Aly,,,205.0,,,1994-01-11,False
Andre Amado,andre amado,Andre,Amado,Dida,72.0,154.0,,Orthodox,,False
Adlan Amagov,adlan amagov,Adlan,Amagov,Borz,74.0,170.0,76.0,Orthodox,1986-10-30,False
Maiara Amanajas dos Santos,maiara amanajas dos santos,Maiara,Amanajas dos Santos,,65.0,115.0,,Southpaw,1987-07-11,False
Chris Amarante,chris amarante,Chris,Amarante,,,185.0,,,,False
Jimmy Ambriz,jimmy ambriz,Jimmy,Ambriz,The Titan,74.0,315.0,,Southpaw,2070-01-26,False
JJ Ambrose,jj ambrose,JJ,Ambrose,,70.0,170.0,,Orthodox,,False
Alen Amedovski,alen amedovski,Alen,Amedovski,,70.0,185.0,74.0,Orthodox,1988-04-06,False
Hyder Amil,hyder amil,Hyder,Amil,The Hurricane,69.0,145.0,70.0,Switch,1990-05-28,True
Hamid Amiri,hamid amiri,Hamid,Amiri,The Storm,,145.0,,,2003-06-15,False
Makwan Amirkhani,makwan amirkhani,Makwan,Amirkhani,Mr. Finland,70.0,145.0,72.0,Southpaw,1988-11-08,False
Jaqueline Amorim,jaqueline amorim,Jaqueline,Amorim,,63.0,115.0,68.0,Orthodox,1995-06-24,True
Yaroslav Amosov,yaroslav amosov,Yaroslav,Amosov,,72.0,170.0,75.0,Orthodox,1993-09-09,True
Bertrand Amoussou,bertrand amoussou,Bertrand,Amoussou,,68.0,190.0,,Orthodox,,False
Karl Amoussou,karl amoussou,Karl,Amoussou,The Psycho,71.0,185.0,,Orthodox,1985-11-21,False
Eryk Anders,eryk anders,Eryk,Anders,Ya Boi,73.0,185.0,75.0,Southpaw,1987-04-21,True
Matt Andersen,matt andersen,Matt,Andersen,,74.0,230.0,,Southpaw,2071-05-29,False
Andy Anderson,andy anderson,Andy,Anderson,The Hammer,66.0,240.0,,,2074-07-16,False
Lowell Anderson,lowell anderson,Lowell,Anderson,,66.0,160.0,,Orthodox,,False
Corey Anderson,corey anderson,Corey,Anderson,Overtime,75.0,205.0,79.0,Orthodox,1989-09-22,False
Derek Anderson,derek anderson,Derek,Anderson,Barbaric,72.0,155.0,,,1990-02-02,False
Megan Anderson,megan anderson,Megan,Anderson,,72.0,145.0,72.0,Orthodox,1990-02-11,False
Liam Anderson,liam anderson,Liam,Anderson,,75.0,185.0,75.0,Orthodox,1995-01-13,False
Tatsuya Ando,tatsuya ando,Tatsuya,Ando,Kirinji,64.0,145.0,68.0,Southpaw,1990-04-26,False
Alex Andrade,alex andrade,Alex,Andrade,El Toro,71.0,200.0,,Orthodox,2074-05-14,False
Jessica Andrade,jessica andrade,Jessica,Andrade,Bate Estaca,61.0,115.0,62.0,Orthodox,1991-09-25,True
Viscardi Andrade,viscardi andrade,Viscardi,Andrade,,71.0,170.0,75.0,Orthodox,1984-03-08,False
Jermaine Andre,jermaine andre,Jermaine,Andre,,67.0,200.0,,Orthodox,,False
Fellipe Andrew,fellipe andrew,Fellipe,Andrew,,,,,,1994-10-24,False
Dylan Andrews,dylan andrews,Dylan,Andrews,The Villain,73.0,185.0,74.0,Switch,1979-11-15,False
Reese Andy,reese andy,Reese,Andy,Riptide,72.0,205.0,,Orthodox,2073-03-31,False
Angga,angga,,Angga,The Hitman,67.0,145.0,68.0,Orthodox,1989-01-13,False
Julius Anglickas,julius anglickas,Julius,Anglickas,,75.0,205.0,,Orthodox,1991-07-23,True
Collin Anglin,collin anglin,Collin,Anglin,,69.0,145.0,71.0,Orthodox,1993-02-20,False
Chad Anheliger,chad anheliger,Chad,Anheliger,The Monster,66.0,135.0,64.0,Orthodox,1986-12-01,True
Yoji Anjo,yoji anjo,Yoji,Anjo,Mr. 200%,71.0,205.0,,Orthodox,2067-03-28,False
Magomed Ankalaev,magomed ankalaev,Magomed,Ankalaev,,75.0,205.0,75.0,Orthodox,1992-06-02,True
Gadzhimurad Antigulov,gadzhimurad antigulov,Gadzhimurad,Antigulov,,71.0,205.0,70.0,Orthodox,1987-02-09,False
Adam Antolin,adam antolin,Adam,Antolin,Captain Chaos,65.0,125.0,63.0,Orthodox,1982-02-28,False
Angelo Antonio,angelo antonio,Angelo,Antonio,,,205.0,,Orthodox,,False
Vanilto Antunes,vanilto antunes,Vanilto,Antunes,,72.0,170.0,72.0,Orthodox,1994-12-28,False
Azunna Anyanwu,azunna anyanwu,Azunna,Anyanwu,Zulu,73.0,251.0,,Orthodox,1981-08-05,False
Shinsho Anzai,shinsho anzai,Shinsho,Anzai,Animal,67.0,170.0,70.0,Orthodox,1985-12-01,False
Jin Aoi,jin aoi,Jin,Aoi,,66.0,145.0,68.0,Orthodox,1997-01-21,False
Shinya Aoki,shinya aoki,Shinya,Aoki,Tobikan Judan,71.0,154.0,,Southpaw,1983-05-09,False
Aoriqileng,aoriqileng,,Aoriqileng,The Mongolian Murderer,67.0,135.0,69.0,Orthodox,1993-06-25,True
Josh Appelt,josh appelt,Josh,Appelt,,70.0,255.0,,Southpaw,1983-06-19,True
Erik Apple,erik apple,Erik,Apple,,72.0,170.0,,Orthodox,1977-08-26,False
Kenji Arai,kenji arai,Kenji,Arai,,70.0,145.0,,Southpaw,1979-10-05,False
Romie Aram,romie aram,Romie,Aram,,70.0,170.0,,Orthodox,1977-12-02,False
Felipe Arantes,felipe arantes,Felipe,Arantes,Sertanejo,68.0,135.0,73.0,Orthodox,1988-02-09,False
Igor Araujo,igor araujo,Igor,Araujo,,73.0,170.0,77.0,Orthodox,1980-12-06,False
Viviane Araujo,viviane araujo,Viviane,Araujo,Vivi,64.0,125.0,68.0,Orthodox,1986-11-21,False
Julio Arce,julio arce,Julio,Arce,,67.0,145.0,70.0,Southpaw,1989-10-27,False
Art Arciniega,art arciniega,Art,Arciniega,King Arthur,68.0,145.0,,,1981-10-15,False
Alice Ardelean,alice ardelean,Alice,Ardelean,,63.0,115.0,62.0,Orthodox,1992-04-19,True
Tristan Arenal,tristan arenal,Tristan,Arenal,,,155.0,,,,False
Gabriel Arges,gabriel arges,Gabriel,Arges,,,170.0,,,1993-01-29,False
Dan Argueta,dan argueta,Dan,Argueta,The Determined,67.0,135.0,68.0,Southpaw,1993-08-13,False
Reza Arianto,reza arianto,Reza,Arianto,The Crazy Lion,,155.0,,,,False
Hashem Arkhagha,hashem arkhagha,Hashem,Arkhagha,,74.0,185.0,75.0,Orthodox,1989-09-11,False
Andrei Arlovski,andrei arlovski,Andrei,Arlovski,The Pitbull,75.0,240.0,77.0,Orthodox,1979-02-04,False
Garrett Armfield,garrett armfield,Garrett,Armfield,,66.0,135.0,70.0,Orthodox,1996-10-09,True
Joey Armstrong,joey armstrong,Joey,Armstrong,,,,,,,False
Austin Arnett,austin arnett,Austin,Arnett,,72.0,145.0,72.0,Orthodox,1991-10-22,False
Ricardo Arona,ricardo arona,Ricardo,Arona,The Brazilian Tiger,71.0,205.0,,Orthodox,1978-07-17,False
Eli Aronov,eli aronov,Eli,Aronov,The Israeli Tank,70.0,185.0,72.0,Orthodox,1996-06-06,True
Chalid Arrab,chalid arrab,Chalid,Arrab,Die Faust,71.0,205.0,,Orthodox,2075-05-28,False
Akbarh Arreola,akbarh arreola,Akbarh,Arreola,El Caballero,70.0,155.0,71.0,Southpaw,1983-01-14,False
Matt Arroyo,matt arroyo,Matt,Arroyo,No Regard,70.0,170.0,72.0,Orthodox,1982-09-01,False
Antonio Arroyo,antonio arroyo,Antonio,Arroyo,,75.0,185.0,73.0,Orthodox,1989-07-01,False
Gilles Arsene,gilles arsene,Gilles,Arsene,,69.0,190.0,,Southpaw,,False
Veta Arteaga,veta arteaga,Veta,Arteaga,,67.0,125.0,,,,False
Cesar Arzamendia,cesar arzamendia,Cesar,Arzamendia,Goku,71.0,155.0,,Orthodox,1991-01-31,False
Kai Asakura,kai asakura,Kai,Asakura,,68.0,125.0,69.0,Orthodox,1993-10-31,True
Teddy Ash,teddy ash,Teddy,Ash,Bear,73.0,185.0,73.0,Switch,1989-12-27,False
Arman Ashimov,arman ashimov,Arman,Ashimov,Mustafa Ozturik,66.0,125.0,,,1992-01-14,False
Yanal Ashmouz,yanal ashmouz,Yanal,Ashmouz,Red Fox,69.0,155.0,69.0,Orthodox,1995-03-31,False
Asjabharan,asjabharan,,Asjabharan,,66.0,135.0,,,1992-07-31,False
Askar Askar,askar askar,Askar,Askar,AK-47,67.0,145.0,69.0,Orthodox,1994-08-19,False
Askar Askarov,askar askarov,Askar,Askarov,Bullet,66.0,125.0,67.0,Orthodox,1992-10-09,False
Cyril Asker,cyril asker,Cyril,Asker,Silverback,72.0,247.0,74.0,Orthodox,1985-12-24,False
Khusein Askhabov,khusein askhabov,Khusein,Askhabov,Nohcho,68.0,145.0,69.0,Orthodox,1995-02-13,False
Scott Askham,scott askham,Scott,Askham,,75.0,185.0,75.0,Southpaw,1988-05-20,False
Ben Askren,ben askren,Ben,Askren,Funky,71.0,170.0,73.0,Orthodox,1984-07-18,False
Ibo Aslan,ibo aslan,Ibo,Aslan,The Last Ottoman,75.0,205.0,77.0,Orthodox,1996-04-23,True
Tom Aspinall,tom aspinall,Tom,Aspinall,,77.0,256.0,78.0,Orthodox,1993-04-11,True
Steven Asplund,steven asplund,Steven,Asplund,Concrete,,265.0,,,1998-07-16,True
Bruno Assis,bruno assis,Bruno,Assis,Brunao,74.0,185.0,,Orthodox,1992-05-23,False
Junior Assuncao,junior assuncao,Junior,Assuncao,,69.0,145.0,72.0,Orthodox,1981-06-24,False
Raphael Assuncao,raphael assuncao,Raphael,Assuncao,,65.0,135.0,66.0,Orthodox,1982-07-19,False
Michael Aswell Jr.,michael aswell jr,Michael,Aswell Jr.,The Texas Kid,68.0,155.0,69.0,Orthodox,2000-09-27,True
Bazigit Atajev,bazigit atajev,Bazigit,Atajev,Volk,73.0,230.0,,Orthodox,,False
Rich Attonito,rich attonito,Rich,Attonito,The Raging Bull,70.0,170.0,72.0,Orthodox,1977-06-16,False
Olivier Aubin-Mercier,olivier aubin mercier,Olivier,Aubin-Mercier,The Canadian Gangster,69.0,155.0,70.0,Southpaw,1989-02-23,False
Pat Audinwood,pat audinwood,Pat,Audinwood,Awesomely Awesome,72.0,155.0,,Orthodox,1986-04-16,False
Jose Augusto,jose augusto,Jose,Augusto,Gugu,75.0,251.0,,,1992-03-28,True
Marcus Aurelio,marcus aurelio,Marcus,Aurelio,Maximus,70.0,155.0,74.0,Orthodox,2073-08-18,False
David Avellan,david avellan,David,Avellan,,69.0,185.0,,Orthodox,,False
Blas Avena,blas avena,Blas,Avena,The Disciple,72.0,170.0,74.0,Orthodox,1983-06-30,False
Levi Avera,levi avera,Levi,Avera,,73.0,170.0,,,1982-05-17,False
Anthony Avila,anthony avila,Anthony,Avila,,67.0,145.0,,,1988-12-29,False
Chris Avila,chris avila,Chris,Avila,,70.0,145.0,,Orthodox,1993-01-16,False
Julia Avila,julia avila,Julia,Avila,Raging Panda,67.0,135.0,68.0,Orthodox,1988-05-11,False
Saad Awad,saad awad,Saad,Awad,Assassin,71.0,155.0,,,1983-06-07,False
Javy Ayala,javy ayala,Javy,Ayala,Eye Candy,73.0,265.0,,,1988-08-20,False
Jessin Ayari,jessin ayari,Jessin,Ayari,,72.0,155.0,73.0,Orthodox,1992-05-31,False
Abu Azaitar,abu azaitar,Abu,Azaitar,Captain Morocco,69.0,185.0,76.0,Orthodox,1986-03-10,False
Ottman Azaitar,ottman azaitar,Ottman,Azaitar,Bulldozer,68.0,155.0,71.0,Switch,1990-02-20,True
Luiz Azeredo,luiz azeredo,Luiz,Azeredo,,69.0,154.0,,Orthodox,1976-06-10,False
Luciano Azevedo,luciano azevedo,Luciano,Azevedo,,75.0,161.0,,Orthodox,1981-06-25,False
Hunter Azure,hunter azure,Hunter,Azure,,68.0,145.0,69.0,Orthodox,1992-03-02,False
Niklas Backstrom,niklas backstrom,Niklas,Backstrom,,73.0,145.0,,Orthodox,1989-08-22,False
Seth Baczynski,seth baczynski,Seth,Baczynski,The Polish Pistola,75.0,170.0,75.0,Orthodox,1981-10-26,False
Abdul Azeem Badakhshi,abdul azeem badakhshi,Abdul Azeem,Badakhshi,The Afghan Lion,,145.0,,,,True
Ryan Bader,ryan bader,Ryan,Bader,Darth,74.0,205.0,74.0,Orthodox,1983-06-07,False
Izabela Badurek,izabela badurek,Izabela,Badurek,,65.0,115.0,,Orthodox,1991-07-11,False
Miguel Baeza,miguel baeza,Miguel,Baeza,Caramel Thunder,74.0,170.0,74.0,Orthodox,1992-08-23,False
Ali Bagautinov,ali bagautinov,Ali,Bagautinov,Puncher,64.0,125.0,65.0,Orthodox,1985-06-10,False
Mehdi Baghdad,mehdi baghdad,Mehdi,Baghdad,The Sultan,73.0,155.0,,Orthodox,1985-04-13,False
Melsik Baghdasaryan,melsik baghdasaryan,Melsik,Baghdasaryan,The Gun,69.0,145.0,70.0,Southpaw,1992-01-28,True
Siyar Bahadurzada,siyar bahadurzada,Siyar,Bahadurzada,The Great,71.0,170.0,73.0,Orthodox,1984-04-17,False
Ignacio Bahamondes,ignacio bahamondes,Ignacio,Bahamondes,La Jaula,75.0,155.0,75.0,Orthodox,1997-08-27,True
Bahatebole Batebolati,bahatebole batebolati,Bahatebole,Batebolati,Lion King,68.0,170.0,71.0,Southpaw,1997-09-12,False
Shamar Bailey,shamar bailey,Shamar,Bailey,,69.0,155.0,75.0,Southpaw,1982-09-22,False
Jordan Bailey,jordan bailey,Jordan,Bailey,,69.0,145.0,,,,False
Scott Baker,scott baker,Scott,Baker,,72.0,210.0,,,,False
Bryan Baker,bryan baker,Bryan,Baker,The Beast,75.0,185.0,,Orthodox,1985-10-13,False
Jin Bala,jin bala,Jin,Bala,,69.0,155.0,,,,False
Balajin,balajin,,Balajin,The Snow Leopard,69.0,145.0,72.0,Orthodox,1992-03-31,False
Oluwale Bamgbose,oluwale bamgbose,Oluwale,Bamgbose,Holy War Angel,71.0,185.0,78.0,Switch,1987-08-04,False
Stephen Banaszak,stephen banaszak,Stephen,Banaszak,,72.0,145.0,,,1990-12-07,False
Marcin Bandel,marcin bandel,Marcin,Bandel,Bomba,70.0,155.0,,Orthodox,1989-10-10,False
Humberto Bandenay,humberto bandenay,Humberto,Bandenay,,71.0,145.0,71.0,Southpaw,1994-09-04,False
Tae Hyun Bang,tae hyun bang,Tae Hyun,Bang,Supernatural,69.0,155.0,71.0,Switch,1983-04-15,False
Yohan Banks,yohan banks,Yohan,Banks,,,,,,,False
Shauna Bannon,shauna bannon,Shauna,Bannon,Mama B,65.0,115.0,65.0,Switch,1993-10-23,True
Antonio Banuelos,antonio banuelos,Antonio,Banuelos,,65.0,135.0,63.0,Orthodox,1979-09-23,False
Iwo Baraniewski,iwo baraniewski,Iwo,Baraniewski,Rudy,,205.0,,,1998-11-20,True
Renan Barao,renan barao,Renan,Barao,The Baron,66.0,145.0,70.0,Orthodox,1987-01-31,False
Junior Barata,junior barata,Junior,Barata,,70.0,170.0,,Orthodox,1982-01-25,False
Maycee Barber,maycee barber,Maycee,Barber,The Future,65.0,125.0,65.0,Switch,1998-05-18,True
Bryan Barberena,bryan barberena,Bryan,Barberena,Bam Bam,72.0,185.0,72.0,Southpaw,1989-05-03,True
Djani Barbir,djani barbir,Djani,Barbir,,,,,,,False
Dione Barbosa,dione barbosa,Dione,Barbosa,The Witch,66.0,125.0,66.0,Orthodox,1992-05-08,True
Marcio Barbosa,marcio barbosa,Marcio,Barbosa,Ticoto,66.0,145.0,70.0,Orthodox,1998-05-22,True
Edson Barboza,edson barboza,Edson,Barboza,Junior,71.0,155.0,75.0,Orthodox,1986-01-21,True
Raoni Barcelos,raoni barcelos,Raoni,Barcelos,,67.0,135.0,67.0,Orthodox,1987-05-01,True
Daniel Barez,daniel barez,Daniel,Barez,,66.0,125.0,66.0,Orthodox,1988-12-10,True
Danny Barlow,danny barlow,Danny,Barlow,LeftHand2God,74.0,185.0,79.0,Southpaw,1995-08-02,False
Luke Barnatt,luke barnatt,Luke,Barnatt,The Bigslow,78.0,185.0,77.0,Orthodox,1988-04-13,False
James Barnes,james barnes,James,Barnes,Mooka,68.0,135.0,71.0,Orthodox,1982-05-28,True
Nick Barnes,nick barnes,Nick,Barnes,,71.0,170.0,,,,False
Shonte Barnes,shonte barnes,Shonte,Barnes,Shyne,71.0,185.0,76.0,Southpaw,1987-02-09,True
Josh Barnett,josh barnett,Josh,Barnett,The Warmaster,75.0,250.0,78.0,Orthodox,1977-11-10,False
Chris Barnett,chris barnett,Chris,Barnett,Beastboy,69.0,265.0,75.0,Orthodox,1986-06-14,False
Chris Barnhizer,chris barnhizer,Chris,Barnhizer,,,,,,,False
David Baron,david baron,David,Baron,,66.0,155.0,,Switch,2073-02-15,False
Phil Baroni,phil baroni,Phil,Baroni,The New York Bad Ass,69.0,170.0,72.0,Orthodox,1976-04-16,False
Dan Barrera,dan barrera,Dan,Barrera,The Fireman,69.0,170.0,,Orthodox,1980-12-23,False
Carlos Barreto,carlos barreto,Carlos,Barreto,,76.0,230.0,,Orthodox,,False
Jose Barreto,jose barreto,Jose,Barreto,,,185.0,,Southpaw,,False
Peter Barrett,peter barrett,Peter,Barrett,Slippery,70.0,145.0,73.0,Southpaw,1986-08-10,False
Marc-Andre Barriault,marc andre barriault,Marc-Andre,Barriault,Powerbar,73.0,185.0,74.0,Orthodox,1990-02-18,True
David Barrios,david barrios,David,Barrios,,66.0,145.0,,,,False
Alexandre Barros,alexandre barros,Alexandre,Barros,Baixinho,69.0,170.0,,Southpaw,1976-11-19,False
Ricardo Barros,ricardo barros,Ricardo,Barros,,73.0,205.0,,,1976-03-22,False
Francimar Barroso,francimar barroso,Francimar,Barroso,Bodao,73.0,205.0,75.0,Orthodox,1980-02-28,False
Pat Barry,pat barry,Pat,Barry,HD,71.0,235.0,74.0,Orthodox,1979-07-07,False
Dean Barry,dean barry,Dean,Barry,The Sniper,70.0,170.0,72.0,Orthodox,1992-07-03,False
Enrique Barzola,enrique barzola,Enrique,Barzola,El Fuerte,67.0,145.0,70.0,Orthodox,1989-04-28,False
Javid Basharat,javid basharat,Javid,Basharat,The Snow Leopard,69.0,135.0,69.0,Orthodox,1995-09-07,False
Farid Basharat,farid basharat,Farid,Basharat,Ferocious,68.0,135.0,71.0,Orthodox,1997-08-02,True
Austin Bashi,austin bashi,Austin,Bashi,,66.0,145.0,70.0,Orthodox,2001-09-29,True
Stephen Bass,stephen bass,Stephen,Bass,Bigfish,69.0,145.0,,Orthodox,1982-11-14,False
Sean Bassett,sean bassett,Sean,Bassett,,,155.0,,,,False
Ryan Bastianelli,ryan bastianelli,Ryan,Bastianelli,Relentless,65.0,135.0,,,,False
Shayna Baszler,shayna baszler,Shayna,Baszler,The Queen of Spades,67.0,135.0,,Orthodox,1980-08-08,False
Namsrai Batbayar,namsrai batbayar,Namsrai,Batbayar,Steppe Warrior,64.0,125.0,68.0,Orthodox,2000-12-29,False
Michel Batista,michel batista,Michel,Batista,,75.0,260.0,,Orthodox,1984-04-20,False
Bryan Battle,bryan battle,Bryan,Battle,The Butcher,73.0,185.0,77.0,Orthodox,1994-09-21,False
Alan Baudot,alan baudot,Alan,Baudot,The Black Samourai,75.0,243.0,79.0,Orthodox,1988-02-01,False
Mario Bautista,mario bautista,Mario,Bautista,,69.0,135.0,69.0,Switch,1993-07-01,True
Chris Beal,chris beal,Chris,Beal,Real Deal,67.0,125.0,69.0,Orthodox,1985-08-06,False
Donovan Beard,donovan beard,Donovan,Beard,The Highlight Reel,74.0,185.0,78.0,Orthodox,1989-11-05,False
Rudy Bears,rudy bears,Rudy,Bears,,71.0,170.0,,Southpaw,,False
Salvador Becerra,salvador becerra,Salvador,Becerra,,69.0,155.0,,,,False
Ariel Beck,ariel beck,Ariel,Beck,,66.0,125.0,66.0,Southpaw,1990-09-16,False
Jack Becker,jack becker,Jack,Becker,,68.0,155.0,71.0,Orthodox,1992-12-20,False
Jeff Bedard,jeff bedard,Jeff,Bedard,Little Popeye,66.0,145.0,,Orthodox,2070-02-06,False
Eric Bedard,eric bedard,Eric,Bedard,Lucky Strikes,74.0,239.0,,,1984-09-11,False
Johnny Bedford,johnny bedford,Johnny,Bedford,Brutal,70.0,135.0,71.0,Orthodox,1983-01-06,False
Rolando Bedoya,rolando bedoya,Rolando,Bedoya,The Machine,71.0,155.0,74.0,Orthodox,1997-01-13,False
Chase Beebe,chase beebe,Chase,Beebe,,67.0,135.0,67.0,Orthodox,1985-03-29,False
Lyle Beerbohm,lyle beerbohm,Lyle,Beerbohm,Fancy Pants,70.0,155.0,,Southpaw,1979-02-05,False
Allan Begosso,allan begosso,Allan,Begosso,Mini,65.0,135.0,66.0,Orthodox,1995-11-23,True
Azamat Bekoev,azamat bekoev,Azamat,Bekoev,Iron,72.0,185.0,72.0,Orthodox,1995-12-30,True
Mirsad Bektic,mirsad bektic,Mirsad,Bektic,,68.0,145.0,70.0,Orthodox,1991-02-16,False
Diana Belbita,diana belbita,Diana,Belbita,The Warrior Princess,67.0,125.0,68.0,Orthodox,1996-06-26,False
Alan Belcher,alan belcher,Alan,Belcher,The Talent,74.0,185.0,75.0,Orthodox,1984-04-24,False
Vitor Belfort,vitor belfort,Vitor,Belfort,The Phenom,72.0,185.0,74.0,Southpaw,1977-04-01,False
Yousri Belgaroui,yousri belgaroui,Yousri,Belgaroui,,77.0,185.0,79.0,Orthodox,1992-06-02,True
Rodolfo Bellato,rodolfo bellato,Rodolfo,Bellato,Trator,75.0,205.0,75.0,Orthodox,1996-02-05,True
Danilo Belluardo,danilo belluardo,Danilo,Belluardo,Caterpillar,72.0,155.0,74.0,Southpaw,1994-07-21,False
Joey Beltran,joey beltran,Joey,Beltran,The Mexicutioner,73.0,185.0,75.0,Orthodox,1981-12-08,False
Marco Beltran,marco beltran,Marco,Beltran,Psycho,68.0,125.0,69.0,Orthodox,1986-05-18,False
Joseph Benavidez,joseph benavidez,Joseph,Benavidez,,64.0,125.0,65.0,Southpaw,1984-07-31,False
Mike Bencic,mike bencic,Mike,Bencic,Batman,72.0,215.0,,Orthodox,,False
Dave Beneteau,dave beneteau,Dave,Beneteau,Dangerous,74.0,250.0,,Orthodox,,False
Karla Benitez,karla benitez,Karla,Benitez,,63.0,113.0,,,,False
Gabriel Benitez,gabriel benitez,Gabriel,Benitez,Moggly,68.0,155.0,71.0,Southpaw,1988-06-15,False
Charles Bennett,charles bennett,Charles,Bennett,Krazy Horse,68.0,155.0,,Orthodox,1979-11-23,False
Josh Bennett,josh bennett,Josh,Bennett,,76.0,259.0,,Orthodox,,False
DeAnna Bennett,deanna bennett,DeAnna,Bennett,The Argentine Assassin,64.0,125.0,68.0,Orthodox,1984-11-18,False
Benjamin Bennett,benjamin bennett,Benjamin,Bennett,Mr. Alaska,72.0,170.0,73.0,Switch,1994-05-08,False
Lance Benoist,lance benoist,Lance,Benoist,,71.0,170.0,72.0,Southpaw,1988-08-26,False
Joe Benoit,joe benoit,Joe,Benoit,,69.0,170.0,,Orthodox,1982-03-12,False
Ryan Benoit,ryan benoit,Ryan,Benoit,Baby Face,65.0,125.0,68.0,Orthodox,1989-08-25,False
Pat Benson,pat benson,Pat,Benson,,69.0,155.0,,,,False
Len Bentley,len bentley,Len,Bentley,,69.0,155.0,,,1982-11-30,False
Steve Berger,steve berger,Steve,Berger,The Red Nosed Pitbull,71.0,170.0,,Orthodox,2073-05-20,False
Kenneth Bergh,kenneth bergh,Kenneth,Bergh,,74.0,205.0,74.0,Orthodox,1989-06-26,False
Bret Bergmark,bret bergmark,Bret,Bergmark,The Angry Hick,69.0,170.0,,,2073-11-24,False
Keith Berish,keith berish,Keith,Berish,Sha Bang Bang,72.0,205.0,,Orthodox,1985-11-14,False
Dennis Bermudez,dennis bermudez,Dennis,Bermudez,The Menace,66.0,155.0,66.0,Orthodox,1986-12-13,False
Manny Bermudez,manny bermudez,Manny,Bermudez,The Bermudez Triangle,70.0,145.0,71.0,Orthodox,1994-07-16,False
Talita Bernardo,talita bernardo,Talita,Bernardo,,64.0,135.0,68.0,Orthodox,1987-03-04,False
Dave Berry,dave berry,Dave,Berry,,,,,,,False
Keith Berry,keith berry,Keith,Berry,,73.0,185.0,,,1987-10-25,False
Dieusel Berto,dieusel berto,Dieusel,Berto,,69.0,200.0,,,,False
Edson Berto,edson berto,Edson,Berto,Little Tiger,66.0,155.0,,Orthodox,1983-07-05,False
Allen Berube,allen berube,Allen,Berube,Monstah Lobstah,68.0,155.0,,Orthodox,2074-08-25,False
Anton Berzin,anton berzin,Anton,Berzin,The Body Snatcher,74.0,205.0,,Orthodox,1989-09-29,False
Scott Bessac,scott bessac,Scott,Bessac,,76.0,245.0,,,,False
Matt Bessette,matt bessette,Matt,Bessette,The Mangler,70.0,145.0,70.0,Orthodox,1984-12-28,False
Khadzhi Bestaev,khadzhi bestaev,Khadzhi,Bestaev,Best,78.0,185.0,76.0,,1988-07-16,False
Fernando Bettega,fernando bettega,Fernando,Bettega,,,170.0,,,1980-03-10,False
Arjan Bhullar,arjan bhullar,Arjan,Bhullar,,73.0,245.0,75.0,Orthodox,1986-05-13,False
KB Bhullar,kb bhullar,KB,Bhullar,The Bengal,76.0,185.0,78.0,Switch,1991-10-12,False
Bibulatov Magomed,bibulatov magomed,Bibulatov,Magomed,Chaborz,65.0,125.0,65.0,Orthodox,1988-08-22,False
David Bielkheden,david bielkheden,David,Bielkheden,,70.0,155.0,71.0,Orthodox,1979-06-06,False
Blake Bilder,blake bilder,Blake,Bilder,El Animal,68.0,145.0,68.0,Switch,1990-07-12,False
Jonas Bilharinho,jonas bilharinho,Jonas,Bilharinho,,71.0,145.0,75.0,Switch,1990-05-22,False
Jeremiah Billington,jeremiah billington,Jeremiah,Billington,,69.0,205.0,,Orthodox,1977-11-14,False
Scott Bills,scott bills,Scott,Bills,,70.0,170.0,,,,False
Anthony Birchak,anthony birchak,Anthony,Birchak,El Toro,68.0,135.0,69.0,Orthodox,1986-05-16,False
Chris Birchler,chris birchler,Chris,Birchler,The Big Buck,75.0,205.0,,Switch,1987-06-05,True
Angad Bisht,angad bisht,Angad,Bisht,,67.0,125.0,67.0,Orthodox,1995-06-05,False
Michael Bisping,michael bisping,Michael,Bisping,The Count,73.0,185.0,75.0,Orthodox,1979-02-28,False
Amaury Bitetti,amaury bitetti,Amaury,Bitetti,,69.0,185.0,,Orthodox,,False
Caio Bittencourt,caio bittencourt,Caio,Bittencourt,Leao,72.0,185.0,75.0,Orthodox,1991-05-22,False
Davi Bittencourt,davi bittencourt,Davi,Bittencourt,The Black,65.0,135.0,65.0,Orthodox,1994-10-12,False
Simon Biyong,simon biyong,Simon,Biyong,,,205.0,,,1991-04-05,True
Jan Blachowicz,jan blachowicz,Jan,Blachowicz,,74.0,205.0,78.0,Orthodox,1983-02-24,False
Jason Black,jason black,Jason,Black,The Black Legion,68.0,155.0,,Orthodox,2072-07-15,False
Brad Blackburn,brad blackburn,Brad,Blackburn,Bad Brad,70.0,170.0,73.0,Orthodox,1977-05-25,False
Jason Blackford,jason blackford,Jason,Blackford,,,,,,,False
Tom Blackledge,tom blackledge,Tom,Blackledge,,,205.0,,Orthodox,,False
Sherrard Blackledge,sherrard blackledge,Sherrard,Blackledge,The Thriller,71.0,155.0,75.0,Orthodox,1993-08-16,True
Da'Mon Blackshear,da mon blackshear,Da'Mon,Blackshear,The Monster,70.0,135.0,72.0,Switch,1994-08-12,True
Chasen Blair,chasen blair,Chasen,Blair,Mestizo,70.0,155.0,71.0,Orthodox,1998-10-14,False
Erin Blanchfield,erin blanchfield,Erin,Blanchfield,Cold Blooded,64.0,125.0,66.0,Orthodox,1999-05-04,True
Maximo Blanco,maximo blanco,Maximo,Blanco,Maxi,68.0,145.0,71.0,Orthodox,1983-10-16,False
David Blanco,david blanco,David,Blanco,,67.0,145.0,,,,False
Curtis Blaydes,curtis blaydes,Curtis,Blaydes,Razor,76.0,265.0,80.0,Orthodox,1991-02-18,True
Tereza Bleda,tereza bleda,Tereza,Bleda,,69.0,125.0,71.0,Orthodox,2001-11-30,True
Arlene Blencowe,arlene blencowe,Arlene,Blencowe,Angerfist,65.0,145.0,,,1983-04-11,False
Byron Bloodworth,byron bloodworth,Byron,Bloodworth,,68.0,135.0,,Orthodox,1983-08-16,False
Dashawn Boatwright,dashawn boatwright,Dashawn,Boatwright,Buck the 400-pound Silverback,72.0,205.0,,Orthodox,1988-02-29,True
Dan Bobish,dan bobish,Dan,Bobish,,74.0,345.0,,Southpaw,2070-01-26,False
Mark Bocek,mark bocek,Mark,Bocek,,68.0,155.0,75.0,Orthodox,1981-10-24,False
Kyle Bochniak,kyle bochniak,Kyle,Bochniak,Killer B,67.0,145.0,70.0,Orthodox,1987-02-05,False
James Bochnovic,james bochnovic,James,Bochnovic,,76.0,205.0,81.0,Orthodox,1989-02-13,False
Jeremy Boczulak,jeremy boczulak,Jeremy,Boczulak,,,,,,,False
Tim Boetsch,tim boetsch,Tim,Boetsch,The Barbarian,72.0,185.0,74.0,Orthodox,1981-01-28,False
Galore Bofando,galore bofando,Galore,Bofando,,71.0,170.0,72.0,Switch,1982-05-22,False
Jay Bogan,jay bogan,Jay,Bogan,,,145.0,,,,False
Roman Bogatov,roman bogatov,Roman,Bogatov,,68.0,155.0,73.0,Orthodox,1990-12-15,False
Derek Bohi,derek bohi,Derek,Bohi,Marshmallow,76.0,260.0,,,,False
Jerry Bohlander,jerry bohlander,Jerry,Bohlander,,71.0,199.0,,Orthodox,2074-02-12,False
Mandy Bohm,mandy bohm,Mandy,Bohm,Monster,67.0,125.0,71.0,Orthodox,1989-07-30,True
Kotetsu Boku,kotetsu boku,Kotetsu,Boku,,69.0,154.0,,Orthodox,1977-05-27,False
Gaston Bolanos,gaston bolanos,Gaston,Bolanos,The Dreamkiller,67.0,135.0,69.0,Orthodox,1992-09-14,True
Kyle Bolt,kyle bolt,Kyle,Bolt,,74.0,185.0,,,,False
Denys Bondar,denys bondar,Denys,Bondar,Psycho,66.0,125.0,69.0,Orthodox,1992-06-27,True
Luc Bondole,luc bondole,Luc,Bondole,,74.0,205.0,,,,False
Tony Bonello,tony bonello,Tony,Bonello,The Gun,74.0,185.0,,,,False
Gabriel Bonfim,gabriel bonfim,Gabriel,Bonfim,Marretinha,73.0,170.0,72.0,Orthodox,1997-08-20,True
Ismael Bonfim,ismael bonfim,Ismael,Bonfim,Marreta,68.0,155.0,71.0,Orthodox,1995-12-28,True
Jesse Bongfeldt,jesse bongfeldt,Jesse,Bongfeldt,Water,72.0,185.0,,Orthodox,1980-08-28,False
Marcos Bonilla,marcos bonilla,Marcos,Bonilla,Murder Marx,70.0,145.0,,,,False
Stephan Bonnar,stephan bonnar,Stephan,Bonnar,The American Psycho,76.0,205.0,79.0,Orthodox,1977-04-04,False
Rogerio Bontorin,rogerio bontorin,Rogerio,Bontorin,,65.0,125.0,67.0,Orthodox,1992-04-25,False
Ray Borg,ray borg,Ray,Borg,The Tazmexican Devil,64.0,135.0,63.0,Orthodox,1993-08-04,False
Igor Borisov,igor borisov,Igor,Borisov,,72.0,235.0,,Orthodox,,False
Kevin Borjas,kevin borjas,Kevin,Borjas,El Gallo Negro,65.0,125.0,68.0,Orthodox,1997-12-06,True
Calen Born,calen born,Calen,Born,,68.0,170.0,72.0,Switch,1988-05-24,False
Caio Borralho,caio borralho,Caio,Borralho,The Natural,73.0,185.0,75.0,Southpaw,1993-01-16,True
Zachary Borrego,zachary borrego,Zachary,Borrego,The Dragon,74.0,185.0,78.0,Switch,1996-07-18,False
Viacheslav Borshchev,viacheslav borshchev,Viacheslav,Borshchev,Slava Claus,71.0,155.0,69.0,Orthodox,1992-01-08,False
Tanner Boser,tanner boser,Tanner,Boser,The Bulldozer,74.0,205.0,75.0,Orthodox,1991-08-02,True
Steve Bosse,steve bosse,Steve,Bosse,The Boss,71.0,205.0,72.0,Orthodox,1981-07-29,False
Marcus Bossett,marcus bossett,Marcus,Bossett,The Grasshopper,73.0,215.0,,Orthodox,,False
Chris Bostick,chris bostick,Chris,Bostick,,,,,,,False
Poliana Botelho,poliana botelho,Poliana,Botelho,,68.0,125.0,67.0,Orthodox,1988-12-15,False
Francois Botha,francois botha,Francois,Botha,White Buffalo,74.0,260.0,,Orthodox,2068-09-28,False
Ilian Bouafia,ilian bouafia,Ilian,Bouafia,The Gorilla,77.0,185.0,78.0,Southpaw,1996-11-13,False
Gregory Bouchelaghem,gregory bouchelaghem,Gregory,Bouchelaghem,,74.0,183.0,,Switch,,False
Roy Boughton,roy boughton,Roy,Boughton,Black Dynamite,72.0,205.0,,,,False
Rich Bouphanouvong,rich bouphanouvong,Rich,Bouphanouvong,,67.0,170.0,,,,False
Mike Bourke,mike bourke,Mike,Bourke,The Rhino,72.0,275.0,,Orthodox,,False
Jess Bouscal,jess bouscal,Jess,Bouscal,,,155.0,,,,False
Tai Bowden,tai bowden,Tai,Bowden,,71.0,230.0,,,,False
Melton Bowen,melton bowen,Melton,Bowen,The Punisher,72.0,225.0,,Orthodox,2069-07-16,False
Kyron Bowen,kyron bowen,Kyron,Bowen,Bullseye,75.0,185.0,73.0,Orthodox,1993-12-22,False
Brian Bowles,brian bowles,Brian,Bowles,,67.0,135.0,70.0,Orthodox,1980-06-22,False
Roger Bowling,roger bowling,Roger,Bowling,Relentless,69.0,155.0,68.0,Orthodox,1982-12-05,False
Blake Bowman,blake bowman,Blake,Bowman,,74.0,170.0,,,,False
Ashe Bowman,ashe bowman,Ashe,Bowman,The Archer,69.0,155.0,,,1976-11-17,False
Anvar Boynazarov,anvar boynazarov,Anvar,Boynazarov,The Uzbek,69.0,145.0,,Orthodox,1989-01-10,True
Colley  Bradford,colley bradford,Colley ,Bradford,,,,,,,False
Kyle Bradley,kyle bradley,Kyle,Bradley,,69.0,155.0,71.0,Orthodox,1982-08-19,False
Paul Bradley,paul bradley,Paul,Bradley,The Gentleman,69.0,170.0,,Orthodox,1983-06-13,False
Sean Brady,sean brady,Sean,Brady,,70.0,170.0,72.0,Orthodox,1992-11-23,True
Ebenezer Fontes Braga,ebenezer fontes braga,Ebenezer Fontes,Braga,Pitbull,72.0,199.0,,Orthodox,2069-04-14,False
Ramiz Brahimaj,ramiz brahimaj,Ramiz,Brahimaj,,70.0,170.0,72.0,Orthodox,1992-11-17,True
Adam Bramhald,adam bramhald,Adam,Bramhald,Samurai,70.0,135.0,70.0,Orthodox,1994-03-24,False
Joe Brammer,joe brammer,Joe,Brammer,The South Side Strangler,68.0,155.0,,Orthodox,1983-08-23,False
David Branch,david branch,David,Branch,,73.0,185.0,78.0,Orthodox,1981-09-26,False
Billy Brand,billy brand,Billy,Brand,,66.0,135.0,65.0,Orthodox,1996-07-03,False
Diego Brandao,diego brandao,Diego,Brandao,DB,67.0,145.0,64.0,Orthodox,1987-05-27,False
Bruna Brasil,bruna brasil,Bruna,Brasil,,66.0,115.0,65.0,Orthodox,1993-09-07,True
Michael Bravo,michael bravo,Michael,Bravo,,,155.0,,,,False
Martin Bravo,martin bravo,Martin,Bravo,El Toro,68.0,145.0,71.0,Southpaw,1993-09-21,False
Roman Bravo-Young,roman bravo young,Roman,Bravo-Young,,,205.0,,,,False
Mike Breeden,mike breeden,Mike,Breeden,Money,70.0,155.0,70.0,Orthodox,1989-04-21,False
Tom Breese,tom breese,Tom,Breese,,75.0,185.0,73.0,Southpaw,1991-09-26,False
Elves Brener,elves brener,Elves,Brener,,70.0,155.0,72.0,Orthodox,1997-09-27,True
Chris Brennan,chris brennan,Chris,Brennan,The Westside Strangler,68.0,170.0,,Orthodox,2071-10-12,False
Charlie Brenneman,charlie brenneman,Charlie,Brenneman,The Spaniard,70.0,155.0,70.0,Orthodox,1981-02-09,False
Robert Breslin,robert breslin,Robert,Breslin,The Bullet,71.0,155.0,,,,False
Mack Brewer,mack brewer,Mack,Brewer,,,205.0,,,,False
Marcos Brigagao,marcos brigagao,Marcos,Brigagao,Ironside,75.0,205.0,76.0,Southpaw,1996-04-01,True
Jason Brilz,jason brilz,Jason,Brilz,Hitman,71.0,205.0,71.0,Orthodox,2075-07-07,False
Marcus Brimage,marcus brimage,Marcus,Brimage,The Bama Beast,64.0,135.0,71.0,Southpaw,1985-04-06,False
Aaron Brink,aaron brink,Aaron,Brink,,75.0,205.0,,Orthodox,2074-11-12,False
Henry Briones,henry briones,Henry,Briones,Bure,68.0,135.0,69.0,Orthodox,1980-10-22,False
Marcelo Brito,marcelo brito,Marcelo,Brito,Jungle Boy,73.0,170.0,,Orthodox,1977-11-27,False
Joanderson Brito,joanderson brito,Joanderson,Brito,Tubarao,68.0,145.0,72.0,Orthodox,1995-02-11,True
Kaik Brito,kaik brito,Kaik,Brito,,71.0,170.0,72.0,Orthodox,1997-03-26,True
Icaro Brito,icaro brito,Icaro,Brito,,,145.0,,,1999-03-09,False
Antwain Britt,antwain britt,Antwain,Britt,The Juggernaut,73.0,205.0,77.0,,1978-05-09,False
Drew Brokenshire,drew brokenshire,Drew,Brokenshire,,,,,,,False
Mike Bronzoulis,mike bronzoulis,Mike,Bronzoulis,The Greek,72.0,155.0,,,1979-01-05,False
Jonathan Brookins,jonathan brookins,Jonathan,Brookins,,72.0,145.0,74.0,Southpaw,1985-08-13,False
Will Brooks,will brooks,Will,Brooks,Ill,70.0,155.0,72.0,Orthodox,1986-10-08,False
Jarred Brooks,jarred brooks,Jarred,Brooks,The Monkey God,63.0,125.0,62.0,Switch,1993-05-02,False
Rob Broughton,rob broughton,Rob,Broughton,The Bear,74.0,265.0,74.0,Orthodox,1983-03-03,False
Lee Brousseau,lee brousseau,Lee,Brousseau,Manimal,73.0,205.0,,,2074-10-04,False
Matt Brown,matt brown,Matt,Brown,The Immortal,72.0,170.0,75.0,Orthodox,1981-01-10,False
Mike Brown,mike brown,Mike,Brown,,66.0,145.0,70.0,Orthodox,2075-09-08,False
Dominic Brown,dominic brown,Dominic,Brown,,71.0,190.0,,,1982-06-04,False
Todd Brown,todd brown,Todd,Brown,Bulldog,71.0,205.0,,Orthodox,1976-12-13,False
Terrell Brown,terrell brown,Terrell,Brown,,,185.0,,,1983-04-13,False
Chris Brown,chris brown,Chris,Brown,,,170.0,,,,False
Frederick Brown,frederick brown,Frederick,Brown,,72.0,235.0,,,,False
Randy Brown,randy brown,Randy,Brown,Rudeboy,75.0,170.0,78.0,Orthodox,1990-07-08,True
Damien Brown,damien brown,Damien,Brown,Beatdown,70.0,155.0,68.0,Orthodox,1984-12-25,False
TJ Brown,tj brown,TJ,Brown,Downtown,69.0,145.0,72.0,Switch,1990-05-22,False
Humberto Brown Morrison,humberto brown morrison,Humberto,Brown Morrison,,70.0,145.0,,,1984-11-03,False
Travis Browne,travis browne,Travis,Browne,Hapa,78.0,255.0,79.0,Orthodox,1982-07-17,True
Junie Browning,junie browning,Junie,Browning,,69.0,155.0,,Orthodox,1984-05-12,False
Jules Bruchez,jules bruchez,Jules,Bruchez,,72.0,205.0,,Southpaw,1977-08-16,False
Justin Bruckmann,justin bruckmann,Justin,Bruckmann,Loaf,69.0,170.0,,Orthodox,,False
Cody Brundage,cody brundage,Cody,Brundage,,72.0,185.0,72.0,Orthodox,1994-05-16,True
Steve Bruno,steve bruno,Steve,Bruno,Hollywood,70.0,170.0,,Orthodox,1981-11-03,False
Fernando Bruno,fernando bruno,Fernando,Bruno,Acougueiro,66.0,145.0,,,1982-02-24,False
Derek Brunson,derek brunson,Derek,Brunson,The One,73.0,185.0,77.0,Southpaw,1984-01-04,False
Josh Bryant,josh bryant,Josh,Bryant,The Beast,70.0,185.0,,Orthodox,1980-04-23,False
Dennis Bryant,dennis bryant,Dennis,Bryant,The Beard,72.0,205.0,,Orthodox,1985-10-18,False
Robert Bryczek,robert bryczek,Robert,Bryczek,,72.0,185.0,75.0,Orthodox,1990-07-04,True
Lukasz Brzeski,lukasz brzeski,Lukasz,Brzeski,The Bull,75.0,236.0,78.0,Orthodox,1992-05-17,False
Marcus Buchecha,marcus buchecha,Marcus,Buchecha,,74.0,255.0,77.0,Orthodox,1990-01-08,True
Justin Buchholz,justin buchholz,Justin,Buchholz,,72.0,155.0,73.0,Orthodox,1983-08-22,False
Zak Bucia,zak bucia,Zak,Bucia,,70.0,170.0,,,,False
Courtney Buck,courtney buck,Courtney,Buck,,70.0,135.0,,Orthodox,1982-03-19,False
Joaquin Buckley,joaquin buckley,Joaquin,Buckley,New Mansa,70.0,170.0,76.0,Southpaw,1994-04-27,True
Martin Buday,martin buday,Martin,Buday,Badys,76.0,265.0,77.0,Orthodox,1991-11-11,False
Julia Budd,julia budd,Julia,Budd,,67.0,145.0,67.0,,1983-07-04,False
Dylan Budka,dylan budka,Dylan,Budka,The Mindless Hulk,72.0,185.0,75.0,Switch,2000-01-14,False
Mike Budnik,mike budnik,Mike,Budnik,,69.0,145.0,68.0,Orthodox,2074-08-08,False
Francisco Bueno,francisco bueno,Francisco,Bueno,,69.0,225.0,,Orthodox,,False
Mayra Bueno Silva,mayra bueno silva,Mayra,Bueno Silva,Sheetara,66.0,125.0,66.0,Orthodox,1991-08-22,True
Paul Buentello,paul buentello,Paul,Buentello,The Headhunter,74.0,245.0,77.0,Orthodox,2074-01-16,False
Marek Bujlo,marek bujlo,Marek,Bujlo,Bujdzilla,,265.0,,Orthodox,1992-10-10,False
Modestas Bukauskas,modestas bukauskas,Modestas,Bukauskas,The Baltic Gladiator,75.0,205.0,78.0,Switch,1994-02-10,True
Lee Kwan Bum,lee kwan bum,Lee Kwan,Bum,,74.0,286.0,,Orthodox,,False
Josh Bumgarner,josh bumgarner,Josh,Bumgarner,,73.0,170.0,,,,False
Shawn Bunch,shawn bunch,Shawn,Bunch,Bunch the Great,65.0,135.0,,,1983-03-19,False
Felipe Bunes,felipe bunes,Felipe,Bunes,Felipinho,67.0,125.0,69.0,Orthodox,1989-10-29,False
Shane Burgos,shane burgos,Shane,Burgos,Hurricane,71.0,145.0,75.0,Orthodox,1991-03-19,False
Joshua Burkman,joshua burkman,Joshua,Burkman,The People's Warrior,70.0,170.0,72.0,Orthodox,1980-04-10,False
Justin Burlinson,justin burlinson,Justin,Burlinson,,73.0,170.0,74.0,Switch,1997-05-19,True
Mads Burnell,mads burnell,Mads,Burnell,,68.0,145.0,69.0,Orthodox,1994-03-06,False
Mikey Burnett,mikey burnett,Mikey,Burnett,The Eastside Assassin,66.0,170.0,,Orthodox,2074-04-12,False
Kevin Burns,kevin burns,Kevin,Burns,The Fire,70.0,170.0,74.0,Orthodox,1980-03-03,False
Gilbert Burns,gilbert burns,Gilbert,Burns,Durinho,70.0,170.0,71.0,Orthodox,1986-07-20,True
Josh Burns,josh burns,Josh,Burns,The Hammer,73.0,244.0,,,1978-05-15,False
Herbert Burns,herbert burns,Herbert,Burns,The Blaze,69.0,145.0,73.0,Orthodox,1988-02-02,False
Derrick Burnsed,derrick burnsed,Derrick,Burnsed,,,155.0,,,,False
Nah-Shon Burrell,nah shon burrell,Nah-Shon,Burrell,The Rock n Rolla,71.0,170.0,,Orthodox,1990-02-05,False
Martin Buschkamp,martin buschkamp,Martin,Buschkamp,,69.0,145.0,,Orthodox,1991-01-06,False
George Bush,george bush,George,Bush,,73.0,205.0,,,,False
Bubba Bush,bubba bush,Bubba,Bush,The Fightin' Texas Aggie,72.0,185.0,,Orthodox,1985-07-24,False
Dakota Bush,dakota bush,Dakota,Bush,,70.0,155.0,73.0,Orthodox,1994-06-09,False
Murilo Bustamante,murilo bustamante,Murilo,Bustamante,,74.0,183.0,,Orthodox,2066-07-30,False
Nick Bustamante,nick bustamante,Nick,Bustamante,,69.0,170.0,,,,False
Eduardo Bustillos,eduardo bustillos,Eduardo,Bustillos,,68.0,135.0,,,1987-06-02,False
Jason Butcher,jason butcher,Jason,Butcher,,75.0,185.0,,,1984-10-23,False
Todd Butler,todd butler,Todd,Butler,,73.0,200.0,,Southpaw,,False
Goldman Butler,goldman butler,Goldman,Butler,,,,,,,False
Ian Butler,ian butler,Ian,Butler,,68.0,155.0,,,,False
Raphael Butler,raphael butler,Raphael,Butler,The Silencer,75.0,261.0,,,1984-01-04,False
Jesse Butler,jesse butler,Jesse,Butler,,70.0,135.0,73.0,Orthodox,1992-05-24,False
JP Buys,jp buys,JP,Buys,Young Savage,65.0,135.0,67.0,Orthodox,1996-04-30,True
Dennis Buzukja,dennis buzukja,Dennis,Buzukja,The Great,69.0,145.0,70.0,Switch,1997-10-01,True
Charles Byrd,charles byrd,Charles,Byrd,Kid Dynamite,70.0,185.0,73.0,Orthodox,1983-10-11,False
Steve Byrnes,steve byrnes,Steve,Byrnes,The Sergeant,72.0,170.0,,Orthodox,,False
Michael Byrnes,michael byrnes,Michael,Byrnes,,71.0,155.0,,,1990-07-17,False
Yan Cabral,yan cabral,Yan,Cabral,,71.0,155.0,73.0,Orthodox,1983-05-13,False
Juan Cabrera,juan cabrera,Juan,Cabrera,Papi Juancho,,185.0,,,2004-02-19,False
Alvin Cacdac,alvin cacdac,Alvin,Cacdac,,66.0,125.0,,Orthodox,,False
Alex Caceres,alex caceres,Alex,Caceres,Bruce Leeroy,70.0,145.0,73.0,Southpaw,1988-06-20,False
Vince Cachero,vince cachero,Vince,Cachero,The Anomaly,66.0,145.0,68.0,Orthodox,1989-11-07,False
Priscila Cachoeira,priscila cachoeira,Priscila,Cachoeira,Zombie Girl,67.0,135.0,65.0,Orthodox,1988-08-19,True
Travis Calanoc,travis calanoc,Travis,Calanoc,The Dark Knight,68.0,145.0,,Orthodox,,False
Ricky Calatayud,ricky calatayud,Ricky,Calatayud,,69.0,125.0,,,1982-10-10,True
Lucas Caldas,lucas caldas,Lucas,Caldas,,,170.0,,,1996-05-22,False
Carlos Calderon,carlos calderon,Carlos,Calderon,Chief,71.0,145.0,71.0,Southpaw,1996-02-10,False
Darrion Caldwell,darrion caldwell,Darrion,Caldwell,The Wolf,70.0,135.0,,,1987-12-19,False
Nicolle Caliari,nicolle caliari,Nicolle,Caliari,,63.0,125.0,62.0,Orthodox,1996-11-04,True
Taylor Callens,taylor callens,Taylor,Callens,,70.0,155.0,,,1991-05-21,False
Cynthia Calvillo,cynthia calvillo,Cynthia,Calvillo,,64.0,115.0,64.0,Orthodox,1987-07-13,True
Joe Camacho,joe camacho,Joe,Camacho,,69.0,155.0,,Orthodox,2072-03-10,False
Frank Camacho,frank camacho,Frank,Camacho,The Crank,70.0,155.0,73.0,Orthodox,1989-05-18,False
Lucas Camacho,lucas camacho,Lucas,Camacho,,76.0,265.0,80.0,Orthodox,1992-12-15,False
Matheus Camilo,matheus camilo,Matheus,Camilo,Jaguar,70.0,155.0,69.0,Orthodox,2001-01-02,True
Fabricio Camoes,fabricio camoes,Fabricio,Camoes,Morango,70.0,155.0,71.0,Orthodox,1978-12-23,False
Chris Camozzi,chris camozzi,Chris,Camozzi,,74.0,185.0,75.0,Orthodox,1986-11-20,False
Brian Camozzi,brian camozzi,Brian,Camozzi,Mantis,74.0,170.0,78.0,Orthodox,1991-06-24,False
Ricky Camp,ricky camp,Ricky,Camp,2 Slick,67.0,135.0,,,,False
Mike Campbell,mike campbell,Mike,Campbell,The Beast,69.0,155.0,,Southpaw,,False
Thomas Campbell,thomas campbell,Thomas,Campbell,,,,,,,False
Shane Campbell,shane campbell,Shane,Campbell,Shaolin,72.0,155.0,71.0,Orthodox,1987-01-21,False
Charlie Campbell,charlie campbell,Charlie,Campbell,The Cannibal,72.0,155.0,72.0,Orthodox,1995-07-03,True
Kitt Campbell,kitt campbell,Kitt,Campbell,The Killer,73.0,170.0,73.0,Orthodox,1994-06-26,True
Kurtis Campbell,kurtis campbell,Kurtis,Campbell,The Pink Panther,,145.0,,,2002-07-29,True
John Campetella,john campetella,John,Campetella,,69.0,235.0,,Orthodox,,False
Wagner Campos,wagner campos,Wagner,Campos,Galeto,66.0,145.0,,Southpaw,1981-07-31,False
Derek Campos,derek campos,Derek,Campos,The Stallion,69.0,155.0,,,1988-04-01,False
Will Campuzano,will campuzano,Will,Campuzano,,69.0,125.0,70.0,Orthodox,1986-05-27,False
Aleksa Camur,aleksa camur,Aleksa,Camur,,73.0,205.0,74.0,Orthodox,1995-09-25,True
Chico Camus,chico camus,Chico,Camus,The King,66.0,125.0,66.0,Orthodox,1985-01-26,False
Asbel Cancio,asbel cancio,Asbel,Cancio,,70.0,225.0,,,,False
Carlos Candelario,carlos candelario,Carlos,Candelario,The Cannon,68.0,125.0,68.0,Southpaw,1991-06-04,True
Ronaldo Candido,ronaldo candido,Ronaldo,Candido,Pacman,66.0,125.0,,Southpaw,1989-04-24,False
Luiz Cane,luiz cane,Luiz,Cane,Banha,74.0,185.0,77.0,Southpaw,1981-04-24,False
Guido Cannetti,guido cannetti,Guido,Cannetti,Ninja,66.0,135.0,68.0,Southpaw,1979-12-19,False
Jared Cannonier,jared cannonier,Jared,Cannonier,The Killa Gorilla,71.0,185.0,77.0,Switch,1984-03-16,True
Jose Canseco,jose canseco,Jose,Canseco,,76.0,240.0,,Orthodox,2064-07-02,False
Cody Canterbury,cody canterbury,Cody,Canterbury,,68.0,155.0,,,,False
Bo Cantrell,bo cantrell,Bo,Cantrell,Redrum,74.0,235.0,,Orthodox,2069-02-08,False
Steve Cantwell,steve cantwell,Steve,Cantwell,The Robot,74.0,185.0,75.0,Orthodox,1986-12-08,False
Paul Capaldo,paul capaldo,Paul,Capaldo,,67.0,135.0,,,1996-12-27,False
Phil Caracappa,phil caracappa,Phil,Caracappa,The Hitman,68.0,135.0,70.0,Orthodox,1992-06-05,False
Frank Caracci,frank caracci,Frank,Caracci,,,,,,,False
Gina Carano,gina carano,Gina,Carano,Conviction,68.0,145.0,,Orthodox,1982-04-16,False
Dos Caras Jr.,dos caras jr,Dos,Caras Jr.,,76.0,225.0,,Orthodox,1977-05-25,False
Bryan Caraway,bryan caraway,Bryan,Caraway,Kid Lightning,68.0,135.0,68.0,Orthodox,1984-08-04,False
Remo Cardarelli,remo cardarelli,Remo,Cardarelli,,,135.0,,,,False
Phil Cardella,phil cardella,Phil,Cardella,,71.0,155.0,,,1976-07-09,False
Edgar Cardenas,edgar cardenas,Edgar,Cardenas,Kitty Katt,,145.0,,,,False
Chris Cariaso,chris cariaso,Chris,Cariaso,Kamikaze,63.0,125.0,64.0,Southpaw,1981-05-27,False
Ronald Carillo,ronald carillo,Ronald,Carillo,,,125.0,,,,False
Rafael Carino,rafael carino,Rafael,Carino,,80.0,245.0,,Orthodox,,False
Don Carlo-Clauss,don carlo clauss,Don,Carlo-Clauss,,,170.0,,,,False
Antonio Carlos Junior,antonio carlos junior,Antonio,Carlos Junior,Cara de Sapato,74.0,185.0,79.0,Orthodox,1990-03-16,False
Spike Carlyle,spike carlyle,Spike,Carlyle,Alpha Ginger,68.0,145.0,71.0,Switch,1993-05-06,False
Francis Carmont,francis carmont,Francis,Carmont,Limitless,75.0,205.0,78.0,Orthodox,1981-10-11,False
Liz Carmouche,liz carmouche,Liz,Carmouche,Girlrilla,66.0,125.0,66.0,Orthodox,1984-02-19,False
Roan Carneiro,roan carneiro,Roan,Carneiro,Jucao,71.0,170.0,76.0,Orthodox,1978-06-02,False
Ariane Carnelossi,ariane carnelossi,Ariane,Carnelossi,Sorriso,62.0,115.0,61.0,Orthodox,1992-11-17,True
Luana Carolina,luana carolina,Luana,Carolina,Dread,66.0,135.0,69.0,Orthodox,1993-06-11,True
Tim Caron,tim caron,Tim,Caron,The Bear,73.0,185.0,,Orthodox,1987-07-24,False
Clayton Carpenter,clayton carpenter,Clayton,Carpenter,,66.0,125.0,66.0,Orthodox,1996-06-09,True
Gabriel Carrasco,gabriel carrasco,Gabriel,Carrasco,,66.0,135.0,,,,False
Cody Carrillo,cody carrillo,Cody,Carrillo,,70.0,155.0,,,,False
Cain Carrizosa,cain carrizosa,Cain,Carrizosa,The Insane,68.0,155.0,,Orthodox,1986-07-22,False
Roger Carroll,roger carroll,Roger,Carroll,The Leprechaun,70.0,170.0,,,,False
Jonny Carson,jonny carson,Jonny,Carson,,70.0,155.0,,,,False
Scott Carson,scott carson,Scott,Carson,,74.0,215.0,,,,False
Shonie Carter,shonie carter,Shonie,Carter,Mr. International,70.0,170.0,,Southpaw,2072-05-03,False
Jack Cartwright,jack cartwright,Jack,Cartwright,,69.0,135.0,68.0,Orthodox,1994-05-26,True
Bruno Carvalho,bruno carvalho,Bruno,Carvalho,,68.0,154.0,,,1982-06-07,False
Antonio Carvalho,antonio carvalho,Antonio,Carvalho,Pato,69.0,145.0,70.0,Orthodox,1979-05-30,False
Rafael Carvalho,rafael carvalho,Rafael,Carvalho,,75.0,185.0,,,1986-07-27,False
Shane Carwin,shane carwin,Shane,Carwin,The Engineer,74.0,265.0,80.0,Orthodox,2075-01-04,False
Johnny Case,johnny case,Johnny,Case,Hollywood,70.0,155.0,72.0,Orthodox,1989-06-28,False
Kevin Casey,kevin casey,Kevin,Casey,King,71.0,185.0,77.0,Southpaw,1981-06-15,False
Cortney Casey,cortney casey,Cortney,Casey,Cast Iron,67.0,125.0,67.0,Orthodox,1987-05-05,True
Brandon Cash,brandon cash,Brandon,Cash,Money,77.0,255.0,,Orthodox,,False
Bendy Casimir,bendy casimir,Bendy,Casimir,,65.0,145.0,,Southpaw,1980-06-10,False
Dwayne Cason,dwayne cason,Dwayne,Cason,,70.0,212.0,,Orthodox,,False
Joe Cason,joe cason,Joe,Cason,,75.0,205.0,,,1988-01-19,False
John Castaneda,john castaneda,John,Castaneda,Sexi Mexi,66.0,135.0,71.0,Switch,1991-12-18,True
Eric Castile,eric castile,Eric,Castile,,68.0,145.0,,,,False
Gil Castillo,gil castillo,Gil,Castillo,,69.0,170.0,,Southpaw,2065-10-21,False
Danny Castillo,danny castillo,Danny,Castillo,Last Call,69.0,155.0,71.0,Orthodox,1979-08-25,False
Raul Castillo,raul castillo,Raul,Castillo,,71.0,185.0,,Orthodox,,False
Jenna Castillo,jenna castillo,Jenna,Castillo,,62.0,125.0,,,1982-05-05,False
Tim Catalfo,tim catalfo,Tim,Catalfo,Obake,71.0,235.0,,Orthodox,,False
Nick Catone,nick catone,Nick,Catone,The Jersey Devil,72.0,185.0,72.0,Southpaw,1981-09-01,False
Luke Caudillo,luke caudillo,Luke,Caudillo,Lil' Hulk,67.0,155.0,,Orthodox,1980-11-30,False
Gesias Cavalcante,gesias cavalcante,Gesias,Cavalcante,JZ,68.0,155.0,71.0,Orthodox,1983-07-06,False
Rafael Cavalcante,rafael cavalcante,Rafael,Cavalcante,Feijao,73.0,205.0,74.0,Orthodox,1980-04-14,False
Jacqueline Cavalcanti,jacqueline cavalcanti,Jacqueline,Cavalcanti,,68.0,135.0,70.0,Orthodox,1997-08-29,True
Igor Cavalcanti,igor cavalcanti,Igor,Cavalcanti,Jacare,71.0,170.0,79.0,Orthodox,1997-10-10,False
Magnus Cedenblad,magnus cedenblad,Magnus,Cedenblad,Jycken,77.0,185.0,79.0,Orthodox,1982-04-10,False
Yosdenis Cedeno,yosdenis cedeno,Yosdenis,Cedeno,Pink Panther,68.0,155.0,69.0,Orthodox,1985-02-12,False
Henry Cejudo,henry cejudo,Henry,Cejudo,Triple C,64.0,135.0,64.0,Orthodox,1987-02-09,False
Adam Cella,adam cella,Adam,Cella,El Naturel,74.0,170.0,,,1985-06-26,False
Vinicius Cenci,vinicius cenci,Vinicius,Cenci,Chambinho,73.0,155.0,74.0,Orthodox,1995-11-24,True
Katlyn Cerminara,katlyn cerminara,Katlyn,Cerminara,Blonde Fighter,69.0,125.0,68.0,Orthodox,1988-12-28,True
Rafael Cerqueira,rafael cerquiera,Rafael,Cerqueira,The Lion,75.0,205.0,76.0,Southpaw,1990-03-15,False
Donald Cerrone,donald cerrone,Donald,Cerrone,Cowboy,73.0,155.0,73.0,Orthodox,1983-03-29,False
Jared Chaffee,jared chaffee,Jared,Chaffee,,70.0,155.0,,,1984-12-15,False
Luan Chagas,luan chagas,Luan,Chagas,Tarzan,72.0,170.0,75.0,Orthodox,1993-06-17,False
Edgar Chairez,edgar chairez,Edgar,Chairez,Puro Chicali,67.0,125.0,71.0,Orthodox,1996-01-27,True
Ansar Chalangov,ansar chalangov,Ansar,Chalangov,,69.0,170.0,,Orthodox,1979-10-30,False
Alex Chambers,alex chambers,Alex,Chambers,Astro Girl,63.0,115.0,63.0,Southpaw,1978-10-25,False
Michael Chandler,michael chandler,Michael,Chandler,Iron,68.0,155.0,71.0,Orthodox,1986-04-24,True
Chelsea Chandler,chelsea chandler,Chelsea,Chandler,,68.0,135.0,68.0,Southpaw,1990-11-23,True
Eduardo Chapolin,eduardo chapolin,Eduardo,Chapolin,,67.0,125.0,67.0,Orthodox,1995-11-23,False
Donnie Chappell,donnie chappell,Donnie,Chappell,,71.0,178.0,,Southpaw,,False
Joe Charles,joe charles,Joe,Charles,The Ghetto Man,73.0,260.0,,Southpaw,,False
Dan Charles,dan charles,Dan,Charles,The Man,74.0,228.0,,,1985-09-24,False
Morgan Charriere,morgan charriere,Morgan,Charriere,The Last Pirate,68.0,145.0,69.0,Orthodox,1995-10-26,True
Jeisla Chaves,jeisla chaves,Jeisla,Chaves,A Braba,,135.0,,,1997-02-02,True
Ernest Chavez,ernest chavez,Ernest,Chavez,EJ,68.0,145.0,70.0,Orthodox,1983-06-27,False
Emilio Chavez,emilio chavez,Emilio,Chavez,,69.0,145.0,,,,False
Danny Chavez,danny chavez,Danny,Chavez,The Colombian Warrior,68.0,145.0,67.0,Orthodox,1987-03-14,False
Gabriel Checco,gabriel checco,Gabriel,Checco,Zangief,73.0,185.0,,Switch,1986-04-03,False
Albert Cheng,albert cheng,Albert,Cheng,,71.0,170.0,,Orthodox,1985-02-07,False
Fabio Cherant,fabio cherant,Fabio,Cherant,Water Buffalo,73.0,205.0,74.0,Southpaw,1994-11-25,False
Ion Cherdivara,ion cherdivara,Ion,Cherdivara,,,205.0,,,,False
Mark Cherico,mark cherico,Mark,Cherico,The Pride of Bloomfield,67.0,145.0,69.0,Orthodox,1986-05-12,False
Macy Chiasson,macy chiasson,Macy,Chiasson,,71.0,135.0,72.0,Orthodox,1991-07-27,True
Michael Chiesa,michael chiesa,Michael,Chiesa,Maverick,73.0,170.0,75.0,Southpaw,1987-12-07,True
Giga Chikadze,giga chikadze,Giga,Chikadze,Ninja,72.0,145.0,74.0,Orthodox,1988-08-25,True
Khamzat Chimaev,khamzat chimaev,Khamzat,Chimaev,Borz,74.0,185.0,75.0,Orthodox,1994-05-01,True
Sako Chivitchian,sako chivitchian,Sako,Chivitchian,,71.0,155.0,,Orthodox,1984-03-11,False
Mu Bae Choi,mu bae choi,Mu Bae,Choi,,74.0,230.0,,Orthodox,2070-06-27,False
Hong Man Choi,hong man choi,Hong Man,Choi,Techno Goliath,86.0,330.0,,Orthodox,1980-10-30,False
Dooho Choi,dooho choi,Dooho,Choi,The Korean Superboy,70.0,145.0,70.0,Orthodox,1991-04-10,True
SeungWoo Choi,seungwoo choi,SeungWoo,Choi,Sting,72.0,145.0,74.0,Orthodox,1992-11-03,False
SeungGuk Choi,seungguk choi,SeungGuk,Choi,,66.0,125.0,64.0,Orthodox,1996-12-26,True
DongHun Choi,donghun choi,DongHun,Choi,,65.0,125.0,66.0,Switch,1999-01-02,True
Mark Choinski,mark choinski,Mark,Choinski,The Shark,68.0,155.0,69.0,Orthodox,1995-10-22,True
John Cholish,john cholish,John,Cholish,,71.0,155.0,74.0,Orthodox,1983-12-17,False
Ryo Chonan,ryo chonan,Ryo,Chonan,Piranah,69.0,170.0,70.0,Orthodox,1976-10-08,False
Will Chope,will chope,Will,Chope,The Kill,76.0,145.0,,Switch,1990-09-08,False
Cody Chovancek,cody chovancek,Cody,Chovancek,The Best Fisherman in MMA,,135.0,,,1998-07-24,True
Joachim Christensen,joachim christensen,Joachim,Christensen,,75.0,205.0,76.0,Orthodox,1978-11-07,False
Kevin Christian,kevin christian,Kevin,Christian,,79.0,205.0,80.0,Orthodox,1995-01-21,True
Dan Christison,dan christison,Dan,Christison,The Sandman,80.0,265.0,,Orthodox,2072-04-26,False
Anthony Christodoulou,anthony christodoulou,Anthony,Christodoulou,,69.0,155.0,,Orthodox,1987-07-30,False
Murad Chunkaiev,murad chunkaiev,Murad,Chunkaiev,,71.0,185.0,,Orthodox,,False
Cameron Church,cameron church,Cameron,Church,,71.0,155.0,72.0,Orthodox,1990-09-27,False
Steven Ciaccio,steven ciaccio,Steven,Ciaccio,Stryker,72.0,170.0,,,,False
Mike Ciesnolevicz,mike ciesnolevicz,Mike,Ciesnolevicz,,72.0,235.0,,Orthodox,1979-10-28,False
Hannah Cifers,hannah cifers,Hannah,Cifers,Shockwave,61.0,115.0,62.0,Orthodox,1992-06-26,False
Branko Cikatic,branko cikatic,Branko,Cikatic,,73.0,215.0,,Orthodox,2054-10-03,False
Nikolajus Cilkinas,nikolajus cilkinas,Nikolajus,Cilkinas,,,,,Orthodox,,False
Misha Cirkunov,misha cirkunov,Misha,Cirkunov,,75.0,205.0,77.0,Orthodox,1987-02-27,False
Johnny Cisneros,johnny cisneros,Johnny,Cisneros,The Tattooed Terror,71.0,170.0,,,1980-02-05,False
Laverne Clark,laverne clark,Laverne,Clark,,71.0,170.0,,Orthodox,2073-12-02,False
Logan Clark,logan clark,Logan,Clark,,74.0,185.0,,Orthodox,1985-02-16,False
Mychal Clark,mychal clark,Mychal,Clark,,75.0,224.0,,Orthodox,,False
Dominic Clark,dominic clark,Dominic,Clark,,70.0,155.0,,,1985-08-01,False
Heather Clark,heather clark,Heather,Clark,Hurricane,66.0,115.0,64.0,Orthodox,1980-09-19,False
Devin Clark,devin clark,Devin,Clark,Brown Bear,72.0,205.0,75.0,Orthodox,1990-04-12,True
Jessica-Rose Clark,jessica rose clark,Jessica-Rose,Clark,,65.0,135.0,64.0,Orthodox,1987-11-28,False
Shannon Clark,shannon clark,Shannon,Clark,MMA Barbie,65.0,125.0,64.0,Orthodox,1992-07-07,False
John Clarke,john clarke,John,Clarke,,,170.0,,,1977-08-15,False
Mitch Clarke,mitch clarke,Mitch,Clarke,Danger Zone,70.0,155.0,73.0,Orthodox,1985-11-24,False
Rich Clementi,rich clementi,Rich,Clementi,No Love,69.0,155.0,72.0,Southpaw,1976-03-31,False
Chris Clements,chris clements,Chris,Clements,The Menace,70.0,170.0,70.0,Orthodox,1976-02-09,False
RJ Clifford,rj clifford,RJ,Clifford,,,160.0,,,,False
Mark Climaco,mark climaco,Mark,Climaco,,64.0,125.0,65.0,Southpaw,1997-11-06,True
Josh Clopton,josh clopton,Josh,Clopton,The Gentleman,66.0,145.0,,Orthodox,1981-07-11,False
Brian Cobb,brian cobb,Brian,Cobb,,71.0,155.0,,Orthodox,,False
Darryl Cobb,darryl cobb,Darryl,Cobb,,69.0,185.0,,,1980-08-04,False
Dave Cochran,dave cochran,Dave,Cochran,,66.0,155.0,,,2073-05-10,False
Dakota Cochrane,dakota cochrane,Dakota,Cochrane,,68.0,155.0,,,1986-05-01,False
Marloes Coenen,marloes coenen,Marloes,Coenen,,69.0,145.0,67.0,,1981-03-31,False
Marc Cofer,marc cofer,Marc,Cofer,,,185.0,,,2072-03-03,False
John Cofer,john cofer,John,Cofer,The Potter,69.0,155.0,,Southpaw,1984-04-29,False
Chris Coggins,chris coggins,Chris,Coggins,,,,,,,False
Felipe Colares,felipe colares,Felipe,Colares,Cabocao,68.0,145.0,69.0,Orthodox,1994-03-31,False
Wayne Cole,wayne cole,Wayne,Cole,,73.0,205.0,,Orthodox,,False
Devin Cole,devin cole,Devin,Cole,,76.0,240.0,,Orthodox,1976-10-01,False
Coltin Cole,coltin cole,Coltin,Cole,,,185.0,,,1989-04-24,True
Ivan Cole,ivan cole,Ivan,Cole,JP,69.0,135.0,,,1990-11-30,False
Chandler Cole,chandler cole,Chandler,Cole,The Hammer,70.0,264.0,72.0,Orthodox,1995-01-09,True
Mark Coleman,mark coleman,Mark,Coleman,The Hammer,73.0,205.0,75.0,Orthodox,2064-12-20,False
Cortez Coleman,cortez coleman,Cortez,Coleman,Hollywood,73.0,185.0,,,1982-01-28,False
Clay Collard,clay collard,Clay,Collard,Cassius,71.0,145.0,73.0,Orthodox,1993-03-10,False
Jamie Colleen,jamie colleen,Jamie,Colleen,,63.0,115.0,65.0,Orthodox,1985-11-02,False
Jake Collier,jake collier,Jake,Collier,The Prototype,75.0,230.0,78.0,Orthodox,1988-10-25,True
Christian Colombo,christian colombo,Christian,Colombo,,77.0,265.0,,Orthodox,1980-07-01,False
Willian Colorado,willian colorado,Willian,Colorado,,70.0,135.0,72.0,,1986-06-21,False
Wes Combs,wes combs,Wes,Combs,The Soldier,74.0,205.0,,Orthodox,2073-06-18,False
Rose Conceicao,rose conceicao,Rose,Conceicao,,55.0,115.0,65.0,Orthodox,1997-05-13,False
Roque Conceicao,roque conceicao,Roque,Conceicao,,,125.0,,,1999-10-27,False
Carlos Condit,carlos condit,Carlos,Condit,The Natural Born Killer,74.0,170.0,75.0,Orthodox,1984-04-26,False
Chris Condo,chris condo,Chris,Condo,,72.0,335.0,,Orthodox,,False
Jack Congdon,jack congdon,Jack,Congdon,.50 Cal,74.0,170.0,75.0,Switch,1997-05-21,False
Tristan Connelly,tristan connelly,Tristan,Connelly,Boondock,70.0,145.0,68.0,Orthodox,1985-12-12,False
Marcos Conrado Jr.,marcos conrado jr,Marcos,Conrado Jr.,,74.0,220.0,,Orthodox,1982-03-14,False
Jeremiah Constant,jeremiah constant,Jeremiah,Constant,,73.0,240.0,,Orthodox,2074-07-19,False
Jonathan Contrestano,jonathan contrestano,Jonathan,Contrestano,JT,,155.0,,,,False
Bob Cook,bob cook,Bob,Cook,Crazy,69.0,170.0,,Orthodox,,False
Mike Cook,mike cook,Mike,Cook,,73.0,205.0,,Orthodox,,False
Chad Cook,chad cook,Chad,Cook,,74.0,205.0,,,1979-11-07,False
TJ Cook,tj cook,TJ,Cook,,,205.0,,,1982-09-08,False
Dewey Cooper,dewey cooper,Dewey,Cooper,The Black Cobra,,205.0,,,,False
Brett Cooper,brett cooper,Brett,Cooper,,72.0,170.0,,Orthodox,1987-07-02,False
Bill Cooper,bill cooper,Bill,Cooper,,,155.0,,,1984-05-05,False
Bobby Cooper,bobby cooper,Bobby,Cooper,Super Duper,73.0,155.0,,,,False
Amanda Cooper,amanda cooper,Amanda,Cooper,ABC,63.0,115.0,64.0,Switch,1991-10-22,False
Kit Cope,kit cope,Kit,Cope,Havoc,72.0,170.0,,Orthodox,1977-03-17,False
Chris Cope,chris cope,Chris,Cope,C-Murder,72.0,170.0,72.0,Orthodox,1983-03-05,False
Josh Copeland,josh copeland,Josh,Copeland,Cuddly Bear,73.0,265.0,,Orthodox,1982-10-20,False
Michael Cora,michael cora,Michael,Cora,Kookie Monster,73.0,170.0,77.0,Southpaw,1989-08-24,True
Akira Corassani,akira corassani,Akira,Corassani,,68.0,145.0,68.0,Orthodox,1982-08-27,False
Muhsin Corbbrey,muhsin corbbrey,Muhsin,Corbbrey,,70.0,155.0,,Orthodox,1978-05-18,False
Alden Coria,alden coria,Alden,Coria,Cobra,,125.0,,Orthodox,1998-04-24,True
Daniel Cormier,daniel cormier,Daniel,Cormier,DC,71.0,235.0,72.0,Orthodox,1979-03-20,False
Nora Cornolle,nora cornolle,Nora,Cornolle,,67.0,135.0,67.0,Orthodox,1989-12-06,True
Clint Coronel,clint coronel,Clint,Coronel,,,155.0,,,,False
Henry Corrales,henry corrales,Henry,Corrales,,69.0,145.0,,,,False
Bethe Correia,bethe correia,Bethe,Correia,Pitbull,65.0,135.0,64.0,Orthodox,1983-06-22,False
Wesley Correira,wesley correira,Wesley,Correira,Cabbage,75.0,260.0,,Orthodox,1978-11-11,False
Waldo Cortes Acosta,waldo cortes acosta,Waldo,Cortes Acosta,Salsa Boy,76.0,260.0,78.0,Orthodox,1991-10-03,True
Tracy Cortez,tracy cortez,Tracy,Cortez,,65.0,125.0,65.0,Orthodox,1993-12-10,True
Reyes Cortez Jr.,reyes cortez jr,Reyes,Cortez Jr.,,67.0,135.0,68.0,Orthodox,1992-07-31,False
Chad Corvin,chad corvin,Chad,Corvin,The Brave Warrior,77.0,255.0,,,,False
Louis Cosce,louis cosce,Louis,Cosce,,69.0,170.0,71.0,Orthodox,1995-08-27,False
Orion Cosce,orion cosce,Orion,Cosce,Galaxy,71.0,170.0,71.0,Switch,1994-07-15,False
Miguel Cosio,miguel cosio,Miguel,Cosio,,76.0,205.0,,,,False
Jadson Costa,jadson costa,Jadson,Costa,,67.0,155.0,,Orthodox,,False
Guilherme Costa,guilherme costa,Guilherme,Costa,The Prodigy,,155.0,,,,False
Paulo Costa,paulo costa,Paulo,Costa,The Eraser,73.0,185.0,72.0,Orthodox,1991-04-21,True
Randy Costa,randy costa,Randy,Costa,The Zohan,69.0,135.0,73.0,Switch,1994-07-06,False
Alessandro Costa,alessandro costa,Alessandro,Costa,Nono,64.0,125.0,67.0,Orthodox,1996-01-28,True
Melquizael Costa,melquizael costa,Melquizael,Costa,The Dalmatian,70.0,145.0,71.0,Southpaw,1996-09-14,True
Vitor Costa,vitor costa,Vitor,Costa,,,185.0,,,2000-09-19,False
Oscar Cota,oscar cota,Oscar,Cota,Elevation,72.0,230.0,72.0,Orthodox,1984-10-15,True
Patrick Cote,patrick cote,Patrick,Cote,The Predator,71.0,170.0,75.0,Orthodox,1980-02-29,False
JC Cottrell,jc cottrell,JC,Cottrell,,69.0,155.0,,Orthodox,1989-11-04,False
JR Coughran,jr coughran,JR,Coughran,Bam Bam,66.0,145.0,,Orthodox,1994-05-17,False
Rashad Coulter,rashad coulter,Rashad,Coulter,Daywalker,71.0,205.0,76.0,Orthodox,1981-11-27,False
Dave Courchaine,dave courchaine,Dave,Courchaine,,68.0,170.0,,,,False
Randy Couture,randy couture,Randy,Couture,The Natural,73.0,205.0,75.0,Orthodox,2063-06-22,False
Kim Couture,kim couture,Kim,Couture,Sugar Free,68.0,135.0,,Orthodox,2075-12-18,False
Ryan Couture,ryan couture,Ryan,Couture,,70.0,155.0,73.0,Orthodox,1982-08-27,False
Nikk Covert,nikk covert,Nikk,Covert,The Brick,68.0,185.0,,,2069-08-04,False
Colby Covington,colby covington,Colby,Covington,Chaos,71.0,170.0,72.0,Orthodox,1988-02-22,True
Hailey Cowan,hailey cowan,Hailey,Cowan,All Hail,68.0,135.0,67.0,Southpaw,1992-02-12,True
Jeff Cox,jeff cox,Jeff,Cox,The Grinder,70.0,155.0,,Orthodox,2068-08-02,False
Nathan Coy,nathan coy,Nathan,Coy,Soulforce,70.0,170.0,69.0,Southpaw,1978-07-24,False
Andrew Craig,andrew craig,Andrew,Craig,Highlight,73.0,170.0,76.0,Orthodox,1986-01-15,False
Paul Craig,paul craig,Paul,Craig,Bearjew,75.0,205.0,76.0,Orthodox,1987-11-27,False
Dan Cramer,dan cramer,Dan,Cramer,,74.0,170.0,,Orthodox,1985-10-31,False
Alberto Crane,alberto crane,Alberto,Crane,,65.0,155.0,,Orthodox,1976-07-14,False
Tim Credeur,tim credeur,Tim,Credeur,,75.0,185.0,75.0,Orthodox,1977-07-09,False
Paul Creighton,paul creighton,Paul,Creighton,,66.0,155.0,,Southpaw,2070-06-04,False
Helena Crevar,helena crevar,Helena,Crevar,,,,,,,False
Alexander Crispim,alexander crispim,Alexander,Crispim,,,145.0,,,,False
Alex Crispin,alex crispin,Alex,Crispin,,,155.0,,,,False
Melissa Croden,melissa croden,Melissa,Croden,Scare,,135.0,,Orthodox,1991-04-12,True
Kevin Croom,kevin croom,Kevin,Croom,Crash,71.0,135.0,73.0,Orthodox,1987-07-15,False
Kiefer Crosbie,kiefer crosbie,Kiefer,Crosbie,BDK,71.0,170.0,70.0,Switch,1990-04-05,False
Ken Cross,ken cross,Ken,Cross,The Boss,72.0,155.0,72.0,Southpaw,1994-10-04,False
Jeff Crotty,jeff crotty,Jeff,Crotty,,,155.0,,,,False
Allen Crowder,allen crowder,Allen,Crowder,Pretty Boy,75.0,245.0,76.0,Orthodox,1989-11-08,False
Daron Cruickshank,daron cruickshank,Daron,Cruickshank,Detroit Superstar,68.0,155.0,72.0,Switch,1985-06-11,False
Richard Crunkilton,richard crunkilton,Richard,Crunkilton,Cleat,67.0,155.0,,Orthodox,1979-11-25,False
Jimmy Crute,jimmy crute,Jimmy,Crute,,74.0,205.0,74.0,Orthodox,1996-03-04,True
Marcio Cruz,marcio cruz,Marcio,Cruz,Pe de Pano,76.0,232.0,,Orthodox,1978-04-24,False
Dominick Cruz,dominick cruz,Dominick,Cruz,The Dominator,68.0,135.0,68.0,Orthodox,1985-03-09,False
Aalon Cruz,aalon cruz,Aalon,Cruz,,72.0,145.0,78.0,Switch,1989-09-20,False
Timmy Cuamba,timmy cuamba,Timmy,Cuamba,Twilight,69.0,145.0,71.0,Orthodox,1999-02-08,True
Jay Cucciniello,jay cucciniello,Jay,Cucciniello,,67.0,155.0,,Orthodox,1986-07-23,False
Emilio Cuellar,emilio cuellar,Emilio,Cuellar,Show Kid,,125.0,,,,True
Josh Culibao,josh culibao,Josh,Culibao,Kuya,70.0,145.0,73.0,Orthodox,1994-05-24,False
Chris Culley,chris culley,Chris,Culley,,,145.0,,,1986-03-25,False
Abel Cullum,abel cullum,Abel,Cullum,The Silent Assassin,67.0,139.0,,Orthodox,1987-04-21,False
Zak Cummings,zak cummings,Zak,Cummings,,72.0,205.0,75.0,Southpaw,1984-08-02,False
Everett Cummings,everett cummings,Everett,Cummings,,,205.0,,,,False
Patrick Cummins,patrick cummins,Patrick,Cummins,Durkin,74.0,205.0,76.0,Orthodox,1980-11-16,False
Luke Cummo,luke cummo,Luke,Cummo,,72.0,170.0,74.0,Orthodox,1980-04-27,False
Hugo Cunha,hugo cunha,Hugo,Cunha,Silverback,75.0,263.0,79.0,Orthodox,1993-02-04,False
Alton Cunningham,alton cunningham,Alton,Cunningham,The Bo-Man,74.0,205.0,77.0,Orthodox,1993-06-24,False
AJ Cunningham,aj cunningham,AJ,Cunningham,The Savage,70.0,135.0,71.0,Orthodox,1994-09-07,True
Tommy Cuozzi Jr.,tommy cuozzi jr,Tommy,Cuozzi Jr.,Little T,69.0,145.0,71.0,Orthodox,1999-08-31,False
Santo Curatolo,santo curatolo,Santo,Curatolo,,63.0,125.0,62.0,Southpaw,1995-01-18,False
Larry Cureton,larry cureton,Larry,Cureton,,74.0,240.0,,Orthodox,,False
Jeff Curran,jeff curran,Jeff,Curran,Big Frog,66.0,135.0,69.0,Orthodox,1977-09-02,False
Kailin Curran,kailin curran,Kailin,Curran,,64.0,115.0,65.0,Orthodox,1991-04-11,False
Pat Curran,pat curran,Pat,Curran,Paddy Mike,69.0,145.0,,,1987-08-31,False
Will Currie,will currie,Will,Currie,Drago,75.0,185.0,76.0,Switch,1998-11-12,False
Chris Curtis,chris curtis,Chris,Curtis,Action-Man,70.0,170.0,75.0,Orthodox,1987-07-15,True
Ion Cutelaba,ion cutelaba,Ion,Cutelaba,The Hulk,73.0,205.0,75.0,Southpaw,1993-12-14,True
Gleidson Cutis,gleidson cutis,Gleidson,Cutis,Poney,69.0,155.0,,Orthodox,1989-02-07,False
Sarah D'alelio,sarah d alelio,Sarah,D'alelio,The Monster,67.0,145.0,,,1980-12-13,False
Marcos da Matta,marcos da matta,Marcos,da Matta,Parrumpinha,64.0,145.0,,,2073-03-18,False
Henrique da Silva,henrique da silva,Henrique,da Silva,Frankenstein,75.0,205.0,76.0,Orthodox,1989-09-01,True
Ariane da Silva,ariane da silva,Ariane,da Silva,Queen of Violence,66.0,125.0,67.0,Orthodox,1994-01-26,False
Alex Da Silva,alex da silva,Alex,Da Silva,Leko,68.0,155.0,73.0,Orthodox,1996-02-04,False
Radley Da Silva,radley da silva,Radley,Da Silva,Snake Eyes,69.0,145.0,71.0,Orthodox,1995-06-20,False
Henrique Da Silva Lopes,henrique da silva lopes,Henrique,Da Silva Lopes,Montanha,75.0,240.0,,,1985-03-08,True
Deni Daffa,deni daffa,Deni,Daffa,,72.0,155.0,74.0,Orthodox,1999-09-08,False
Nicolas Dalby,nicolas dalby,Nicolas,Dalby,Lokomotivo,71.0,170.0,74.0,Orthodox,1984-11-16,True
Paul Daley,paul daley,Paul,Daley,Semtex,69.0,170.0,76.0,Orthodox,1983-02-21,False
Dave Dalgliesh,dave dalgliesh,Dave,Dalgliesh,,74.0,205.0,,Orthodox,1978-04-05,False
Richard Dalton,richard dalton,Richard,Dalton,,73.0,205.0,,Orthodox,,False
Aisling Daly,aisling daly,Aisling,Daly,Ais the Bash,62.0,115.0,64.0,Orthodox,1987-12-24,False
Marko Damiani,marko damiani,Marko,Damiani,,72.0,170.0,,,,False
Leonardo Damiani,leonardo damiani,Leonardo,Damiani,Puppy,70.0,170.0,69.0,Orthodox,1990-08-30,True
Rodrigo Damm,rodrigo damm,Rodrigo,Damm,,67.0,155.0,71.0,Orthodox,1980-02-03,False
Carina Damm,carina damm,Carina,Damm,Beauty But the Beast,64.0,135.0,,,,False
Batgerel Danaa,batgerel danaa,Batgerel,Danaa,Storm,67.0,135.0,70.0,Orthodox,1989-07-04,False
Cindy Dandois,cindy dandois,Cindy,Dandois,Battlecat,67.0,135.0,,Orthodox,1984-10-26,False
Peter Danesoe,peter danesoe,Peter,Danesoe,The Asian Viking,66.0,135.0,68.0,Orthodox,2000-09-01,True
Jarjis Danho,jarjis danho,Jarjis,Danho,Man Mountain,75.0,265.0,74.0,Orthodox,1983-10-15,False
Jose Daniel Medina,jose daniel medina,Jose,Daniel Medina,Chicho,72.0,185.0,74.0,Orthodox,1991-05-17,False
Raymond Daniels,raymond daniels,Raymond,Daniels,,74.0,185.0,,Southpaw,,False
Marques Daniels,marques daniels,Marques,Daniels,,,155.0,,,,False
Anvarbek Daniyalbekov,anvarbek daniyalbekov,Anvarbek,Daniyalbekov,,,185.0,,,1995-05-27,False
Alexandre Dantas,alexandre dantas,Alexandre,Dantas,Cafe,74.0,238.0,,Orthodox,1979-03-01,False
Eduardo Dantas,eduardo dantas,Eduardo,Dantas,Dudu,70.0,135.0,,,1989-02-03,False
Mac Danzig,mac danzig,Mac,Danzig,,68.0,155.0,70.0,Orthodox,1980-01-02,False
Karen Darabedyan,karen darabedyan,Karen,Darabedyan,,67.0,155.0,68.0,Orthodox,1986-12-18,False
Beneil Dariush,beneil dariush,Beneil,Dariush,,70.0,155.0,72.0,Southpaw,1989-05-06,True
Sean Daugherty,sean daugherty,Sean,Daugherty,,72.0,175.0,,,2075-12-04,False
Kyle Daukaus,kyle daukaus,Kyle,Daukaus,,74.0,185.0,76.0,Southpaw,1993-02-27,True
Chris Daukaus,chris daukaus,Chris,Daukaus,,75.0,205.0,76.0,Orthodox,1989-09-25,True
Brian Davidson,brian davidson,Brian,Davidson,,66.0,145.0,,,,False
Rick Davis,rick davis,Rick,Davis,The Flying Squirrel,69.0,155.0,,Orthodox,,False
Marcus Davis,marcus davis,Marcus,Davis,The Irish Hand Grenade,70.0,170.0,70.0,Southpaw,2073-08-24,False
LC Davis,lc davis,LC,Davis,,68.0,135.0,69.0,Southpaw,1980-10-28,False
Phil Davis,phil davis,Phil,Davis,Mr. Wonderful,74.0,205.0,79.0,Orthodox,1984-09-25,False
Lemont Davis,lemont davis,Lemont,Davis,,68.0,170.0,,Orthodox,,False
Mike Davis,mike davis,Mike,Davis,,,,,,,True
Mike Davis,mike davis,Mike,Davis,,72.0,155.0,72.0,Orthodox,1992-10-07,True
Justin Davis,justin davis,Justin,Davis,Dangerous,71.0,205.0,,,1983-04-01,False
Alexis Davis,alexis davis,Alexis,Davis,,66.0,135.0,68.0,Orthodox,1984-10-04,False
Danny Davis,danny davis,Danny,Davis,,74.0,170.0,,,1982-07-28,False
Brandon Davis,brandon davis,Brandon,Davis,Killer B,70.0,135.0,72.0,Orthodox,1990-05-08,False
Mike Davis,mike davis,Mike,Davis,Beast Boy,,,,,,True
Mike Davis,mike davis,Mike,Davis,Beast Boy,72.0,155.0,72.0,Orthodox,1992-10-07,True
Hakeem Dawodu,hakeem dawodu,Hakeem,Dawodu,Mean,68.0,145.0,73.0,Orthodox,1991-07-02,False
Grant Dawson,grant dawson,Grant,Dawson,KGD,70.0,155.0,72.0,Switch,1994-02-20,True
Jason Day,jason day,Jason,Day,Dooms,72.0,185.0,72.0,Orthodox,1981-05-19,False
Martin Day,martin day,Martin,Day,The Spartan,70.0,145.0,73.0,Orthodox,1988-11-10,False
Angel De Anda,angel de anda,Angel,De Anda,The Dream,69.0,225.0,,Orthodox,1985-05-28,False
Yorgan De Castro,yorgan de castro,Yorgan,De Castro,The Mad Titan,72.0,250.0,74.0,Orthodox,1986-12-19,False
Geraldo de Freitas,geraldo de freitas,Geraldo,de Freitas,Spartan,67.0,135.0,72.0,Orthodox,1991-09-30,False
Philip De Fries,philip de fries,Philip,De Fries,,77.0,250.0,79.0,Orthodox,1986-04-21,False
Chris de la Rocha,chris de la rocha,Chris,de la Rocha,,75.0,250.0,80.0,Orthodox,1979-05-15,False
Montana De La Rosa,montana de la rosa,Montana,De La Rosa,,67.0,125.0,68.0,Orthodox,1995-02-14,False
Mark De La Rosa,mark de la rosa,Mark,De La Rosa,Bumblebee,66.0,135.0,65.0,Orthodox,1994-08-31,False
Mike de la Torre,mike de la torre,Mike,de la Torre,El Cucuy,71.0,145.0,71.0,Orthodox,1986-09-22,False
Rodrigo de Lima,rodrigo de lima,Rodrigo,de Lima,Monstro,67.0,155.0,,Orthodox,1991-03-12,False
Edilberto de Oliveira,edilberto de oliveira,Edilberto,de Oliveira,Crocota,72.0,170.0,,Orthodox,1982-11-22,False
Johil de Oliveira,johil de oliveira,Johil,de Oliveira,,66.0,170.0,,Orthodox,,False
Jorge de Oliveira,jorge de oliveira,Jorge,de Oliveira,Blade,68.0,155.0,,Orthodox,1980-01-22,False
Jair De Oliveira,jair de oliveira,Jair,De Oliveira,Mamute,,265.0,,,1996-05-09,False
Isabela de Padua,isabela de padua,Isabela,de Padua,Belinha,63.0,125.0,64.0,Orthodox,1991-09-04,False
Gloria de Paula,gloria de paula,Gloria,de Paula,Glorinha,65.0,115.0,67.0,Orthodox,1995-06-10,False
Germaine de Randamie,germaine de randamie,Germaine,de Randamie,The Iron Lady,69.0,135.0,71.0,Orthodox,1984-04-24,False
Reinier de Ridder,reinier de ridder,Reinier,de Ridder,RdR,76.0,185.0,78.0,Southpaw,1990-09-07,True
Crezio de Souza,crezio de souza,Crezio,de Souza,,,170.0,,Orthodox,,False
Carl Deaton,carl deaton,Carl,Deaton,The Anishinaabe Kid,67.0,155.0,69.0,Orthodox,1989-11-24,True
Tom DeBlass,tom deblass,Tom,DeBlass,,72.0,185.0,,Orthodox,1982-05-14,False
Issac DeJesus,issac dejesus,Issac,DeJesus,,,145.0,,,,False
Rafael  Del Real,rafael del real,Rafael ,Del Real,,,,,,,False
Shane del Rosario,shane del rosario,Shane,del Rosario,,76.0,250.0,,Southpaw,1983-09-23,False
Wallen Del Rosario,wallen del rosario,Wallen,Del Rosario,,64.0,125.0,67.0,Orthodox,1993-03-18,False
Yadier del Valle,yadier del valle,Yadier,del Valle,The Cuban Problem,69.0,145.0,69.0,Southpaw,1996-07-29,True
Jose Delano,jose delano,Jose,Delano,,68.0,145.0,70.0,Orthodox,1996-09-11,True
Humberto DeLeon,humberto deleon,Humberto,DeLeon,,,135.0,,,1989-11-12,False
Rolando Delgado,rolando delgado,Rolando,Delgado,Roli,75.0,155.0,77.0,Orthodox,1981-11-22,False
Israel Delgado,israel delgado,Israel,Delgado,,70.0,155.0,,,,False
Jose Delgado,jose delgado,Jose,Delgado,,71.0,145.0,74.0,Switch,1998-04-21,False
Ante Delija,ante delija,Ante,Delija,Walking Trouble,76.0,245.0,,Orthodox,1990-08-07,True
Jack Della Maddalena,jack della maddalena,Jack,Della Maddalena,,71.0,170.0,73.0,Switch,1996-09-10,True
Roland Delorme,roland delorme,Roland,Delorme,,69.0,135.0,71.0,Orthodox,1983-12-18,False
Jon Delos Reyes,jon delos reyes,Jon,Delos Reyes,The Heat,66.0,125.0,67.0,Orthodox,1987-08-19,False
Jason DeLucia,jason delucia,Jason,DeLucia,,71.0,190.0,,Southpaw,2069-07-24,False
Justin DeMoney,justin demoney,Justin,DeMoney,,,170.0,,,1985-07-01,False
Vanessa Demopoulos,vanessa demopoulos,Vanessa,Demopoulos,Lil Monster,62.0,125.0,59.0,Orthodox,1988-09-22,True
Chris Dempsey,chris dempsey,Chris,Dempsey,,70.0,185.0,72.0,Orthodox,1987-09-08,False
Nick Denis,nick denis,Nick,Denis,The Ninja of Love,67.0,135.0,,Orthodox,1983-10-11,False
Thomas Denny,thomas denny,Thomas,Denny,The Wildman,70.0,170.0,,Orthodox,2071-04-19,False
Robert Densley,robert densley,Robert,Densley,The Wrecker,69.0,155.0,,,,False
Jason Dent,jason dent,Jason,Dent,Dynamite,70.0,155.0,71.0,Orthodox,1980-06-12,False
Mackenzie Dern,mackenzie dern,Mackenzie,Dern,,64.0,115.0,63.0,Orthodox,1993-03-24,True
Booker DeRousse,booker derousse,Booker,DeRousse,,74.0,205.0,,,1981-03-23,False
Tony DeSouza,tony desouza,Tony,DeSouza,,72.0,170.0,70.0,Southpaw,2074-07-26,False
Robelis Despaigne,robelis despaigne,Robelis,Despaigne,The Big Boy,79.0,265.0,84.0,Orthodox,1988-09-09,False
Cory Devela,cory devela,Cory,Devela,The One,60.0,185.0,,Orthodox,,False
John Devine,john devine,John,Devine,,,,,,,False
Edwin DeWees,edwin dewees,Edwin,DeWees,Babyface,73.0,185.0,,Orthodox,1982-08-07,False
Alessio Di Chirico,alessio di chirico,Alessio,Di Chirico,Manzo,72.0,185.0,74.0,Orthodox,1989-12-12,False
Micol Di Segni,micol di segni,Micol,Di Segni,,63.0,115.0,60.0,Orthodox,1987-12-29,False
Cyrille Diabate,cyrille diabate,Cyrille,Diabate,The Snake,78.0,205.0,81.0,Southpaw,2073-10-06,False
Thomas Diagne,thomas diagne,Thomas,Diagne,,73.0,154.0,,,1983-09-03,False
Marc Diakiese,marc diakiese,Marc,Diakiese,Bonecrusher,70.0,155.0,73.0,Orthodox,1993-03-16,True
Tyler Diamond,tyler diamond,Tyler,Diamond,,67.0,145.0,69.0,Orthodox,1991-03-18,False
Blood Diamond,blood diamond,Blood,Diamond,,71.0,170.0,76.0,Switch,1988-07-10,True
Eldo Xavier Dias,eldo xavier dias,Eldo Xavier,Dias,,71.0,180.0,,,2064-07-16,False
Rafael Dias,rafael dias,Rafael,Dias,,69.0,145.0,,Orthodox,1979-10-20,False
Hacran Dias,hacran dias,Hacran,Dias,Barnabe,68.0,155.0,69.0,Orthodox,1984-06-16,False
Victor Dias,victor dias,Victor,Dias,Crazy Horse,66.0,125.0,69.0,Orthodox,1990-12-26,True
Luis Felipe Dias,luis felipe dias,Luis Felipe,Dias,,,,,,,False
Magno Dias,magno dias,Magno,Dias,The Violence,,135.0,,,1996-11-30,False
Nick Diaz,nick diaz,Nick,Diaz,,73.0,170.0,76.0,Southpaw,1983-08-02,True
Nate Diaz,nate diaz,Nate,Diaz,,72.0,170.0,76.0,Southpaw,1985-04-16,False
Michael Diaz,michael diaz,Michael,Diaz,,,260.0,,,,False
Ryan Diaz,ryan diaz,Ryan,Diaz,,,145.0,,,,False
Adrian Diaz,adrian diaz,Adrian,Diaz,,70.0,145.0,,Southpaw,1988-04-26,False
Ozzy Diaz,ozzy diaz,Ozzy,Diaz,,76.0,185.0,79.0,Orthodox,1990-11-22,True
Juan Diaz,juan diaz,Juan,Diaz,Pegajoso,68.0,135.0,69.0,Orthodox,1998-06-03,True
Mark Dickman,mark dickman,Mark,Dickman,Tricky,69.0,145.0,,,1984-07-19,False
Josh Diekmann,josh diekmann,Josh,Diekmann,The Freight Train,64.0,246.0,,,1976-10-09,False
Kyle Dietz,kyle dietz,Kyle,Dietz,,68.0,135.0,,Orthodox,1986-04-29,False
Seth Dikun,seth dikun,Seth,Dikun,,70.0,135.0,69.0,Orthodox,1980-08-05,False
TJ Dillashaw,tj dillashaw,TJ,Dillashaw,,66.0,135.0,67.0,Orthodox,1986-02-07,False
Ralph Dillon,ralph dillon,Ralph,Dillon,Rage,74.0,205.0,,Orthodox,,False
Drew Dimanlig,drew dimanlig,Drew,Dimanlig,,,185.0,,,,False
Ding Meng,ding meng,Ding,Meng,The Assassin,74.0,170.0,73.0,Orthodox,1994-09-27,False
Rodolfo Marques Diniz,rodolfo marques diniz,Rodolfo Marques,Diniz,,66.0,135.0,,,1984-01-23,False
Jhonata Diniz,jhonata diniz,Jhonata,Diniz,,76.0,254.0,79.0,Orthodox,1991-06-23,True
Helio Dipp,helio dipp,Helio,Dipp,,77.0,185.0,,Orthodox,,False
Rico DiSciullo,rico disciullo,Rico,DiSciullo,,68.0,135.0,,Orthodox,1986-10-12,True
Matt Dixon,matt dixon,Matt,Dixon,Magic,70.0,170.0,75.0,Switch,1995-10-09,True
John Dixson,john dixson,John,Dixson,Big John,72.0,275.0,,Orthodox,,False
Anthony Do,anthony do,Anthony,Do,,64.0,125.0,,,,False
Russell Doane,russell doane,Russell,Doane,,67.0,135.0,70.0,Orthodox,1986-08-13,False
Drew Dober,drew dober,Drew,Dober,,68.0,155.0,70.0,Southpaw,1988-10-19,True
Shana Dobson,shana dobson,Shana,Dobson,Danger,66.0,125.0,69.0,Orthodox,1989-03-30,False
AJ Dobson,aj dobson,AJ,Dobson,,73.0,185.0,76.0,Orthodox,1992-01-18,True
David Dodd,david dodd,David,Dodd,,74.0,200.0,,Orthodox,2073-09-22,False
John Dodson,john dodson,John,Dodson,The Magician,63.0,135.0,66.0,Orthodox,1984-09-26,False
Joe Doerksen,joe doerksen,Joe,Doerksen,El Dirte,72.0,185.0,75.0,Orthodox,1977-10-09,False
Mike Dolce,mike dolce,Mike,Dolce,Skull Cracker,71.0,185.0,,,1976-04-15,False
Roman Dolidze,roman dolidze,Roman,Dolidze,,74.0,185.0,76.0,Orthodox,1988-07-15,True
Cameron Dollar,cameron dollar,Cameron,Dollar,,71.0,155.0,,Orthodox,1987-05-12,False
CB Dollaway,cb dollaway,CB,Dollaway,The Doberman,74.0,185.0,76.0,Orthodox,1983-08-10,False
Dennis Dombrow,dennis dombrow,Dennis,Dombrow,,,145.0,,,1986-03-17,False
OJ Dominguez,oj dominguez,OJ,Dominguez,,,,,,,False
John Donaldson,john donaldson,John,Donaldson,J.T.,68.0,145.0,,,1992-07-09,False
Daniil Donchenko,daniil donchenko,Daniil,Donchenko,,,170.0,,Orthodox,2001-08-04,True
Dong Huaxiang,dong huaxiang,Dong,Huaxiang,,63.0,115.0,61.0,Switch,1998-08-21,False
Cody Donovan,cody donovan,Cody,Donovan,Donnybrook,75.0,205.0,74.0,Orthodox,1981-02-20,False
Houston Dorr,houston dorr,Houston,Dorr,,73.0,210.0,,Orthodox,,False
Rafael Dos Anjos,rafael dos anjos,Rafael,Dos Anjos,,68.0,170.0,70.0,Southpaw,1984-10-26,True
Junior Dos Santos,junior dos santos,Junior,Dos Santos,Cigano,76.0,238.0,77.0,Orthodox,1984-01-30,False
Geronimo dos Santos,geronimo dos santos,Geronimo,dos Santos,Mondragon,75.0,264.0,,Orthodox,1980-08-17,False
Antonio Dos Santos,antonio dos santos,Antonio,Dos Santos,Junior Alpha,70.0,185.0,,Orthodox,1988-07-21,False
Anderson Dos Santos,anderson dos santos,Anderson,Dos Santos,Berinja,65.0,135.0,70.0,Orthodox,1985-07-24,False
Acacio Dos Santos,acacio dos santos,Acacio,Dos Santos,Pequeno,76.0,205.0,79.0,Orthodox,1991-09-29,False
Rayanne dos Santos,rayanne dos santos,Rayanne,dos Santos,,62.0,115.0,62.0,Orthodox,1995-06-08,True
Felipe dos Santos,felipe dos santos,Felipe,dos Santos,Lipe Detona,67.0,125.0,70.0,Orthodox,2000-09-11,False
Tiago dos Santos e Silva,tiago dos santos e silva,Tiago,dos Santos e Silva,Trator,69.0,145.0,70.0,Orthodox,1987-04-12,False
Oleksandr Doskalchuk,oleksandr doskalchuk,Oleksandr,Doskalchuk,,66.0,125.0,,Southpaw,1990-03-13,False
David Douglas,david douglas,David,Douglas,Tarzan,71.0,155.0,,,1981-08-16,False
Damion Douglas,damion douglas,Damion,Douglas,,,170.0,,,,False
Lerryan Douglas,lerryan douglas,Lerryan,Douglas,Gunslinger,,145.0,,,1995-04-27,True
Cedric Doumbe,cedric doumbe,Cedric,Doumbe,,70.0,170.0,,,1992-08-13,False
John Dowdy,john dowdy,John,Dowdy,,,,,,,False
Jordan Dowdy,jordan dowdy,Jordan,Dowdy,,,170.0,,,,False
Danny Downes,danny downes,Danny,Downes,,72.0,155.0,72.0,Orthodox,1986-04-08,False
Derek Downey,derek downey,Derek,Downey,,73.0,185.0,,Orthodox,1980-04-27,False
John Doyle,john doyle,John,Doyle,The Iron Bull,71.0,205.0,,Orthodox,1976-11-21,False
Edson Drago,edson drago,Edson,Drago,,76.0,220.0,,Orthodox,1977-08-29,False
Jimmy Drago,jimmy drago,Jimmy,Drago,,70.0,170.0,71.0,Orthodox,1995-02-18,False
Anthony Drilich,anthony drilich,Anthony,Drilich,,65.0,125.0,65.0,Southpaw,1994-03-17,False
Kyle Driscoll,kyle driscoll,Kyle,Driscoll,KD,71.0,145.0,74.0,Orthodox,1994-09-23,True
Chris Drumm,chris drumm,Chris,Drumm,,68.0,145.0,,,,False
Tomasz Drwal,tomasz drwal,Tomasz,Drwal,Gorilla,73.0,205.0,76.0,Orthodox,1982-01-22,False
Robert Drysdale,robert drysdale,Robert,Drysdale,,75.0,205.0,,Orthodox,1981-10-05,False
Dricus Du Plessis,dricus du plessis,Dricus,Du Plessis,Stillknocks,73.0,185.0,76.0,Switch,1994-01-14,True
Hugo Duarte,hugo duarte,Hugo,Duarte,,72.0,240.0,,Orthodox,2068-08-09,False
Antonio Duarte,antonio duarte,Antonio,Duarte,Tigre,67.0,135.0,,,,False
Joe Duarte,joe duarte,Joe,Duarte,,,155.0,,,1977-01-25,False
Yuneisy Duben,yuneisy duben,Yuneisy,Duben,,64.0,125.0,65.0,Orthodox,1996-07-08,True
Matthieu Duclos,matthieu duclos,Matthieu,Duclos,,75.0,185.0,77.0,Orthodox,1995-04-04,False
Emily Ducote,emily ducote,Emily,Ducote,Gordinha,62.0,115.0,63.0,Orthodox,1994-01-01,False
Viktoriia Dudakova,viktoriia dudakova,Viktoriia,Dudakova,,65.0,115.0,67.0,Orthodox,1999-01-26,False
Milana Dudieva,milana dudieva,Milana,Dudieva,,63.0,135.0,,Orthodox,1989-08-04,False
Adin Duenas,adin duenas,Adin,Duenas,,66.0,145.0,,,1988-07-02,False
Todd Duffee,todd duffee,Todd,Duffee,,75.0,260.0,78.0,Orthodox,1985-12-06,False
Joe Duffy,joe duffy,Joe,Duffy,Irish,70.0,155.0,73.0,Orthodox,1988-02-18,False
Jack Duffy,jack duffy,Jack,Duffy,The Fury,67.0,125.0,69.0,Switch,1995-10-02,False
Alexis Dufresne,alexis dufresne,Alexis,Dufresne,Sneaky Zebra,69.0,135.0,,Orthodox,1990-08-31,False
Jessamyn Duke,jessamyn duke,Jessamyn,Duke,The Gun,71.0,135.0,73.0,Orthodox,1986-06-24,False
Islam Dulatov,islam dulatov,Islam,Dulatov,The Ripper,75.0,170.0,75.0,Orthodox,1998-08-02,True
Isaac Dulgarian,isaac dulgarian,Isaac,Dulgarian,The Midwest Choppa,67.0,145.0,71.0,Orthodox,1996-07-04,False
Kelly Dullanty,kelly dullanty,Kelly,Dullanty,Psycho,68.0,155.0,,Orthodox,1977-11-04,False
Sedriques Dumas,sedriques dumas,Sedriques,Dumas,The Reaper,74.0,185.0,79.0,Orthodox,1995-08-06,True
Norma Dumont,norma dumont,Norma,Dumont,The Immortal,67.0,135.0,67.0,Orthodox,1990-10-01,True
Chris Duncan,chris duncan,Chris,Duncan,The Problem,70.0,155.0,71.0,Orthodox,1993-05-10,True
Christian Leroy Duncan,christian leroy duncan,Christian Leroy,Duncan,CLD,74.0,185.0,79.0,Switch,1995-07-24,True
Evan Dunham,evan dunham,Evan,Dunham,,70.0,155.0,70.0,Southpaw,1981-12-18,False
Alex Dunworth,alex dunworth,Alex,Dunworth,,68.0,155.0,,,,False
Tom Duquesnoy,tom duquesnoy,Tom,Duquesnoy,Fire Kid,67.0,135.0,68.0,Orthodox,1993-06-21,False
Albert Duraev,albert duraev,Albert,Duraev,,71.0,185.0,75.0,Orthodox,1989-01-05,True
Reuben Duran,reuben duran,Reuben,Duran,,67.0,135.0,71.0,Orthodox,1983-07-02,False
Cody Durden,cody durden,Cody,Durden,Custom Made,67.0,125.0,67.0,Southpaw,1991-03-29,True
Luiz Dutra,luiz dutra,Luiz,Dutra,Besouro,71.0,170.0,,Orthodox,1982-05-06,False
Rilley Dutro,rilley dutro,Rilley,Dutro,,68.0,125.0,,Orthodox,1987-09-03,False
Bill Duvall,bill duvall,Bill,Duvall,,74.0,185.0,,Southpaw,,False
Merab Dvalishvili,merab dvalishvili,Merab,Dvalishvili,The Machine,66.0,135.0,68.0,Orthodox,1991-01-10,True
David Dvorak,david dvorak,David,Dvorak,Undertaker,65.0,125.0,68.0,Orthodox,1992-06-05,True
Matt Dwyer,matt dwyer,Matt,Dwyer,,76.0,170.0,76.0,Orthodox,1989-12-17,False
Rolando Dy,rolando dy,Rolando,Dy,Dy Incredible,68.0,145.0,69.0,Orthodox,1990-08-11,False
Shanelle Dyer,shanelle dyer,Shanelle,Dyer,The Nightmare,,115.0,,,2001-04-23,True
Ben Earwood,ben earwood,Ben,Earwood,,68.0,170.0,,Orthodox,,False
Cody East,cody east,Cody,East,The Freight Train,75.0,245.0,,Orthodox,1988-06-29,False
Marvin Eastman,marvin eastman,Marvin,Eastman,The Beastman,69.0,185.0,73.0,Orthodox,2071-06-08,False
Mike Easton,mike easton,Mike,Easton,The Hulk,66.0,135.0,70.0,Southpaw,1984-01-25,False
Maurice Eazel,maurice eazel,Maurice,Eazel,,67.0,135.0,,,,False
Vincent Eazelle,vincent eazelle,Vincent,Eazelle,The Real Deal,71.0,155.0,,,1980-12-07,False
Ross Ebanez,ross ebanez,Ross,Ebanez,The Boss,69.0,154.0,,Southpaw,2075-05-18,False
Brian Ebersole,brian ebersole,Brian,Ebersole,Bad Boy,72.0,170.0,73.0,Southpaw,1980-11-27,False
Roybert Echeverria,roybert echeverria,Roybert,Echeverria,The Unbroken,65.0,125.0,67.0,Switch,1995-08-21,True
Mark Eddiva,mark eddiva,Mark,Eddiva,,68.0,145.0,68.0,Orthodox,1986-02-16,False
Frankie Edgar,frankie edgar,Frankie,Edgar,The Answer,66.0,135.0,68.0,Orthodox,1981-10-16,False
Abdul-Kerim Edilov,abdul kerim edilov,Abdul-Kerim,Edilov,,74.0,205.0,,Orthodox,1991-11-25,False
Johnny Eduardo,johnny eduardo,Johnny,Eduardo,,67.0,135.0,71.0,Orthodox,1978-08-03,False
Yves Edwards,yves edwards,Yves,Edwards,,69.0,155.0,73.0,Southpaw,1976-09-30,False
Justin Edwards,justin edwards,Justin,Edwards,Fast Eddy,70.0,155.0,70.0,Orthodox,1983-01-26,False
Leon Edwards,leon edwards,Leon,Edwards,Rocky,74.0,170.0,74.0,Southpaw,1991-08-25,True
Te Edwards,te edwards,Te,Edwards,,68.0,155.0,72.0,Orthodox,1990-09-11,False
Adli Edwards,adli edwards,Adli,Edwards,,,145.0,,,1989-08-28,False
Joselyne Edwards,joselyne edwards,Joselyne,Edwards,La Pantera,68.0,135.0,70.0,Orthodox,1995-09-29,True
Tom Egan,tom egan,Tom,Egan,,71.0,170.0,,Orthodox,,False
Stephanie Egger,stephanie egger,Stephanie,Egger,,66.0,135.0,68.0,Orthodox,1988-08-12,False
Justin Eilers,justin eilers,Justin,Eilers,The Hammer,73.0,235.0,,Orthodox,1978-06-28,False
Jon Olav Einemo,jon olav einemo,Jon Olav,Einemo,The Viking,78.0,253.0,,Orthodox,2075-12-10,False
Per Eklund,per eklund,Per,Eklund,,70.0,155.0,72.0,Orthodox,,False
John Elam,john elam,John,Elam,,,,,,,False
Evan Elder,evan elder,Evan,Elder,The Phenom,70.0,155.0,72.0,Switch,1997-04-11,True
Billy Elekana,billy elekana,Billy,Elekana,Son of Susie,75.0,205.0,77.0,Southpaw,1995-05-28,True
John Paul Elias,john paul elias,John Paul,Elias,,76.0,205.0,,,,False
Joao Elias,joao elias,Joao,Elias,Alicate,63.0,125.0,64.0,Southpaw,1995-01-08,True
Saul Elizondo,saul elizondo,Saul,Elizondo,,67.0,135.0,,,1985-07-17,False
Darren Elkins,darren elkins,Darren,Elkins,The Damage,70.0,145.0,71.0,Orthodox,1984-05-16,True
Jake Ellenberger,jake ellenberger,Jake,Ellenberger,The Juggernaut,69.0,170.0,71.0,Orthodox,1985-03-28,False
Joe Ellenberger,joe ellenberger,Joe,Ellenberger,Excalibur,69.0,155.0,72.0,Orthodox,1985-03-28,False
Tim Elliott,tim elliott,Tim,Elliott,,67.0,125.0,66.0,Southpaw,1986-12-24,True
Oban Elliott,oban elliott,Oban,Elliott,The Welsh Gangster,72.0,170.0,72.0,Orthodox,1997-12-19,True
Eddy Ellis,eddy ellis,Eddy,Ellis,Fast,69.0,170.0,,Orthodox,,False
Lisa Ellis,lisa ellis,Lisa,Ellis,,64.0,115.0,,,1982-11-15,False
Elisha Ellison,elisha ellison,Elisha,Ellison,The Snack Panther,,265.0,,,1997-03-05,True
Anna Elmose,anna elmose,Anna,Elmose,Panda,63.0,115.0,,Orthodox,1984-10-06,False
Cameron Else,cameron else,Cameron,Else,Camchida,69.0,135.0,71.0,Switch,1987-04-27,False
Aaron Ely,aaron ely,Aaron,Ely,The Cyborg,68.0,135.0,,,1989-03-18,False
Sovannahry Em,sovannahry em,Sovannahry,Em,The Sweet Savage,64.0,135.0,,,1992-06-26,True
Ramazan Emeev,ramazan emeev,Ramazan,Emeev,Gorets,70.0,170.0,76.0,Southpaw,1987-05-23,False
Aleksander Emelianenko,aleksander emelianenko,Aleksander,Emelianenko,,78.0,255.0,,Orthodox,1981-08-02,False
Fedor Emelianenko,fedor emelianenko,Fedor,Emelianenko,The Last Emperor,72.0,230.0,74.0,Orthodox,1976-09-28,False
Rob Emerson,rob emerson,Rob,Emerson,The Saint,69.0,155.0,70.0,Orthodox,1981-07-30,False
Jamall Emmers,jamall emmers,Jamall,Emmers,Pretty Boy,70.0,145.0,74.0,Orthodox,1989-07-24,True
Josh Emmett,josh emmett,Josh,Emmett,CC0,66.0,145.0,70.0,Orthodox,1985-03-04,True
Marius Enache,marius enache,Marius,Enache,,71.0,155.0,,,2075-10-16,False
Kevin Engel,kevin engel,Kevin,Engel,The Hitman,74.0,170.0,,,,False
Kolton Englund,kolton englund,Kolton,Englund,White Assassin,70.0,155.0,69.0,Orthodox,1993-07-09,True
Oliver Enkamp,oliver enkamp,Oliver,Enkamp,,72.0,170.0,77.0,Switch,1991-08-10,False
Alex Enlund,alex enlund,Alex,Enlund,,70.0,145.0,,Orthodox,1987-05-27,False
Kenny Ento,kenny ento,Kenny,Ento,Tha' Dragon,74.0,192.0,,,,False
Ian Entwistle,ian entwistle,Ian,Entwistle,Enty,65.0,135.0,,Orthodox,1986-11-19,False
Andy Enz,andy enz,Andy,Enz,Tank Mode,75.0,185.0,78.0,Orthodox,1991-08-15,False
Won Jin Eoh,won jin eoh,Won Jin,Eoh,,67.0,160.0,,Orthodox,,False
Yuji Ephoevi-Ga,yuji ephoevi ga,Yuji,Ephoevi-Ga,The Chef,69.0,155.0,75.0,Switch,1999-10-19,False
Josh Epps,josh epps,Josh,Epps,,,130.0,,,1986-08-23,False
Abdellah Er-Ramy,abdellah er ramy,Abdellah,Er-Ramy,The Golden Boy,72.0,185.0,74.0,Orthodox,1996-09-19,False
Steve Erceg,steve erceg,Steve,Erceg,Astroboy,68.0,125.0,68.0,Orthodox,1995-07-27,True
Tom Erikson,tom erikson,Tom,Erikson,The Big Cat,75.0,280.0,,Orthodox,,False
Konstantin Erokhin,konstantin erokhin,Konstantin,Erokhin,,71.0,230.0,,Orthodox,1983-01-31,False
Julian Erosa,julian erosa,Julian,Erosa,Juicy J,73.0,145.0,74.0,Southpaw,1989-07-31,True
Jarno Errens,jarno errens,Jarno,Errens,,71.0,145.0,73.0,Orthodox,1994-11-17,False
Ivan Erslan,ivan erslan,Ivan,Erslan,,74.0,205.0,72.0,Orthodox,1991-11-15,True
Nick Ertl,nick ertl,Nick,Ertl,,69.0,155.0,,,,False
Chel Erwin-Davis,chel erwin davis,Chel,Erwin-Davis,The First Sun,72.0,170.0,,,,False
Bobby Escalante,bobby escalante,Bobby,Escalante,,,130.0,,,,False
Eric Esch,eric esch,Eric,Esch,Butterbean,71.0,350.0,,Orthodox,2068-08-03,False
Pro Escobedo,pro escobedo,Pro,Escobedo,,,205.0,,,,False
Cole Escovedo,cole escovedo,Cole,Escovedo,Apache Kid,67.0,135.0,72.0,Orthodox,1981-08-30,False
Efrain Escudero,efrain escudero,Efrain,Escudero,Hecho En Mexico,69.0,155.0,71.0,Orthodox,1986-01-15,False
Evan Esguerra,evan esguerra,Evan,Esguerra,,,145.0,,,,False
Carla Esparza,carla esparza,Carla,Esparza,Cookie Monster,61.0,115.0,63.0,Orthodox,1987-10-10,False
Juan Espino,juan espino,Juan,Espino,El Guapo,75.0,255.0,80.0,Orthodox,1980-10-09,False
Jordan Espinosa,jordan espinosa,Jordan,Espinosa,The Gamer,66.0,125.0,69.0,Orthodox,1989-11-08,False
Jodie Esquibel,jodie esquibel,Jodie,Esquibel,,61.0,115.0,64.0,Orthodox,1986-05-07,False
Rafael Estevam,rafael estevam,Rafael,Estevam,Macapa,68.0,125.0,69.0,Orthodox,1996-08-10,True
Achilles Estremadura,achilles estremadura,Achilles,Estremadura,,70.0,155.0,68.0,Orthodox,1992-03-11,False
Shaun Etchell,shaun etchell,Shaun,Etchell,The Buzzsaw,67.0,125.0,68.0,Switch,1993-08-05,False
Terry Etim,terry etim,Terry,Etim,,73.0,155.0,73.0,Orthodox,1986-01-11,False
Fred Ettish,fred ettish,Fred,Ettish,,72.0,180.0,,Southpaw,,False
Scott Ettling,scott ettling,Scott,Ettling,,,135.0,,,,False
Sijara Eubanks,sijara eubanks,Sijara,Eubanks,SarJ,64.0,125.0,67.0,Orthodox,1985-04-27,False
Billy Evangelista,billy evangelista,Billy,Evangelista,,68.0,155.0,68.0,Orthodox,1980-10-07,False
Rashad Evans,rashad evans,Rashad,Evans,Suga,72.0,205.0,75.0,Orthodox,1979-09-25,False
Doug Evans,doug evans,Doug,Evans,,69.0,155.0,,Orthodox,1980-10-10,False
Ashlee Evans-Smith,ashlee evans smith,Ashlee,Evans-Smith,Rebel Girl,68.0,135.0,67.0,Orthodox,1987-07-09,False
Dan Evensen,dan evensen,Dan,Evensen,The Viking,75.0,250.0,,Orthodox,2074-06-01,False
Tonya Evinger,tonya evinger,Tonya,Evinger,Triple Threat,67.0,135.0,70.0,Orthodox,1981-06-04,False
Movsar Evloev,movsar evloev,Movsar,Evloev,,67.0,145.0,72.0,Orthodox,1994-02-11,True
Andre Ewell,andre ewell,Andre,Ewell,Mr. Highlight,68.0,145.0,75.0,Southpaw,1988-01-21,False
Chris Ewert,chris ewert,Chris,Ewert,El Tanke,72.0,185.0,75.0,Orthodox,1993-09-06,False
Neal Ewing,neal ewing,Neal,Ewing,,,185.0,,,1985-09-30,False
Ethyn Ewing,ethyn ewing,Ethyn,Ewing,The Professor Finesser,66.0,145.0,69.0,Orthodox,1998-02-16,True
Manuel Exposito,manuel exposito,Manuel,Exposito,,67.0,145.0,68.0,Orthodox,2000-05-09,False
Jessica Eye,jessica eye,Jessica,Eye,Evil,66.0,125.0,66.0,Orthodox,1986-07-27,False
Edward Faaloloto,edward faaloloto,Edward,Faaloloto,,,155.0,70.0,Orthodox,1984-07-15,False
Urijah Faber,urijah faber,Urijah,Faber,The California Kid,66.0,135.0,67.0,Orthodox,1979-05-14,False
Melinda Fabian,melinda fabian,Melinda,Fabian,,66.0,125.0,66.0,Orthodox,1987-06-25,False
Wagnney Fabiano,wagnney fabiano,Wagnney,Fabiano,The Silencer,66.0,145.0,69.0,Southpaw,2075-07-14,False
Bartosz Fabinski,bartosz fabinski,Bartosz,Fabinski,The Butcher,72.0,170.0,75.0,Orthodox,1986-04-26,False
Ron Faircloth,ron faircloth,Ron,Faircloth,,69.0,205.0,,Orthodox,1979-08-16,False
Jason Fairn,jason fairn,Jason,Fairn,,73.0,230.0,,,,False
Zarah Fairn,zarah fairn,Zarah,Fairn,Infinite,68.0,135.0,72.0,Orthodox,1983-12-10,True
Rinat Fakhretdinov,rinat fakhretdinov,Rinat,Fakhretdinov,Gladiator,72.0,170.0,74.0,Orthodox,1991-09-28,False
Maiquel Falcao,maiquel falcao,Maiquel,Falcao,Big Rig,71.0,185.0,,Orthodox,1981-03-08,False
Pedro Falcao,pedro falcao,Pedro,Falcao,Pedrinho,66.0,135.0,66.0,Orthodox,1992-07-30,False
Brodie Farber,brodie farber,Brodie,Farber,,73.0,170.0,,Orthodox,1980-07-05,False
Joao Paulo Faria,joao paulo faria,Joao Paulo,Faria,,69.0,155.0,,,,False
Kalindra Faria,kalindra faria,Kalindra,Faria,,67.0,125.0,,Switch,1986-07-23,False
Jair Farias,jair farias,Jair,Farias,Chosen,73.0,145.0,76.0,Orthodox,1993-03-16,True
Chance Farrar,chance farrar,Chance,Farrar,,69.0,145.0,,Southpaw,2075-09-11,False
Rico Farrington,rico farrington,Rico,Farrington,The Triggerman,76.0,170.0,79.0,Southpaw,1989-06-19,True
Kelly Faszholz,kelly faszholz,Kelly,Faszholz,,68.0,135.0,,Orthodox,1985-04-09,False
Rodney Faverus,rodney faverus,Rodney,Faverus,,72.0,215.0,,Southpaw,,False
Paul Felder,paul felder,Paul,Felder,The Irish Dragon,71.0,155.0,70.0,Orthodox,1984-04-25,False
Carlos Felipe,carlos felipe,Carlos,Felipe,Boi,72.0,245.0,75.0,Orthodox,1995-01-12,False
JP Felty,jp felty,JP,Felty,,,170.0,,,1979-04-28,False
Feng Pengchao,feng pengchao,Feng,Pengchao,,,135.0,,,,True
Feng Xiaocan,feng xiaocan,Feng,Xiaocan,,67.0,115.0,67.0,Southpaw,2001-12-27,False
Kevin Ferguson,kevin ferguson,Kevin,Ferguson,Kimbo Slice,74.0,235.0,77.0,Orthodox,2074-02-08,False
Rhadi Ferguson,rhadi ferguson,Rhadi,Ferguson,,67.0,205.0,,,,False
Tony Ferguson,tony ferguson,Tony,Ferguson,El Cucuy,71.0,170.0,76.0,Orthodox,1984-02-12,False
Josh Ferguson,josh ferguson,Josh,Ferguson,Taz,65.0,125.0,,Orthodox,1988-05-13,False
CJ Fernandes,cj fernandes,CJ,Fernandes,,74.0,170.0,,,1977-11-13,False
Bibiano Fernandes,bibiano fernandes,Bibiano,Fernandes,,67.0,139.0,,Orthodox,1980-03-30,False
Gabriella Fernandes,gabriella fernandes,Gabriella,Fernandes,Gabi,66.0,125.0,66.0,Southpaw,1993-08-13,True
Kaue Fernandes,kaue fernandes,Kaue,Fernandes,,69.0,155.0,73.0,Orthodox,1995-03-17,True
Emily Fernandez,emily fernandez,Emily,Fernandez,,,,,,,False
Luke Fernandez,luke fernandez,Luke,Fernandez,,,205.0,,,1995-06-29,True
Lucas Fernando,lucas fernando,Lucas,Fernando,,75.0,185.0,80.0,,1997-01-10,True
Alexandre Ferreira,alexandre ferreira,Alexandre,Ferreira,Cacareco,67.0,205.0,,Orthodox,1979-04-25,False
Cezar Ferreira,cezar ferreira,Cezar,Ferreira,Mutante,73.0,185.0,78.0,Southpaw,1985-02-15,False
Diego Ferreira,diego ferreira,Diego,Ferreira,,69.0,155.0,74.0,Orthodox,1985-01-18,True
Erisson Ferreira,erisson ferreira,Erisson,Ferreira,Gato,66.0,125.0,70.0,Orthodox,1991-05-03,True
Brunno Ferreira,brunno ferreira,Brunno,Ferreira,The Hulk,70.0,185.0,72.0,Orthodox,1992-11-04,True
Scott Ferrozzo,scott ferrozzo,Scott,Ferrozzo,The Pitbull,71.0,323.0,,Orthodox,2065-04-26,False
Timo Feucht,timo feucht,Timo,Feucht,,75.0,205.0,79.0,Orthodox,1996-01-18,False
Andre Fialho,andre fialho,Andre,Fialho,,72.0,170.0,74.0,Orthodox,1994-04-07,True
Drew Fickett,drew fickett,Drew,Fickett,The Master,70.0,155.0,70.0,Orthodox,1979-12-14,False
Scott Fiedler,scott fiedler,Scott,Fiedler,,76.0,235.0,,Orthodox,,False
Ron Fields,ron fields,Ron,Fields,Killing,74.0,200.0,,Orthodox,2074-11-18,False
Michal Figlak,michal figlak,Michal,Figlak,Mad Dog,70.0,155.0,70.0,Orthodox,1996-08-15,False
Deiveson Figueiredo,deiveson figueiredo,Deiveson,Figueiredo,Deus da Guerra,65.0,135.0,68.0,Orthodox,1987-12-18,True
Francisco Figueiredo,francisco figueiredo,Francisco,Figueiredo,Sniper,66.0,125.0,68.0,Southpaw,1989-10-23,False
Anthony Figueroa,anthony figueroa,Anthony,Figueroa,,64.0,135.0,,Orthodox,,False
Edwin Figueroa,edwin figueroa,Edwin,Figueroa,El Feroz,67.0,135.0,69.0,Orthodox,1984-07-31,False
Jonathan Figueroa,jonathan figueroa,Jonathan,Figueroa,El Picante,,185.0,,,1995-02-05,False
Paulo Filho,paulo filho,Paulo,Filho,,68.0,185.0,,Southpaw,1978-05-24,False
Jafel Filho,jafel filho,Jafel,Filho,Pastor,67.0,125.0,68.0,Orthodox,1993-05-05,True
Andre Fili,andre fili,Andre,Fili,Touchy,71.0,145.0,74.0,Orthodox,1990-06-25,True
Mirko Filipovic,mirko filipovic,Mirko,Filipovic,Cro Cop,74.0,230.0,73.0,Southpaw,2074-09-10,False
Brady Fink,brady fink,Brady,Fink,,72.0,183.0,,Orthodox,,False
Jesse Finney,jesse finney,Jesse,Finney,,72.0,170.0,,,2074-07-11,False
Jan Finney,jan finney,Jan,Finney,Cuddles,68.0,135.0,,Orthodox,,False
Torrez Finney,torrez finney,Torrez,Finney,The Punisher,68.0,185.0,75.0,Orthodox,1998-10-24,True
Luigi Fioravanti,luigi fioravanti,Luigi,Fioravanti,,68.0,170.0,70.0,Orthodox,1981-01-22,False
Nick Fiore,nick fiore,Nick,Fiore,,70.0,155.0,72.0,Orthodox,1997-12-10,False
Manon Fiorot,manon fiorot,Manon,Fiorot,The Beast,67.0,125.0,65.0,Orthodox,1990-02-17,True
Luiz Firmino,luiz firmino,Luiz,Firmino,Buscape,66.0,154.0,,Orthodox,1982-03-18,False
Spencer Fisher,spencer fisher,Spencer,Fisher,The King,67.0,155.0,68.0,Southpaw,1976-05-09,False
Chris Fishgold,chris fishgold,Chris,Fishgold,,68.0,145.0,68.0,Orthodox,1992-06-06,False
Bryanna Fissori,bryanna fissori,Bryanna,Fissori,,64.0,145.0,,,,False
Jon Fitch,jon fitch,Jon,Fitch,,72.0,170.0,74.0,Orthodox,1978-02-24,False
Isi Fitikefu,isi fitikefu,Isi,Fitikefu,Doxz,70.0,205.0,,,,False
Rafael Fiziev,rafael fiziev,Rafael,Fiziev,Ataman,68.0,155.0,71.0,Switch,1993-03-05,True
Colin Fletcher,colin fletcher,Colin,Fletcher,The Freakshow,74.0,155.0,,Orthodox,1983-01-08,False
AJ Fletcher,aj fletcher,AJ,Fletcher,The Ghost,70.0,170.0,67.0,Switch,1997-02-18,True
Nathan Fletcher,nathan fletcher,Nathan,Fletcher,,67.0,135.0,70.0,Orthodox,1998-01-03,True
Jimmy Flick,jimmy flick,Jimmy,Flick,The Brick,67.0,125.0,68.0,Orthodox,1990-09-07,False
Luke Flores,luke flores,Luke,Flores,,72.0,155.0,73.0,Southpaw,1988-03-17,False
Ty Flores,ty flores,Ty,Flores,Big Medicine,75.0,205.0,73.0,Switch,1993-12-22,True
Alejandro Flores,alejandro flores,Alejandro,Flores,El Gallito,70.0,145.0,73.0,Orthodox,1991-08-06,False
Kenny Florian,kenny florian,Kenny,Florian,KenFlo,70.0,145.0,74.0,Southpaw,1976-05-26,False
Darrius Flowers,darrius flowers,Darrius,Flowers,Beast Mode,69.0,155.0,71.0,Orthodox,1994-08-25,True
Cody Floyd,cody floyd,Cody,Floyd,,,,,,1988-07-18,False
Bobby Flynn,bobby flynn,Bobby,Flynn,,,170.0,,,,False
Caros Fodor,caros fodor,Caros,Fodor,The Future,69.0,155.0,74.0,Orthodox,1984-01-07,False
Mal Foki,mal foki,Mal,Foki,Twin Tiger,67.0,220.0,,Orthodox,,False
Matt Foki,matt foki,Matt,Foki,Twin Tiger,67.0,220.0,,Orthodox,,False
AJ Fonseca,aj fonseca,AJ,Fonseca,,64.0,145.0,,,,False
Rob Font,rob font,Rob,Font,,68.0,135.0,71.0,Orthodox,1987-06-25,True
Claudionor Fontinelle,claudionor fontinelle,Claudionor,Fontinelle,,65.0,185.0,,Orthodox,,False
Jesse Forbes,jesse forbes,Jesse,Forbes,Kid Hercules,74.0,185.0,75.0,Southpaw,1984-10-24,False
Sterling Ford,sterling ford,Sterling,Ford,,70.0,155.0,,,1986-03-12,False
Codale Ford,codale ford,Codale,Ford,Crunch Time,69.0,170.0,,,1979-05-13,False
Raheam Forest,raheam forest,Raheam,Forest,Rambo,71.0,170.0,73.0,Switch,1997-07-11,False
Jussier Formiga,jussier formiga,Jussier,Formiga,,65.0,125.0,67.0,Orthodox,1985-04-14,False
Carol Foro,carol foro,Carol,Foro,Anabelle,,115.0,,,,True
Renee Forte,renee forte,Renee,Forte,,67.0,155.0,71.0,Orthodox,1987-03-27,False
Brianna Fortino,brianna fortino,Brianna,Fortino,The Bull,60.0,115.0,62.0,Southpaw,1993-08-04,False
Marcel Fortuna,marcel fortuna,Marcel,Fortuna,,73.0,205.0,74.0,Orthodox,1985-10-22,False
Brian Foster,brian foster,Brian,Foster,The Foster Boy,69.0,170.0,71.0,Orthodox,1984-04-03,False
Xavier Foupa-Pokam,xavier foupa pokam,Xavier,Foupa-Pokam,Professor X,73.0,185.0,,Open Stance,1982-07-03,False
Mason Fowler,mason fowler,Mason,Fowler,,71.0,170.0,,,,False
Brandon Foxworth,brandon foxworth,Brandon,Foxworth,,71.0,145.0,,Orthodox,1979-04-28,False
Hermes Franca,hermes franca,Hermes,Franca,,66.0,155.0,71.0,Orthodox,2074-08-26,False
Glaico Franca Moreira,glaico franca moreira,Glaico,Franca Moreira,Nego,72.0,155.0,77.0,Orthodox,1991-02-28,False
Francisco France,francisco france,Francisco,France,Kiko,72.0,205.0,,,1983-01-21,False
John Franchi,john franchi,John,Franchi,,66.0,145.0,67.0,Orthodox,1982-07-16,False
Felipe Franco,felipe franco,Felipe,Franco,Negao,,205.0,,,2001-01-22,True
Rich Franklin,rich franklin,Rich,Franklin,Ace,73.0,185.0,76.0,Southpaw,2074-10-05,False
Xavier Franklin,xavier franklin,Xavier,Franklin,Mr. Benjamin,66.0,135.0,66.0,Southpaw,1996-10-15,False
Zoila Frausto,zoila frausto,Zoila,Frausto,Warrior Princess,64.0,135.0,,Orthodox,,False
Stephanie Frausto,stephanie frausto,Stephanie,Frausto,Lil Bovy,62.0,115.0,61.0,Orthodox,1990-09-20,True
Zane Frazier,zane frazier,Zane,Frazier,Nasty,77.0,250.0,,Orthodox,,False
Gary Frazier,gary frazier,Gary,Frazier,,72.0,245.0,,Orthodox,,False
Justin Frazier,justin frazier,Justin,Frazier,The Grizzly Bear,72.0,265.0,75.0,Southpaw,1989-06-15,False
Ian Freeman,ian freeman,Ian,Freeman,The Machine,71.0,225.0,,Orthodox,2066-11-10,False
Jason Freeman,jason freeman,Jason,Freeman,,74.0,225.0,,,1976-09-02,False
Kennedy Freeman,kennedy freeman,Kennedy,Freeman,The Machine 2.0,,125.0,,,1996-11-26,True
Denzel Freeman,denzel freeman,Denzel,Freeman,Luke Fox,,265.0,,Southpaw,1991-11-10,True
Willamy Freire,willamy freire,Willamy,Freire,Chiquerim,68.0,155.0,,Orthodox,1987-07-28,False
Patricio Freire,patricio freire,Patricio,Freire,Pitbull,66.0,145.0,67.0,Orthodox,1987-07-07,False
Patricky Freire,patricky freire,Patricky,Freire,Pitbull,67.0,155.0,71.0,,1986-06-01,False
Jeremy  Freitag,jeremy freitag,Jeremy ,Freitag,,,,,,,False
Rafael Freitas,rafael freitas,Rafael,Freitas,Capoeira,,205.0,,Orthodox,,False
Donavon Frelow,donavon frelow,Donavon,Frelow,,67.0,135.0,,Orthodox,1985-01-20,False
Josh Fremd,josh fremd,Josh,Fremd,,76.0,185.0,76.0,Orthodox,1994-01-15,False
Clay French,clay french,Clay,French,,67.0,161.0,,Southpaw,1980-10-07,False
Mike French,mike french,Mike,French,,70.0,145.0,,,2075-05-29,False
Matt Frevola,matt frevola,Matt,Frevola,The SteamRolla,69.0,155.0,71.0,Orthodox,1990-06-11,True
Jinh Yu Frey,jinh yu frey,Jinh Yu,Frey,,63.0,115.0,65.0,Southpaw,1985-05-20,False
Artem Frolov,artem frolov,Artem,Frolov,,70.0,185.0,,,1991-09-07,False
Sarah Frota,sarah frota,Sarah,Frota,A Treta,66.0,125.0,69.0,Southpaw,1987-04-14,False
Daniel Frunza,daniel frunza,Daniel,Frunza,,73.0,170.0,73.0,Orthodox,1994-04-13,True
Don Frye,don frye,Don,Frye,The Predator,73.0,219.0,,Orthodox,2065-11-23,False
Allen Frye Jr.,allen frye jr,Allen,Frye Jr.,,,265.0,,,1998-04-15,True
Tony Fryklund,tony fryklund,Tony,Fryklund,The Freak,72.0,185.0,,Orthodox,2071-03-26,False
Adam Fugitt,adam fugitt,Adam,Fugitt,,73.0,170.0,77.0,Southpaw,1989-01-12,False
Jesse Fujarczyk,jesse fujarczyk,Jesse,Fujarczyk,The Ronin,76.0,225.0,,Southpaw,1983-01-28,False
Katsuhisa Fujii,katsuhisa fujii,Katsuhisa,Fujii,Shamoji,72.0,205.0,,Orthodox,2072-08-15,False
Megumi Fujii,megumi fujii,Megumi,Fujii,Mega Megu,63.0,113.0,,,2074-04-26,False
Kazuyuki Fujita,kazuyuki fujita,Kazuyuki,Fujita,Ironhead,72.0,235.0,,Orthodox,2070-10-16,False
Keisuke Fujiwara,keisuke fujiwara,Keisuke,Fujiwara,,66.0,139.0,,Switch,,False
Riki Fukuda,riki fukuda,Riki,Fukuda,,72.0,185.0,73.0,Southpaw,1981-01-06,False
Masio Fullen,masio fullen,Masio,Fullen,Lobo,70.0,145.0,70.0,Orthodox,1986-10-06,False
Travis Fulton,travis fulton,Travis,Fulton,The Ironman,72.0,240.0,,Orthodox,1977-05-29,False
Sam Fulton,sam fulton,Sam,Fulton,,,,,,,False
Masakatsu Funaki,masakatsu funaki,Masakatsu,Funaki,,72.0,185.0,,Southpaw,2069-03-13,False
Ricardo Funch,ricardo funch,Ricardo,Funch,Golden Boy,70.0,170.0,74.0,Southpaw,1980-08-14,False
Katsuaki Furuki,katsuaki furuki,Katsuaki,Furuki,,72.0,168.0,,,1980-11-10,False
James Gabert,james gabert,James,Gabert,,,178.0,,,,False
Gustavo Gabriel,gustavo gabriel,Gustavo,Gabriel,,66.0,125.0,,Orthodox,1994-04-01,False
Claudia Gadelha,claudia gadelha,Claudia,Gadelha,Claudinha,64.0,115.0,63.0,Orthodox,1988-12-07,False
Alavutdin Gadjiev,alavutdin gadjiev,Alavutdin,Gadjiev,,74.0,185.0,,Orthodox,1982-06-23,False
Magomed Gadzhiyasulov,magomed gadzhiyasulov,Magomed,Gadzhiyasulov,,74.0,205.0,75.0,Orthodox,1993-11-04,False
Justin Gaethje,justin gaethje,Justin,Gaethje,The Highlight,71.0,155.0,70.0,Orthodox,1988-11-14,True
Sheila Gaff,sheila gaff,Sheila,Gaff,The German Tank,65.0,135.0,,Orthodox,1989-12-29,False
Muin Gafurov,muin gafurov,Muin,Gafurov,Tajik,67.0,135.0,68.0,Orthodox,1996-05-17,True
Mitch Gagnon,mitch gagnon,Mitch,Gagnon,,65.0,135.0,65.0,Southpaw,1984-10-10,False
Brandon Gaines,brandon gaines,Brandon,Gaines,,75.0,185.0,,,,False
Travis Galbraith,travis galbraith,Travis,Galbraith,The Gladiator,72.0,170.0,,Orthodox,1981-05-18,False
Dave Galera,dave galera,Dave,Galera,Scarecrow,71.0,135.0,,Orthodox,1978-01-12,False
Zelg Galesic,zelg galesic,Zelg,Galesic,Benkei,74.0,185.0,,Orthodox,1979-02-16,False
Mickey Gall,mickey gall,Mickey,Gall,,74.0,170.0,74.0,Switch,1992-01-22,True
Daniel Gallemore,daniel gallemore,Daniel,Gallemore,Big Kansas,77.0,265.0,,,,False
Tom Gallicchio,tom gallicchio,Tom,Gallicchio,Da Tank,70.0,170.0,,Southpaw,1986-09-23,False
Turrell Galloway,turrell galloway,Turrell,Galloway,,63.0,145.0,,,,False
Eric Galvan,eric galvan,Eric,Galvan,,,155.0,,,,False
Andre Galvao,andre galvao,Andre,Galvao,,67.0,168.0,,Orthodox,1982-09-29,False
Marcos Galvao,marcos galvao,Marcos,Galvao,Loro,67.0,135.0,,Orthodox,1981-06-23,False
Lucas Gamaza,lucas gamaza,Lucas,Gamaza,,,170.0,,,,False
Joey Gambino,joey gambino,Joey,Gambino,The Raging Warrior,67.0,145.0,,Orthodox,1988-10-26,False
Manvel Gamburyan,manvel gamburyan,Manvel,Gamburyan,The Anvil,65.0,135.0,67.0,Orthodox,1981-05-08,False
Mateusz Gamrot,mateusz gamrot,Mateusz,Gamrot,Gamer,70.0,155.0,70.0,Southpaw,1990-12-11,True
Shamil Gamzatov,shamil gamzatov,Shamil,Gamzatov,,74.0,205.0,76.0,Orthodox,1990-08-09,False
Ryan Gandra,ryan gandra,Ryan,Gandra,Problema,73.0,185.0,74.0,Orthodox,1995-05-08,True
Ariel Gandulla,ariel gandulla,Ariel,Gandulla,,71.0,205.0,,Orthodox,2068-05-07,False
Ciryl Gane,ciryl gane,Ciryl,Gane,Bon Gamin,76.0,245.0,81.0,Orthodox,1990-04-12,True
Sean Gannon,sean gannon,Sean,Gannon,The Cannon,75.0,265.0,,Southpaw,,False
Tommy Gantt,tommy gantt,Tommy,Gantt,,,,,,,False
Junye Gao,junye gao,Junye,Gao,,,125.0,,,,True
Eduardo Garagorri,eduardo garagorri,Eduardo,Garagorri,,69.0,145.0,70.0,Orthodox,1989-05-28,False
Cody Garbrandt,cody garbrandt,Cody,Garbrandt,No Love,68.0,135.0,65.0,Orthodox,1991-07-07,True
Leonard Garcia,leonard garcia,Leonard,Garcia,Bad Boy,70.0,145.0,68.0,Orthodox,1979-07-14,False
Edgar Garcia,edgar garcia,Edgar,Garcia,,70.0,170.0,71.0,Orthodox,1984-02-22,False
Alejandro Garcia,alejandro garcia,Alejandro,Garcia,Alex,67.0,145.0,,,,False
Alex Garcia,alex garcia,Alex,Garcia,The Dominican Nightmare,69.0,170.0,72.0,Orthodox,1987-07-14,False
Nick Garcia,nick garcia,Nick,Garcia,Nitro,64.0,125.0,,,,False
Steve Garcia,steve garcia,Steve,Garcia,Mean Machine,72.0,145.0,75.0,Southpaw,1992-05-22,True
Elias Garcia,elias garcia,Elias,Garcia,,65.0,125.0,67.0,Southpaw,1992-09-13,False
Rafa Garcia,rafa garcia,Rafa,Garcia,Gifted,67.0,155.0,70.0,Orthodox,1994-08-05,True
Fernie Garcia,fernie garcia,Fernie,Garcia,,67.0,135.0,67.0,Orthodox,1992-04-12,True
Rulon Gardner,rulon gardner,Rulon,Gardner,,75.0,265.0,,Orthodox,2071-08-16,False
David Gardner,david gardner,David,Gardner,,71.0,155.0,,Orthodox,1977-05-17,False
Pablo Garza,pablo garza,Pablo,Garza,The Scarecrow,73.0,145.0,73.0,Orthodox,1983-09-16,False
Azamat Gashimov,azamat gashimov,Azamat,Gashimov,,66.0,125.0,,Orthodox,1990-04-07,False
Brian Gassaway,brian gassaway,Brian,Gassaway,,73.0,170.0,,Orthodox,2072-08-07,False
Kelvin Gastelum,kelvin gastelum,Kelvin,Gastelum,,69.0,185.0,71.0,Southpaw,1991-10-24,True
Willie Gates,willie gates,Willie,Gates,,68.0,125.0,72.0,Orthodox,1987-01-21,False
Melissa Gatto,melissa gatto,Melissa,Gatto,,65.0,135.0,69.0,Orthodox,1996-05-02,True
Sean Gauci,sean gauci,Sean,Gauci,,65.0,125.0,64.0,Switch,1996-10-07,False
Louis Gaudinot,louis gaudinot,Louis,Gaudinot,Goodnight,63.0,125.0,63.0,Orthodox,1984-08-28,False
Ateba Gautier,ateba gautier,Ateba,Gautier,The Storm,76.0,185.0,81.0,Switch,2002-04-10,True
Manuel Gaxhja,manuel gaxhja,Manuel,Gaxhja,,68.0,155.0,,Switch,1997-07-23,False
Shamil Gaziev,shamil gaziev,Shamil,Gaziev,,76.0,265.0,78.0,Orthodox,1990-02-10,True
Charlene Gellner,charlene gellner,Charlene,Gellner,Princess,62.0,125.0,,,,False
Chad George,chad george,Chad,George,Savage,66.0,135.0,68.0,Southpaw,1982-04-30,False
Paul Georgieff,paul georgieff,Paul,Georgieff,,74.0,170.0,,Orthodox,1982-09-22,False
Brian Geraghty,brian geraghty,Brian,Geraghty,Duke,67.0,155.0,,Orthodox,1980-11-04,False
Derek Getzel,derek getzel,Derek,Getzel,The Pretzel,72.0,155.0,,,,False
Karine Gevorgyan,karine gevorgyan,Karine,Gevorgyan,The Princess,64.0,125.0,63.0,,1989-03-09,False
Yanis Ghemmouri,yanis ghemmouri,Yanis,Ghemmouri,The Desert Warrior,69.0,135.0,69.0,Orthodox,1995-01-24,False
Darrel Gholar,darrel gholar,Darrel,Gholar,,68.0,194.0,,Orthodox,,False
Tiki Ghosn,tiki ghosn,Tiki,Ghosn,,70.0,170.0,,Orthodox,1977-02-09,False
Christos Giagos,christos giagos,Christos,Giagos,The Spartan,70.0,155.0,71.0,Orthodox,1990-01-23,False
Joe Giannetti,joe giannetti,Joe,Giannetti,,72.0,155.0,74.0,Southpaw,1995-07-05,False
Nick Gibbons,nick gibbons,Nick,Gibbons,,70.0,155.0,,,,False
James Giboo,james giboo,James,Giboo,,71.0,170.0,,Orthodox,1978-01-06,False
Lance Gibson,lance gibson,Lance,Gibson,Fearless,69.0,185.0,,Orthodox,2070-11-20,False
Lee Gibson,lee gibson,Lee,Gibson,Lethal,67.0,155.0,,,,False
Cody Gibson,cody gibson,Cody,Gibson,The Renegade,70.0,135.0,71.0,Orthodox,1987-09-11,True
Chase Gibson,chase gibson,Chase,Gibson,El Guero,70.0,155.0,72.0,Orthodox,1990-02-07,False
Lance Gibson Jr.,lance gibson jr,Lance,Gibson Jr.,Fearless,69.0,155.0,72.0,,1995-02-02,True
Kenny Giddens,kenny giddens,Kenny,Giddens,,71.0,155.0,,,,False
Thomas Gifford,thomas gifford,Thomas,Gifford,The Young Lion,73.0,155.0,75.0,Orthodox,1992-07-26,False
Joseph Gigliotti,joseph gigliotti,Joseph,Gigliotti,Capo,71.0,185.0,,Orthodox,1993-08-13,False
Joey Gilbert,joey gilbert,Joey,Gilbert,,71.0,155.0,,Orthodox,1976-06-05,False
Trevin Giles,trevin giles,Trevin,Giles,,72.0,170.0,74.0,Orthodox,1992-08-06,False
Kultar Gill,kultar gill,Kultar,Gill,Black Mamba,72.0,154.0,,Orthodox,1979-03-24,False
Jesse Gillespie,jesse gillespie,Jesse,Gillespie,,,185.0,,,,False
Gregor Gillespie,gregor gillespie,Gregor,Gillespie,The Gift,67.0,155.0,71.0,Orthodox,1986-11-13,True
Jason Gilliam,jason gilliam,Jason,Gilliam,,72.0,170.0,,Orthodox,,False
Micheal Gillmore,micheal gillmore,Micheal,Gillmore,The Gentleman,71.0,170.0,72.0,Orthodox,1987-03-28,False
Krishaun Gilmore,krishaun gilmore,Krishaun,Gilmore,,,,,,,False
Alex Gilpin,alex gilpin,Alex,Gilpin,,67.0,145.0,,Orthodox,1992-03-26,True
Bob Gilstrap,bob gilstrap,Bob,Gilstrap,,75.0,200.0,,Orthodox,,False
Max Gimenis,max gimenis,Max,Gimenis,,74.0,256.0,75.0,Orthodox,1993-04-14,True
Eperaim Ginting,eperaim ginting,Eperaim,Ginting,The Wolfman,64.0,135.0,64.0,Orthodox,1995-11-30,True
Demetrius Gioulacos,demetrius gioulacos,Demetrius,Gioulacos,,71.0,185.0,,,,False
Billy Giovanella,billy giovanella,Billy,Giovanella,Wolverine,68.0,125.0,,,1985-08-20,False
He-Man Gipson,he man gipson,He-Man,Gipson,,,,,,,False
Israel Giron,israel giron,Israel,Giron,El Rojo,68.0,155.0,,,2074-01-16,False
Brandon Girtz,brandon girtz,Brandon,Girtz,Cold Roll,67.0,155.0,,,1985-03-06,False
Jason Glaza,jason glaza,Jason,Glaza,,72.0,230.0,,,,False
Mike Glenn,mike glenn,Mike,Glenn,,,205.0,,,1977-10-09,False
Ricky Glenn,ricky glenn,Ricky,Glenn,The Gladiator,72.0,170.0,70.0,Southpaw,1989-04-12,False
Ivan Gnizditskiy,ivan gnizditskiy,Ivan,Gnizditskiy,,,205.0,,,1996-05-10,False
Mark Godbeer,mark godbeer,Mark,Godbeer,The Hand Of,76.0,240.0,77.0,Orthodox,1983-11-22,False
Clint Godfrey,clint godfrey,Clint,Godfrey,,66.0,135.0,,Southpaw,1982-10-21,False
Loopy Godinez,loopy godinez,Loopy,Godinez,,62.0,115.0,61.0,Orthodox,1993-09-06,True
Jason Godsey,jason godsey,Jason,Godsey,,74.0,230.0,,Orthodox,,False
Allan Goes,allan goes,Allan,Goes,,72.0,205.0,,Orthodox,2071-04-20,False
Billy Ray Goff,billy ray goff,Billy Ray,Goff,,70.0,170.0,72.0,Switch,1998-06-18,True
Amiran Gogoladze,amiran gogoladze,Amiran,Gogoladze,,73.0,170.0,74.0,Switch,1997-12-09,True
Jonny Goh,jonny goh,Jonny,Goh,,71.0,155.0,,,,False
Hannah Goldy,hannah goldy,Hannah,Goldy,24K,64.0,115.0,61.0,Orthodox,1992-05-18,True
Marcelo Golm,marcelo golm,Marcelo,Golm,,75.0,249.0,75.0,Orthodox,1992-09-15,False
Denise Gomes,denise gomes,Denise,Gomes,Dee,62.0,115.0,63.0,Orthodox,1999-12-30,True
Sergio Gomez,sergio gomez,Sergio,Gomez,,66.0,155.0,,Orthodox,1982-04-29,False
Frank Gomez,frank gomez,Frank,Gomez,,70.0,135.0,67.0,Orthodox,1986-03-31,False
Alan Gomez,alan gomez,Alan,Gomez,,,155.0,,,,False
David Gomez,david gomez,David,Gomez,,,155.0,,,1983-08-08,False
Ulysses Gomez,ulysses gomez,Ulysses,Gomez,Useless,66.0,125.0,,Orthodox,1983-05-25,False
Joey Gomez,joey gomez,Joey,Gomez,KO King,70.0,135.0,73.0,Orthodox,1986-07-21,False
Joey Gomez,joey gomez,Joey,Gomez,KO King,70.0,155.0,71.0,Orthodox,1989-08-29,False
Luis Gomez,luis gomez,Luis,Gomez,Tiger Junior,67.0,145.0,68.0,Orthodox,1995-01-28,True
Joey Gomez,joey gomez,Joey,Gomez,,70.0,135.0,73.0,Orthodox,1986-07-21,False
Joey Gomez,joey gomez,Joey,Gomez,,70.0,155.0,71.0,Orthodox,1989-08-29,False
Edson Gomez,edson gomez,Edson,Gomez,,68.0,170.0,69.0,Switch,1991-02-23,False
Silvana Gomez Juarez,silvana gomez juarez,Silvana,Gomez Juarez,La Malvada,63.0,115.0,65.0,Orthodox,1984-12-06,False
Takanori Gomi,takanori gomi,Takanori,Gomi,The Fireball Kid,67.0,155.0,70.0,Southpaw,1978-09-22,False
William Gomis,william gomis,William,Gomis,Jaguar,72.0,145.0,73.0,Southpaw,1997-06-13,True
Akihiro Gono,akihiro gono,Akihiro,Gono,,67.0,170.0,68.0,Switch,2074-10-07,False
Gabriel Gonzaga,gabriel gonzaga,Gabriel,Gonzaga,Napao,74.0,242.0,76.0,Orthodox,1979-05-18,False
Justin Gonzales,justin gonzales,Justin,Gonzales,J-Train,69.0,145.0,72.0,Orthodox,1991-04-28,True
Fernando Gonzalez,fernando gonzalez,Fernando,Gonzalez,The Menifee Maniac,69.0,170.0,68.0,Southpaw,1983-09-15,False
Nick Gonzalez,nick gonzalez,Nick,Gonzalez,The Ghost,66.0,155.0,,Orthodox,1981-03-03,False
Fabian Gonzalez,fabian gonzalez,Fabian,Gonzalez,,70.0,135.0,,,,False
Lewis Gonzalez,lewis gonzalez,Lewis,Gonzalez,Lethal,70.0,170.0,,Orthodox,1987-09-19,False
Jason Gonzalez,jason gonzalez,Jason,Gonzalez,Nicoya,74.0,155.0,74.0,Southpaw,1990-02-28,False
Pearl Gonzalez,pearl gonzalez,Pearl,Gonzalez,,64.0,115.0,,Orthodox,1986-08-12,False
Jorge Gonzalez,jorge gonzalez,Jorge,Gonzalez,Street,74.0,205.0,76.0,Orthodox,1984-02-29,False
Mikey Gonzalez,mikey gonzalez,Mikey,Gonzalez,Rolls,71.0,155.0,74.0,Orthodox,1985-08-13,False
Erick Gonzalez,erick gonzalez,Erick,Gonzalez,The Ghost Pepper,71.0,155.0,75.0,Orthodox,1992-01-20,False
Jennifer Gonzalez,jennifer gonzalez,Jennifer,Gonzalez,Jefa,62.0,125.0,,,1986-03-22,False
Kier Gooch,kier gooch,Kier,Gooch,,,155.0,,,1986-04-21,False
Lyman Good,lyman good,Lyman,Good,Cyborg,72.0,170.0,74.0,Orthodox,1985-05-26,True
Jared Gooden,jared gooden,Jared,Gooden,NiteTrain,72.0,170.0,77.0,Orthodox,1993-12-05,False
Gary Goodridge,gary goodridge,Gary,Goodridge,Big Daddy,75.0,249.0,,Orthodox,2066-01-17,False
Jordan Goodwin,jordan goodwin,Jordan,Goodwin,,,155.0,,,,False
Gerard Gordeau,gerard gordeau,Gerard,Gordeau,,77.0,216.0,,Orthodox,2059-03-30,False
Eddie Gordon,eddie gordon,Eddie,Gordon,Truck,72.0,185.0,76.0,Orthodox,1983-07-22,False
Jared Gordon,jared gordon,Jared,Gordon,Flash,69.0,155.0,68.0,Orthodox,1988-09-06,True
Tebaris Gordon,tebaris gordon,Tebaris,Gordon,Boom,73.0,265.0,,Orthodox,1988-07-19,False
Malcolm Gordon,malcolm gordon,Malcolm,Gordon,X,67.0,125.0,71.0,Switch,1990-05-19,False
Tresean Gore,tresean gore,Tresean,Gore,Mr. Vicious,72.0,185.0,75.0,Switch,1994-06-21,True
Alex Gorgees,alex gorgees,Alex,Gorgees,Hitman,74.0,155.0,74.0,Switch,1995-08-11,False
Themba Gorimbo,themba gorimbo,Themba,Gorimbo,The Answer,73.0,170.0,77.0,Orthodox,1991-01-23,True
Tim Gorman,tim gorman,Tim,Gorman,The Psycho,65.0,135.0,,Southpaw,1983-04-29,False
Chase Gormley,chase gormley,Chase,Gormley,,75.0,265.0,,Orthodox,,False
Jonathan Goulet,jonathan goulet,Jonathan,Goulet,The Road Warrior,72.0,170.0,73.0,Orthodox,1979-07-13,False
Thibault Gouti,thibault gouti,Thibault,Gouti,GT,70.0,155.0,72.0,Orthodox,1987-02-27,False
Wilson Gouveia,wilson gouveia,Wilson,Gouveia,,73.0,185.0,76.0,Orthodox,1978-10-03,False
Todd Gouwenberg,todd gouwenberg,Todd,Gouwenberg,,73.0,205.0,,Orthodox,2074-09-25,False
Hugo Govea,hugo govea,Hugo,Govea,,,,,,,False
Justin Governale,justin governale,Justin,Governale,The Therapist,,145.0,,,,False
Damian Grabowski,damian grabowski,Damian,Grabowski,The Polish Pitbull,73.0,241.0,75.0,Orthodox,1980-05-12,False
Patryk Grabowski,patryk grabowski,Patryk,Grabowski,Czapla,,205.0,,,1995-11-12,False
Royce Gracie,royce gracie,Royce,Gracie,,73.0,175.0,,Southpaw,2066-12-12,False
Crosley Gracie,crosley gracie,Crosley,Gracie,,69.0,190.0,,Orthodox,1979-07-18,False
Daniel Gracie,daniel gracie,Daniel,Gracie,,74.0,225.0,,Orthodox,,False
Ralph Gracie,ralph gracie,Ralph,Gracie,,69.0,183.0,,Orthodox,,False
Renzo Gracie,renzo gracie,Renzo,Gracie,,70.0,185.0,,Orthodox,2067-03-11,False
Rickson Gracie,rickson gracie,Rickson,Gracie,,70.0,185.0,,Switch,2058-11-20,False
Rodrigo Gracie,rodrigo gracie,Rodrigo,Gracie,,72.0,183.0,,Orthodox,2075-04-11,False
Royler Gracie,royler gracie,Royler,Gracie,,68.0,150.0,,Southpaw,2065-12-06,False
Ryan Gracie,ryan gracie,Ryan,Gracie,,69.0,200.0,,Orthodox,2074-08-14,False
Ralek Gracie,ralek gracie,Ralek,Gracie,,74.0,210.0,,Orthodox,1985-10-04,False
Rolles Gracie,rolles gracie,Rolles,Gracie,,76.0,242.0,,Orthodox,1978-07-14,False
Cesar Gracie,cesar gracie,Cesar,Gracie,,70.0,181.0,,Orthodox,,False
Roger Gracie,roger gracie,Roger,Gracie,,76.0,185.0,79.0,Orthodox,1981-09-26,False
Igor Gracie,igor gracie,Igor,Gracie,,71.0,170.0,,,1980-02-04,False
Neiman Gracie,neiman gracie,Neiman,Gracie,,72.0,170.0,,,,False
Kron Gracie,kron gracie,Kron,Gracie,,69.0,145.0,70.0,Southpaw,1988-07-11,False
Bogdan Grad,bogdan grad,Bogdan,Grad,The Unleashed,68.0,145.0,70.0,Orthodox,1995-09-28,True
Steven Graham,steven graham,Steven,Graham,,73.0,290.0,,Orthodox,,False
Scott Graham,scott graham,Scott,Graham,,76.0,185.0,,Orthodox,,False
Miranda Granger,miranda granger,Miranda,Granger,Danger,67.0,115.0,68.0,Orthodox,1992-04-13,False
TJ Grant,tj grant,TJ,Grant,,70.0,155.0,72.0,Orthodox,1984-02-26,False
Davey Grant,davey grant,Davey,Grant,Dangerous,68.0,135.0,69.0,Orthodox,1985-12-18,True
Dwight Grant,dwight grant,Dwight,Grant,The Body Snatcher,73.0,185.0,76.0,Switch,1984-09-14,False
Alexa Grasso,alexa grasso,Alexa,Grasso,,65.0,125.0,66.0,Orthodox,1993-08-09,True
Tony Gravely,tony gravely,Tony,Gravely,,65.0,135.0,69.0,Orthodox,1991-09-28,False
Michael Graves,michael graves,Michael,Graves,,70.0,170.0,71.0,Orthodox,1991-01-08,False
Shelton Graves,shelton graves,Shelton,Graves,The Gravedigger,74.0,255.0,76.0,Southpaw,1985-10-23,False
James Gray,james gray,James,Gray,The Phenom,69.0,135.0,,Orthodox,1987-10-25,True
Kevin Gray,kevin gray,Kevin,Gray,Pocket Herc,64.0,125.0,67.0,Orthodox,1985-05-03,False
Sam Greco,sam greco,Sam,Greco,,74.0,205.0,,Orthodox,2067-05-03,False
King Green,king green,King,Green,,70.0,155.0,71.0,Orthodox,1986-09-09,True
Desmond Green,desmond green,Desmond,Green,The Predator,70.0,155.0,73.0,Southpaw,1989-10-11,False
Gabe Green,gabe green,Gabe,Green,Gifted,70.0,155.0,73.0,Switch,1993-05-02,True
Maurice Greene,maurice greene,Maurice,Greene,The Crochet Boss,79.0,258.0,80.0,Orthodox,1986-07-05,False
Matt Grice,matt grice,Matt,Grice,The Real One,68.0,145.0,70.0,Orthodox,1981-07-29,False
Forrest Griffin,forrest griffin,Forrest,Griffin,,75.0,205.0,77.0,Orthodox,1979-03-16,False
Tyson Griffin,tyson griffin,Tyson,Griffin,,66.0,145.0,68.0,Orthodox,1984-04-20,False
Max Griffin,max griffin,Max,Griffin,Pain,71.0,170.0,76.0,Orthodox,1985-11-29,True
Jordan Griffin,jordan griffin,Jordan,Griffin,Native Psycho,70.0,145.0,73.0,Southpaw,1990-02-28,False
Chad Griggs,chad griggs,Chad,Griggs,The Grave Digger,73.0,205.0,73.0,Orthodox,1978-05-15,False
Charalampos Grigoriou,charalampos grigoriou,Charalampos,Grigoriou,Ferocious,67.0,135.0,67.0,Orthodox,1992-03-31,False
Chuck Grigsby,chuck grigsby,Chuck,Grigsby,The Reverend,78.0,205.0,,Orthodox,,False
Rodrigo Gripp de Sousa,rodrigo gripp de sousa,Rodrigo,Gripp de Sousa,Riscado,71.0,205.0,,Orthodox,,False
Maxim Grishin,maxim grishin,Maxim,Grishin,Maximus,75.0,205.0,78.0,Orthodox,1984-05-02,False
Josh Grispi,josh grispi,Josh,Grispi,The Fluke,71.0,145.0,74.0,Orthodox,1988-10-14,False
Garrett Gross,garrett gross,Garrett,Gross,,69.0,155.0,,Orthodox,1988-08-08,True
Kendall Grove,kendall grove,Kendall,Grove,Da Spyder,78.0,185.0,79.0,Orthodox,1982-11-12,False
Neil Grove,neil grove,Neil,Grove,Goliath,78.0,265.0,,Orthodox,2071-01-18,False
Chris Gruetzemacher,chris gruetzemacher,Chris,Gruetzemacher,Gritz,68.0,155.0,68.0,Orthodox,1986-06-16,True
Vik Grujic,vik grujic,Vik,Grujic,The Spartan,71.0,170.0,73.0,Orthodox,1977-02-06,False
Mike Grundy,mike grundy,Mike,Grundy,,67.0,145.0,72.0,Orthodox,1987-01-03,False
Wang Guan,wang guan,Wang,Guan,The Dongbei Tiger,69.0,145.0,71.0,Orthodox,1986-03-14,False
Anthony Guarascio,anthony guarascio,Anthony,Guarascio,The Daywalker,,265.0,,,1994-02-26,False
Nandor Guelmino,nandor guelmino,Nandor,Guelmino,The Hun,75.0,230.0,,,2075-12-20,False
Fabricio Guerreiro,fabricio guerreiro,Fabricio,Guerreiro,,70.0,145.0,,,1990-07-24,False
Rainn Guerrero,rainn guerrero,Rainn,Guerrero,Purple Rainn,66.0,125.0,65.0,Orthodox,1992-05-13,True
Shannon Gugerty,shannon gugerty,Shannon,Gugerty,,70.0,155.0,71.0,Orthodox,1981-12-30,False
Clay Guida,clay guida,Clay,Guida,The Carpenter,67.0,155.0,70.0,Orthodox,1981-12-08,False
Jason Guida,jason guida,Jason,Guida,,70.0,214.0,,,1977-08-04,False
Melvin Guillard,melvin guillard,Melvin,Guillard,The Young Assassin,69.0,155.0,71.0,Orthodox,1983-03-30,False
Chris Guillen,chris guillen,Chris,Guillen,,72.0,240.0,,Orthodox,2072-12-09,False
Marcelo Guimaraes,marcelo guimaraes,Marcelo,Guimaraes,Magrao,72.0,185.0,73.0,Orthodox,1983-06-25,False
Leonardo Guimaraes,leonardo guimaraes,Leonardo,Guimaraes,Leleco,72.0,185.0,,Orthodox,1982-04-15,False
Brad Gumm,brad gumm,Brad,Gumm,,71.0,170.0,,Orthodox,,False
John Gunderson,john gunderson,John,Gunderson,Quick Guns,69.0,155.0,69.0,Orthodox,1979-01-05,False
John Gunther,john gunther,John,Gunther,The Machine,69.0,155.0,72.0,Orthodox,1985-11-24,False
Jorge Gurgel,jorge gurgel,Jorge,Gurgel,,67.0,155.0,69.0,Orthodox,1977-01-25,False
Fabio Gurgel,fabio gurgel,Fabio,Gurgel,,72.0,205.0,,Orthodox,,False
Luis Gurule,luis gurule,Luis,Gurule,Grim,65.0,125.0,64.0,Orthodox,1993-11-16,True
Bogdan Guskov,bogdan guskov,Bogdan,Guskov,Hitman,75.0,205.0,76.0,Orthodox,1992-09-12,True
Gugun Gusman,gugun gusman,Gugun,Gusman,The Tiger,67.0,135.0,68.0,Orthodox,1990-03-03,False
Andre Gusmao,andre gusmao,Andre,Gusmao,,72.0,205.0,,Orthodox,1977-05-19,False
Alexander Gustafsson,alexander gustafsson,Alexander,Gustafsson,The Mauler,77.0,205.0,79.0,Orthodox,1987-01-15,False
Andreas Gustafsson,andreas gustafsson,Andreas,Gustafsson,Bane,73.0,170.0,73.0,Orthodox,1991-02-20,True
Justin Guthrie,justin guthrie,Justin,Guthrie,,73.0,170.0,,,1981-01-19,False
Horacio Gutierrez,horacio gutierrez,Horacio,Gutierrez,The Punisher,70.0,145.0,,,1990-09-15,False
Chris Gutierrez,chris gutierrez,Chris,Gutierrez,El Guapo,69.0,135.0,67.0,Orthodox,1991-04-22,True
Mando Gutierrez,mando gutierrez,Mando,Gutierrez,El Toro,66.0,135.0,70.0,Southpaw,1997-02-24,True
Mike Guymon,mike guymon,Mike,Guymon,The Joker,72.0,170.0,74.0,Orthodox,2074-09-17,False
Chelsea Hackett,chelsea hackett,Chelsea,Hackett,Hammer,64.0,125.0,66.0,Switch,1998-08-16,True
Keith Hackney,keith hackney,Keith,Hackney,The Giant Killer,71.0,200.0,,Sideways,,False
Cody Haddon,cody haddon,Cody,Haddon,,67.0,135.0,69.0,Orthodox,1998-09-08,True
Jake Hadley,jake hadley,Jake,Hadley,White Kong,67.0,135.0,70.0,Southpaw,1996-08-03,False
Steve Hadsel,steve hadsel,Steve,Hadsel,,68.0,170.0,,,,False
Damir Hadzovic,damir hadzovic,Damir,Hadzovic,The Bosnian Bomber,69.0,155.0,70.0,Orthodox,1986-08-08,True
Bassil Hafez,bassil hafez,Bassil,Hafez,The Habibi,71.0,170.0,72.0,Orthodox,1992-01-31,True
Tim Hague,tim hague,Tim,Hague,The Trashing Machine,76.0,260.0,76.0,Orthodox,1983-05-09,False
Theo Haig,theo haig,Theo,Haig,,74.0,185.0,77.0,Orthodox,1996-08-23,False
Yazan Hajeh,yazan hajeh,Yazan,Hajeh,Yazzle Dazzle,69.0,145.0,,Orthodox,1992-09-04,True
Stoney Hale,stoney hale,Stoney,Hale,The Skuller,72.0,,,,1979-10-18,False
Kevin Haley,kevin haley,Kevin,Haley,The North Woods Nightmare,74.0,205.0,,,,False
Mark Hall,mark hall,Mark,Hall,,72.0,190.0,,Orthodox,,False
Uriah Hall,uriah hall,Uriah,Hall,Prime Time,72.0,185.0,79.0,Orthodox,1984-07-31,False
Ryan Hall,ryan hall,Ryan,Hall,The Wizard,70.0,145.0,70.0,Southpaw,1985-02-22,True
Dennis Hallman,dennis hallman,Dennis,Hallman,Superman,69.0,155.0,72.0,Orthodox,2075-12-02,False
Piotr Hallmann,piotr hallmann,Piotr,Hallmann,Pletwal,69.0,155.0,71.0,Orthodox,1987-08-25,False
Tony Halme,tony halme,Tony,Halme,,75.0,300.0,,Orthodox,2063-01-06,False
Brandon Halsey,brandon halsey,Brandon,Halsey,Bull,72.0,185.0,,,1986-09-16,False
John Halverson,john halverson,John,Halverson,The Hurricane,69.0,155.0,,Southpaw,2072-09-08,False
Seo Hee Ham,seo hee ham,Seo Hee,Ham,,62.0,115.0,62.0,Southpaw,1987-03-08,False
Frank Hamaker,frank hamaker,Frank,Hamaker,,,,,,,False
Kazuhiro Hamanaka,kazuhiro hamanaka,Kazuhiro,Hamanaka,,72.0,185.0,,Southpaw,1978-10-24,False
Rami Hamed,rami hamed,Rami,Hamed,,73.0,170.0,71.0,Orthodox,1991-04-25,True
Matt Hamill,matt hamill,Matt,Hamill,The Hammer,73.0,205.0,76.0,Orthodox,1976-10-05,False
Jeremy Hamilton,jeremy hamilton,Jeremy,Hamilton,Hawk,,185.0,,,1984-11-14,False
Anthony Hamilton,anthony hamilton,Anthony,Hamilton,Freight Train,77.0,260.0,76.0,Orthodox,1980-04-14,False
CJ Hamilton,cj hamilton,CJ,Hamilton,The Autobot,67.0,125.0,68.0,Switch,1986-10-07,False
Jared Hamman,jared hamman,Jared,Hamman,The Messenger,75.0,185.0,75.0,Orthodox,1982-03-07,False
James Hammortree,james hammortree,James,Hammortree,The Sledge,75.0,185.0,,Orthodox,1983-11-29,False
Dean Hancock,dean hancock,Dean,Hancock,The Hammer,,155.0,,,,False
Chad Hanekom,chad hanekom,Chad,Hanekom,Superman,76.0,185.0,74.0,Orthodox,1990-04-20,True
Joachim Hansen,joachim hansen,Joachim,Hansen,Hellboy,67.0,150.0,,Southpaw,1979-05-26,False
Kay Hansen,kay hansen,Kay,Hansen,,62.0,115.0,63.0,Orthodox,1999-08-14,False
Nasrat Haqparast,nasrat haqparast,Nasrat,Haqparast,,70.0,155.0,72.0,Southpaw,1995-08-22,True
Shin Haraguchi,shin haraguchi,Shin,Haraguchi,,65.0,145.0,68.0,Switch,1998-11-27,True
Janay Harding,janay harding,Janay,Harding,Hollowpoint,,135.0,,,,False
Antoni Hardonk,antoni hardonk,Antoni,Hardonk,,76.0,245.0,78.0,Orthodox,1976-02-05,False
George Hardwick,george hardwick,George,Hardwick,King,70.0,155.0,72.0,Orthodox,1996-12-06,True
Harry Hardwick,harry hardwick,Harry,Hardwick,Houdini,,155.0,,Switch,1994-09-29,True
Dan Hardy,dan hardy,Dan,Hardy,The Outlaw,72.0,170.0,74.0,Orthodox,1982-05-17,False
Veronica Hardy,veronica hardy,Veronica,Hardy,,64.0,125.0,64.0,Southpaw,1995-10-30,True
Greg Hardy,greg hardy,Greg,Hardy,Prince of War,77.0,265.0,80.0,Orthodox,1988-07-28,False
Tobias Harila,tobias harila,Tobias,Harila,Bad Intention,,,,,1994-01-13,False
Baru Harn,baru harn,Baru,Harn,Seiryu,,265.0,,,,False
Scott Harper,scott harper,Scott,Harper,,72.0,185.0,,Orthodox,2072-04-14,False
Josiah Harrell,josiah harrell,Josiah,Harrell,The Muscle Hamster,67.0,170.0,68.0,Southpaw,1998-11-13,True
Gerry Harris,gerry harris,Gerry,Harris,,80.0,270.0,,Orthodox,,False
Gerald Harris,gerald harris,Gerald,Harris,,71.0,185.0,77.0,Southpaw,1979-11-19,False
Phil Harris,phil harris,Phil,Harris,Billy,64.0,125.0,65.0,Orthodox,1983-09-04,False
Walt Harris,walt harris,Walt,Harris,The Big Ticket,77.0,250.0,77.0,Southpaw,1983-06-10,False
Dhafir Harris,dhafir harris,Dhafir,Harris,Dada 5000,,257.0,,,1977-08-04,False
Trevor Harris,trevor harris,Trevor,Harris,,66.0,145.0,,,,False
Carlston Harris,carlston harris,Carlston,Harris,Mocambique,72.0,170.0,76.0,Orthodox,1987-07-09,True
Kayla Harrison,kayla harrison,Kayla,Harrison,,68.0,135.0,66.0,Southpaw,1990-07-02,True
Collin Hart,collin hart,Collin,Hart,,73.0,185.0,,Orthodox,1989-10-12,False
Joey Hart,joey hart,Joey,Hart,The Hitman,75.0,170.0,79.0,Orthodox,1997-06-24,False
Dale Hartt,dale hartt,Dale,Hartt,,70.0,155.0,69.0,Orthodox,1979-04-04,False
Luke Hartwig,luke hartwig,Luke,Hartwig,,,,,,,False
Clay Harvison,clay harvison,Clay,Harvison,Bushwacker,73.0,170.0,74.0,Orthodox,1980-09-25,False
Hidehiko Hasegawa,hidehiko hasegawa,Hidehiko,Hasegawa,,69.0,170.0,,,1978-07-13,False
Chris Haseman,chris haseman,Chris,Haseman,The Hammer,71.0,205.0,,Orthodox,2069-06-02,False
Takayo Hashi,takayo hashi,Takayo,Hashi,,64.0,135.0,,Orthodox,1977-10-02,False
Tomohiko Hashimoto,tomohiko hashimoto,Tomohiko,Hashimoto,,72.0,250.0,,Orthodox,,False
Justin Haskins,justin haskins,Justin,Haskins,,70.0,170.0,,Orthodox,1979-08-30,False
Hayder Hassan,hayder hassan,Hayder,Hassan,Hulk,70.0,170.0,,,1982-10-20,False
Ahmad Hassanzada,ahmad hassanzada,Ahmad,Hassanzada,Lion of the Ring,73.0,155.0,75.0,Orthodox,1996-11-20,False
Daiki Hata,daiki hata,Daiki,Hata,DJ Taiki,66.0,139.0,,Orthodox,1982-08-24,False
John Hathaway,john hathaway,John,Hathaway,The Hitman,73.0,170.0,75.0,Orthodox,1987-07-23,False
Phil Hawes,phil hawes,Phil,Hawes,No Hype,72.0,185.0,77.0,Orthodox,1989-01-08,True
Justin Hawes,justin hawes,Justin,Hawes,The Hawk,71.0,205.0,,,1979-01-13,False
Chris Hawk,chris hawk,Chris,Hawk,,73.0,205.0,,,,False
Del Hawkins,del hawkins,Del,Hawkins,The Filipino Delight,65.0,135.0,,Orthodox,,False
Tommy Hayden,tommy hayden,Tommy,Hayden,Wild Card,69.0,145.0,,Southpaw,1986-03-11,False
Mike Hayes,mike hayes,Mike,Hayes,,76.0,230.0,,Orthodox,,False
Ryan Hayes,ryan hayes,Ryan,Hayes,,,,,,,False
Gerric Hayes,gerric hayes,Gerric,Hayes,,70.0,,,,,False
Josh Haynes,josh haynes,Josh,Haynes,Bring the Pain,69.0,170.0,,Orthodox,1977-07-30,False
Dustin Hazelett,dustin hazelett,Dustin,Hazelett,McLovin,73.0,170.0,76.0,Orthodox,1986-04-29,False
James Head,james head,James,Head,,73.0,170.0,73.0,Orthodox,1984-02-09,False
Pat Healy,pat healy,Pat,Healy,Bam Bam,72.0,155.0,72.0,Orthodox,1983-07-20,False
Ryan Healy,ryan healy,Ryan,Healy,The Irish Assassin,73.0,155.0,,Orthodox,1983-07-20,False
Spencer Hearns,spencer hearns,Spencer,Hearns,,71.0,185.0,,,,False
David Heath,david heath,David,Heath,,71.0,205.0,72.0,Orthodox,1976-02-10,False
Chris Heatherly,chris heatherly,Chris,Heatherly,Stump,69.0,155.0,,Orthodox,1987-11-24,False
Jake Hecht,jake hecht,Jake,Hecht,Hitman,72.0,170.0,73.0,Orthodox,1984-02-09,False
Donavon Hedrick,donavon hedrick,Donavon,Hedrick,,71.0,185.0,76.0,Orthodox,1997-03-21,False
Nick Hein,nick hein,Nick,Hein,Sergeant,66.0,155.0,66.0,Southpaw,1984-04-24,False
Ian Heinisch,ian heinisch,Ian,Heinisch,The Hurricane,71.0,185.0,72.0,Orthodox,1988-08-05,True
Marcin Held,marcin held,Marcin,Held,,69.0,155.0,71.0,Orthodox,1992-01-18,False
Delson Heleno,delson heleno,Delson,Heleno,Pe De Chumbo,71.0,185.0,,Orthodox,1977-11-16,False
Matt Helm,matt helm,Matt,Helm,,,155.0,,,,False
Elisha Helsper,elisha helsper,Elisha,Helsper,Knuckles,66.0,135.0,,Orthodox,1983-02-06,False
Dan Henderson,dan henderson,Dan,Henderson,Hendo,71.0,185.0,74.0,Orthodox,2070-08-24,False
Benson Henderson,benson henderson,Benson,Henderson,Smooth,69.0,170.0,70.0,Southpaw,1983-11-16,False
Ron Henderson,ron henderson,Ron,Henderson,,70.0,125.0,,,,False
Josh Hendricks,josh hendricks,Josh,Hendricks,,74.0,235.0,,Southpaw,1976-08-28,False
Johny Hendricks,johny hendricks,Johny,Hendricks,Bigg Rigg,69.0,185.0,69.0,Southpaw,1983-09-12,False
Cory Hendricks,cory hendricks,Cory,Hendricks,,75.0,205.0,,Switch,1988-05-10,False
Luis Henrique,luis henrique,Luis,Henrique,KLB,74.0,243.0,74.0,Orthodox,1993-08-21,False
Jose Henrique,jose henrique,Jose,Henrique,Canela,75.0,170.0,79.0,Orthodox,2002-05-23,True
Paulo Henrique,paulo henrique,Paulo,Henrique,PH,,,,,,False
Diego Henrique da Silva,diego henrique da silva,Diego,Henrique da Silva,Gaucho,74.0,185.0,,Orthodox,1986-08-22,True
Danny Henry,danny henry,Danny,Henry,The Hatchet,72.0,145.0,73.0,Orthodox,1988-07-17,True
Victor Henry,victor henry,Victor,Henry,La Mangosta,67.0,135.0,68.0,Switch,1987-05-04,True
TJ Hepburn,tj hepburn,TJ,Hepburn,The Carnivore,67.0,155.0,,,,False
Jai Herbert,jai herbert,Jai,Herbert,Black Country Banger,73.0,155.0,77.0,Orthodox,1988-05-13,True
Ed Herman,ed herman,Ed,Herman,Short Fuse,73.0,205.0,77.0,Orthodox,1980-10-02,False
Dave Herman,dave herman,Dave,Herman,,76.0,242.0,77.0,Orthodox,1984-10-03,False
Jack Hermansson,jack hermansson,Jack,Hermansson,The Joker,73.0,185.0,77.0,Orthodox,1988-06-10,True
Noe Hernandez,noe hernandez,Noe,Hernandez,,,,,Orthodox,,False
Joe Hernandez,joe hernandez,Joe,Hernandez,,,,,,,False
Ramiro Hernandez,ramiro hernandez,Ramiro,Hernandez,Junior,69.0,135.0,,Orthodox,1986-07-22,False
Alexander Hernandez,alexander hernandez,Alexander,Hernandez,El Gran Chango,69.0,155.0,72.0,Orthodox,1992-10-01,True
Anthony Hernandez,anthony hernandez,Anthony,Hernandez,Fluffy,72.0,185.0,75.0,Orthodox,1993-10-18,True
Nohelin Hernandez,nohelin hernandez,Nohelin,Hernandez,Suave,70.0,135.0,71.0,Orthodox,1994-03-01,False
Carlos Hernandez,carlos hernandez,Carlos,Hernandez,,68.0,125.0,67.0,Orthodox,1993-10-25,False
Leslie Hernandez,leslie hernandez,Leslie,Hernandez,Dora The Destroyer,63.0,115.0,64.0,Orthodox,1997-12-29,False
Paul Herrera,paul herrera,Paul,Herrera,The Bone Crusher,70.0,185.0,,Orthodox,,False
Chris Herrera,chris herrera,Chris,Herrera,The Crusher,70.0,185.0,,,,False
Geane Herrera,geane herrera,Geane,Herrera,La Pulga,65.0,125.0,66.0,Orthodox,1990-05-27,False
Alvaro Herrera Mendoza,alvaro herrera mendoza,Alvaro,Herrera Mendoza,Chango,72.0,155.0,74.0,Orthodox,1990-05-14,False
Felice Herrig,felice herrig,Felice,Herrig,Lil Bulldog,64.0,115.0,65.0,Orthodox,1984-09-18,False
Heath Herring,heath herring,Heath,Herring,The Texas Crazy Horse,76.0,250.0,78.0,Orthodox,1978-03-02,False
Jon Hess,jon hess,Jon,Hess,,79.0,295.0,,,,False
Clint Hester,clint hester,Clint,Hester,Headbussa,74.0,205.0,77.0,Orthodox,1986-11-21,False
Brandon Hester,brandon hester,Brandon,Hester,The Beast,73.0,205.0,,,,False
Jimy Hettes,jimy hettes,Jimy,Hettes,The Kid,69.0,145.0,71.0,Southpaw,1987-06-09,False
Conor Heun,conor heun,Conor,Heun,Hurricane,70.0,155.0,,Orthodox,1979-02-11,False
Marcus Hicks,marcus hicks,Marcus,Hicks,The Wrecking Ball,66.0,155.0,64.0,Southpaw,2075-11-25,False
Jay Hieron,jay hieron,Jay,Hieron,The Thoroughbred,72.0,170.0,75.0,Orthodox,1976-07-29,False
Brady Hiestand,brady hiestand,Brady,Hiestand,Bam Bam,68.0,135.0,71.0,Orthodox,1999-04-30,False
Lee Higgins,lee higgins,Lee,Higgins,,,155.0,,,1980-07-14,False
Jason High,jason high,Jason,High,The Kansas City Bandit,68.0,155.0,73.0,Southpaw,1981-10-12,False
Richie Hightower,richie hightower,Richie,Hightower,The Dirty Samurai,68.0,170.0,,Orthodox,2074-11-26,False
Alex Higley,alex higley,Alex,Higley,,70.0,145.0,,,,False
Corey Hill,corey hill,Corey,Hill,,76.0,155.0,80.0,Orthodox,1978-10-03,False
Isaiah Hill,isaiah hill,Isaiah,Hill,,70.0,155.0,,,,False
Angela Hill,angela hill,Angela,Hill,Overkill,63.0,115.0,64.0,Orthodox,1985-01-12,True
Tyler Hill,tyler hill,Tyler,Hill,,75.0,170.0,,Switch,1991-08-10,False
Jamahal Hill,jamahal hill,Jamahal,Hill,Sweet Dreams,76.0,205.0,79.0,Southpaw,1991-05-19,True
Kailan Hill,kailan hill,Kailan,Hill,,73.0,185.0,77.0,Southpaw,1994-12-01,False
Alvin Hines,alvin hines,Alvin,Hines,Goozie,74.0,265.0,74.0,Orthodox,1991-10-20,True
Branden Lee Hinkle,branden lee hinkle,Branden Lee,Hinkle,The Iron Lion,75.0,235.0,,Orthodox,2073-07-29,False
Hatsu Hioki,hatsu hioki,Hatsu,Hioki,,71.0,145.0,73.0,Orthodox,1983-07-18,False
Alan Hiro,alan hiro,Alan,Hiro,Yamaniha,65.0,135.0,,Orthodox,1986-04-04,False
Kuniyoshi Hironaka,kuniyoshi hironaka,Kuniyoshi,Hironaka,,70.0,168.0,70.0,Orthodox,1976-06-17,False
Mizuto Hirota,mizuto hirota,Mizuto,Hirota,Pugnus,67.0,155.0,67.0,Orthodox,1981-05-05,False
Yuji Hisamatsu,yuji hisamatsu,Yuji,Hisamatsu,,70.0,185.0,,,2071-09-18,False
An Tuan Ho,an tuan ho,An Tuan,Ho,Highlight,66.0,125.0,66.0,Switch,2000-09-27,False
Kwan Ho Kwak,kwan ho kwak,Kwan,Ho Kwak,,65.0,135.0,,Switch,1989-06-18,False
Matt Hobar,matt hobar,Matt,Hobar,The Crowbar,70.0,135.0,70.0,Southpaw,1987-01-07,False
Bobby Hoffman,bobby hoffman,Bobby,Hoffman,The Truth,74.0,245.0,,Orthodox,2068-10-28,False
Chris Hofmann,chris hofmann,Chris,Hofmann,,72.0,170.0,72.0,Orthodox,1989-11-18,True
Sam Hoger,sam hoger,Sam,Hoger,The Alaskan Assassin,74.0,205.0,,Orthodox,1980-06-28,False
Josh Hokit,josh hokit,Josh,Hokit,,73.0,238.0,73.0,Orthodox,1997-11-12,True
Andrew Holbrook,andrew holbrook,Andrew,Holbrook,,71.0,155.0,70.0,Southpaw,1986-02-06,False
Sean Holden,sean holden,Sean,Holden,,70.0,170.0,,,1984-09-17,False
Chris Holdsworth,chris holdsworth,Chris,Holdsworth,,71.0,135.0,,,1987-10-24,False
Kevin Holland,kevin holland,Kevin,Holland,Trailblazer,75.0,170.0,81.0,Orthodox,1992-11-05,True
Roger Hollett,roger hollett,Roger,Hollett,The Hulk,71.0,205.0,,Orthodox,1978-10-08,False
Max Holloway,max holloway,Max,Holloway,Blessed,71.0,145.0,69.0,Orthodox,1991-12-04,True
Gabrielle Holloway,gabrielle holloway,Gabrielle,Holloway,Gabanator,63.0,145.0,,,1990-04-15,False
Jeremie Holloway,jeremie holloway,Jeremie,Holloway,Hit Em,72.0,170.0,,,1984-09-29,False
Holly Holm,holly holm,Holly,Holm,The Preacher's Daughter,68.0,135.0,69.0,Southpaw,1981-10-17,False
Rex Holman,rex holman,Rex,Holman,Big Dog,75.0,205.0,,Southpaw,,False
Joseph Holmes,joseph holmes,Joseph,Holmes,Uglyman Joe,76.0,185.0,80.0,Orthodox,1995-07-04,False
Brandon Holmes,brandon holmes,Brandon,Holmes,,74.0,185.0,74.0,Orthodox,1997-02-05,False
Kurt Holobaugh,kurt holobaugh,Kurt,Holobaugh,The Hurt,71.0,155.0,70.0,Orthodox,1986-09-08,False
Paddy Holohan,paddy holohan,Paddy,Holohan,The Hooligan,70.0,125.0,69.0,Orthodox,1988-05-03,False
Ben Holscher,ben holscher,Ben,Holscher,The Teacher,71.0,155.0,,,,False
Mark Holst,mark holst,Mark,Holst,Boots,72.0,155.0,,Orthodox,1985-08-14,False
Scott Holtzman,scott holtzman,Scott,Holtzman,Hot Sauce,69.0,155.0,69.0,Orthodox,1983-09-30,False
Sabah Homasi,sabah homasi,Sabah,Homasi,,72.0,170.0,72.0,Orthodox,1988-10-19,False
Mark Hominick,mark hominick,Mark,Hominick,The Machine,68.0,145.0,68.0,Orthodox,1982-07-22,False
Barb Honchak,barb honchak,Barb,Honchak,Little Warrior,64.0,125.0,65.0,Orthodox,1979-08-30,False
Chris Honeycutt,chris honeycutt,Chris,Honeycutt,The Cutt,70.0,170.0,73.0,,1988-07-25,False
JunYoung Hong,junyoung hong,JunYoung,Hong,Drunken Red,69.0,145.0,69.0,Orthodox,1990-12-18,False
SeongChan Hong,seongchan hong,SeongChan,Hong,Honey Badger,67.0,155.0,69.0,Orthodox,1989-11-28,True
Satoshi Honma,satoshi honma,Satoshi,Honma,,73.0,205.0,,Orthodox,2068-05-19,False
David Hood,david hood,David,Hood,,72.0,200.0,,,,False
Lorenzo Hood,lorenzo hood,Lorenzo,Hood,Dream Killer,75.0,265.0,80.0,Southpaw,1989-03-02,True
Dan Hooker,dan hooker,Dan,Hooker,The Hangman,72.0,155.0,75.0,Switch,1990-02-13,True
Chase Hooper,chase hooper,Chase,Hooper,The Dream,73.0,155.0,74.0,Southpaw,1999-09-13,True
Darrell Horcher,darrell horcher,Darrell,Horcher,The Saint,70.0,155.0,70.0,Southpaw,1987-07-28,False
Moti Horenstein,moti horenstein,Moti,Horenstein,,76.0,230.0,,Orthodox,,False
Yoshinori Horie,yoshinori horie,Yoshinori,Horie,,68.0,145.0,70.0,Orthodox,1995-05-10,False
Kyoji Horiguchi,kyoji horiguchi,Kyoji,Horiguchi,Karate Kid,65.0,125.0,66.0,Orthodox,1990-10-12,True
Yuma Horiuchi,yuma horiuchi,Yuma,Horiuchi,Ichiban,66.0,125.0,67.0,Switch,1997-09-22,False
Jeremy Horn,jeremy horn,Jeremy,Horn,Gumby,73.0,185.0,74.0,Orthodox,2075-08-25,False
Matt Horning,matt horning,Matt,Horning,Horndog,64.0,125.0,,,,False
Chris Horodecki,chris horodecki,Chris,Horodecki,The Polish Hammer,69.0,155.0,69.0,Orthodox,1987-09-24,False
Jamey-Lyn Horth,jamey lyn horth,Jamey-Lyn,Horth,,67.0,125.0,66.0,Orthodox,1990-03-30,True
Matt Horwich,matt horwich,Matt,Horwich,Suave,73.0,185.0,,Orthodox,1978-10-02,False
John Hosman,john hosman,John,Hosman,,70.0,135.0,,Southpaw,1980-11-13,False
Saeed Hosseini,saeed hosseini,Saeed,Hosseini,,,,,,,False
Jeff Hougland,jeff hougland,Jeff,Hougland,Hellbound,67.0,135.0,68.0,Orthodox,1978-08-02,False
Trey Houston,trey houston,Trey,Houston,,71.0,185.0,,,,False
Jamie Houston,jamie houston,Jamie,Houston,,,185.0,,,,False
Brian Houston,brian houston,Brian,Houston,B-Hue,74.0,185.0,,Orthodox,1981-04-26,False
Harold Howard,harold howard,Harold,Howard,,74.0,240.0,,Orthodox,,False
John Howard,john howard,John,Howard,Doomsday,67.0,170.0,72.0,Orthodox,1983-03-01,False
Shane Howell,shane howell,Shane,Howell,,68.0,125.0,,Orthodox,1983-11-28,False
Hu Yaozong,hu yaozong,Hu,Yaozong,Totoro,75.0,185.0,72.0,Orthodox,1995-04-07,False
Carlos Huachin,carlos huachin,Carlos,Huachin,Perro Malo,64.0,135.0,67.0,Southpaw,1996-06-04,False
Brady Huang,brady huang,Brady,Huang,The Kung Fu Warrior,69.0,135.0,69.0,Orthodox,1992-12-16,False
Yuele Huang,yuele huang,Yuele,Huang,,,145.0,,,2000-07-04,False
Huang Feier,huang feier,Huang,Feier,Muscle Barbie,65.0,115.0,65.0,Orthodox,1994-03-12,False
Austin Hubbard,austin hubbard,Austin,Hubbard,Thud,70.0,155.0,71.0,Orthodox,1991-12-22,False
Collin Huckbody,collin huckbody,Collin,Huckbody,All In,75.0,185.0,76.0,Orthodox,1994-09-29,False
Alex Huddleston,alex huddleston,Alex,Huddleston,The Shaved Gorilla,79.0,254.0,,,1986-08-11,False
Roger Huerta,roger huerta,Roger,Huerta,El Matador,69.0,155.0,70.0,Orthodox,1983-05-20,False
Casey Huffman,casey huffman,Casey,Huffman,Hellbent,75.0,185.0,,,,False
Matt Hughes,matt hughes,Matt,Hughes,,69.0,170.0,73.0,Switch,2073-10-13,False
Mark Hughes,mark hughes,Mark,Hughes,,69.0,205.0,,Southpaw,2073-10-13,False
Jeff Hughes,jeff hughes,Jeff,Hughes,Lights Out,74.0,250.0,77.0,Orthodox,1988-05-17,False
Sam Hughes,sam hughes,Sam,Hughes,Sampage,65.0,115.0,64.0,Orthodox,1992-06-28,True
Victor Hugo,victor hugo,Victor,Hugo,Striker,67.0,135.0,71.0,Orthodox,1992-11-22,False
David Hulett,david hulett,David,Hulett,Hollywood,70.0,170.0,,,1980-09-07,False
Dominik Humburger,dominik humburger,Dominik,Humburger,,,185.0,,,1996-01-03,False
Bryan Humes,bryan humes,Bryan,Humes,,,265.0,,,,False
Abongo Humphrey,abongo humphrey,Abongo,Humphrey,,71.0,205.0,,Orthodox,,False
Harry Hunsucker,harry hunsucker,Harry,Hunsucker,The Hurricane,74.0,205.0,75.0,Orthodox,1989-01-03,False
Mark Hunt,mark hunt,Mark,Hunt,Super Samoan,70.0,265.0,72.0,Orthodox,2074-03-23,False
Alex Hunter,alex hunter,Alex,Hunter,,69.0,226.0,,Orthodox,,False
Adam Hunter,adam hunter,Adam,Hunter,Warhammer,73.0,185.0,,Orthodox,1983-10-16,False
Joe Hurley,joe hurley,Joe,Hurley,,68.0,155.0,,,1978-06-24,False
Solomon Hutcherson,solomon hutcherson,Solomon,Hutcherson,King,71.0,185.0,,Southpaw,2072-08-31,False
Young Hwang,young hwang,Young,Hwang,,69.0,135.0,,,1988-09-02,False
In Su Hwang,in su hwang,In Su,Hwang,Legendary,,,,,,False
Al Iaquinta,al iaquinta,Al,Iaquinta,Raging,70.0,155.0,70.0,Orthodox,1987-04-30,True
Khadis Ibragimov,khadis ibragimov,Khadis,Ibragimov,,75.0,205.0,78.0,Orthodox,1995-05-21,False
Minoki Ichihara,minoki ichihara,Minoki,Ichihara,,67.0,178.0,,Orthodox,,False
Alibi Idiris,alibi idiris,Alibi,Idiris,,66.0,125.0,68.0,Orthodox,1994-10-22,True
Dan Ige,dan ige,Dan,Ige,100K,67.0,145.0,71.0,Orthodox,1991-08-06,True
Valeri Ignatov,valeri ignatov,Valeri,Ignatov,,69.0,170.0,,Orthodox,,False
Sergey Ignatov,sergey ignatov,Sergey,Ignatov,,69.0,210.0,,Orthodox,,False
Fabiano Iha,fabiano iha,Fabiano,Iha,,68.0,155.0,,Orthodox,2070-07-28,False
Seichi Ikemoto,seichi ikemoto,Seichi,Ikemoto,,71.0,168.0,,Orthodox,2075-08-24,False
Mikhail Iloukhine,mikhail iloukhine,Mikhail,Iloukhine,,69.0,205.0,,Orthodox,2066-11-21,False
Zelim Imadaev,zelim imadaev,Zelim,Imadaev,,72.0,170.0,76.0,Orthodox,1995-01-25,False
Yusuke Imamura,yusuke imamura,Yusuke,Imamura,,68.0,220.0,,Orthodox,,False
Masakazu Imanari,masakazu imanari,Masakazu,Imanari,,64.0,139.0,,Southpaw,1976-02-10,False
Nassourdine Imavov,nassourdine imavov,Nassourdine,Imavov,The Sniper,75.0,185.0,75.0,Orthodox,1996-03-01,True
Brad Imes,brad imes,Brad,Imes,Hillbilly Heartthrob,79.0,265.0,,Orthodox,1977-03-13,False
Michael Imperato,michael imperato,Michael,Imperato,,67.0,135.0,66.0,Switch,1989-09-01,False
Rui Imura,rui imura,Rui,Imura,,69.0,135.0,69.0,Southpaw,1999-03-24,False
Chris Indich,chris indich,Chris,Indich,,70.0,170.0,,,1987-04-22,False
Chris Inman,chris inman,Chris,Inman,,,,,,,False
Guto Inocente,guto inocente,Guto,Inocente,,75.0,205.0,,Orthodox,1986-05-29,False
Enson Inoue,enson inoue,Enson,Inoue,Yamato Damashii,70.0,210.0,,Orthodox,2067-04-15,False
Egan Inoue,egan inoue,Egan,Inoue,,69.0,190.0,,Southpaw,2065-07-04,False
Katsuya Inoue,katsuya inoue,Katsuya,Inoue,,69.0,168.0,,Southpaw,1979-08-10,False
Takeshi Inoue,takeshi inoue,Takeshi,Inoue,Lion,68.0,145.0,,,1980-03-18,False
Naoki Inoue,naoki inoue,Naoki,Inoue,,69.0,125.0,71.0,Orthodox,1997-06-14,False
Jorge Interiano,jorge interiano,Jorge,Interiano,,73.0,205.0,,,,False
Jason Ireland,jason ireland,Jason,Ireland,The Irish Tornado,69.0,161.0,,Southpaw,1979-12-30,False
James Irvin,james irvin,James,Irvin,The Sandman,74.0,205.0,75.0,Orthodox,1978-09-12,False
Eric Irvin,eric irvin,Eric,Irvin,,68.0,155.0,,,1986-01-10,False
Issa Isakov,issa isakov,Issa,Isakov,Determinator,69.0,155.0,70.0,Orthodox,1989-10-22,True
Mitsuhiro Ishida,mitsuhiro ishida,Mitsuhiro,Ishida,The Endless Warrior,66.0,154.0,,Southpaw,1978-12-29,False
Teruto Ishihara,teruto ishihara,Teruto,Ishihara,Yashabo,67.0,135.0,69.0,Southpaw,1991-07-23,False
Satoshi Ishii,satoshi ishii,Satoshi,Ishii,,71.0,240.0,,Orthodox,1986-12-19,False
Yuki Ishikawa,yuki ishikawa,Yuki,Ishikawa,,71.0,205.0,,Orthodox,,False
Eiji Ishikawa,eiji ishikawa,Eiji,Ishikawa,,70.0,170.0,,,1979-10-12,False
Tokimitsu Ishizawa,tokimitsu ishizawa,Tokimitsu,Ishizawa,Kendo Ka Shin,72.0,185.0,,Orthodox,2068-08-05,False
Damir Ismagulov,damir ismagulov,Damir,Ismagulov,Qazaq,70.0,155.0,74.0,Orthodox,1991-02-03,False
Wallid Ismail,wallid ismail,Wallid,Ismail,,67.0,205.0,,Orthodox,2068-02-23,False
Leandro Issa,leandro issa,Leandro,Issa,Brodinho,67.0,135.0,69.0,Orthodox,1983-09-19,False
Kuya Ito,kuya ito,Kuya,Ito,Psycho Zombie,64.0,135.0,66.0,Orthodox,1996-10-07,False
Blagoy Ivanov,blagoy ivanov,Blagoy,Ivanov,Baga,71.0,250.0,73.0,Southpaw,1986-10-09,False
Anthony Ivy,anthony ivy,Anthony,Ivy,Aquaman,74.0,185.0,74.0,Orthodox,1990-01-23,False
Tomomi Iwama,tomomi iwama,Tomomi,Iwama,,63.0,155.0,,Orthodox,,False
Tatsuya Iwasaki,tatsuya iwasaki,Tatsuya,Iwasaki,,69.0,205.0,,Orthodox,,False
Taiga Iwasaki,taiga iwasaki,Taiga,Iwasaki,,73.0,185.0,73.0,Orthodox,1997-07-07,False
Saygid Izagakhmaev,saygid izagakhmaev,Saygid,Izagakhmaev,,,170.0,,,1994-09-03,True
Yoislandy Izquierdo,yoislandy izquierdo,Yoislandy,Izquierdo,Cuba,71.0,155.0,,Southpaw,1984-01-09,False
Hiroshi Izumi,hiroshi izumi,Hiroshi,Izumi,,,205.0,,Orthodox,1982-06-22,False
Yves Jabouin,yves jabouin,Yves,Jabouin,Tiger,67.0,135.0,68.0,Orthodox,1979-05-30,False
Kevin Jackson,kevin jackson,Kevin,Jackson,,70.0,199.0,,Switch,,False
Eugene Jackson,eugene jackson,Eugene,Jackson,The Wolf,68.0,185.0,,Orthodox,2066-09-23,False
Quinton Jackson,quinton jackson,Quinton,Jackson,Rampage,73.0,205.0,73.0,Orthodox,1978-06-20,False
Jeremy Jackson,jeremy jackson,Jeremy,Jackson,Scorpion,70.0,170.0,,Orthodox,1982-09-19,False
Damon Jackson,damon jackson,Damon,Jackson,The Leech,71.0,155.0,71.0,Switch,1988-08-08,False
Kenyon Jackson,kenyon jackson,Kenyon,Jackson,,72.0,185.0,,,,False
Mike Jackson,mike jackson,Mike,Jackson,The Truth,74.0,170.0,74.0,Orthodox,1985-03-22,False
Jason Jackson,jason jackson,Jason,Jackson,Jah-Son,73.0,170.0,78.0,Orthodox,1990-10-30,False
Montel Jackson,montel jackson,Montel,Jackson,Quik,70.0,135.0,75.0,Southpaw,1992-04-24,True
Eric Jacob,eric jacob,Eric,Jacob,,,155.0,,,,False
Richard Jacobi,richard jacobi,Richard,Jacobi,,76.0,260.0,75.0,Orthodox,1993-09-28,True
Dustin Jacoby,dustin jacoby,Dustin,Jacoby,The Hanyak,75.0,205.0,76.0,Orthodox,1988-04-04,True
Justin James,justin james,Justin,James,,70.0,155.0,,Orthodox,1976-11-08,False
Nate James,nate james,Nate,James,,72.0,185.0,,,1978-05-29,False
Virna Jandiroba,virna jandiroba,Virna,Jandiroba,Carcara,63.0,115.0,64.0,Orthodox,1988-05-30,True
Ryan Janes,ryan janes,Ryan,Janes,,75.0,185.0,76.0,Orthodox,1981-08-22,False
YunSeong Jang,yunseong jang,YunSeong,Jang,,72.0,170.0,72.0,Orthodox,2002-11-04,False
Josh Janousek,josh janousek,Josh,Janousek,,71.0,185.0,,Orthodox,1980-09-25,False
Dave Jansen,dave jansen,Dave,Jansen,,69.0,155.0,73.0,Orthodox,1979-08-21,False
Jaime Jara,jaime jara,Jaime,Jara,El Cucui,73.0,205.0,,Southpaw,2069-08-02,False
Gigo Jara,gigo jara,Gigo,Jara,The Little Animal,69.0,145.0,,,,False
Keith Jardine,keith jardine,Keith,Jardine,The Dean of Mean,74.0,185.0,76.0,Orthodox,2075-10-31,False
Brock Jardine,brock jardine,Brock,Jardine,The Machine,71.0,170.0,,Orthodox,1985-07-10,False
Josh Jarvis,josh jarvis,Josh,Jarvis,,,,,,,False
Rony Jason,rony jason,Rony,Jason,,67.0,145.0,73.0,Orthodox,1984-03-21,False
Jasmine Jasudavicius,jasmine jasudavicius,Jasmine,Jasudavicius,,67.0,125.0,68.0,Orthodox,1989-03-01,True
Louis Jauregui,louis jauregui,Louis,Jauregui,,67.0,170.0,,,,False
Yazmin Jauregui,yazmin jauregui,Yazmin,Jauregui,,63.0,115.0,64.0,Orthodox,1999-02-28,True
Justin Jaynes,justin jaynes,Justin,Jaynes,The Guitar Hero,67.0,145.0,68.0,Orthodox,1989-08-10,False
Joanna Jedrzejczyk,joanna jedrzejczyk,Joanna,Jedrzejczyk,,66.0,115.0,65.0,Orthodox,1987-08-18,False
Aaron Jeffery,aaron jeffery,Aaron,Jeffery,,74.0,185.0,73.0,Orthodox,1992-11-14,False
Trent Jenkins,trent jenkins,Trent,Jenkins,,74.0,185.0,,,,False
Bubba Jenkins,bubba jenkins,Bubba,Jenkins,The Highlight Kid,67.0,145.0,,,1988-02-05,False
Adrienna Jenkins,adrienna jenkins,Adrienna,Jenkins,AJ,68.0,145.0,,,1981-07-22,False
Brandon Jenkins,brandon jenkins,Brandon,Jenkins,The Human Highlight Reel,72.0,155.0,71.0,Switch,1991-09-30,False
Jack Jenkins,jack jenkins,Jack,Jenkins,Phar,67.0,145.0,68.0,Switch,1993-11-03,True
Steve Jennum,steve jennum,Steve,Jennum,,70.0,215.0,,Orthodox,,False
Ryan Jensen,ryan jensen,Ryan,Jensen,,73.0,185.0,76.0,Orthodox,1977-09-20,False
Kyle Jensen,kyle jensen,Kyle,Jensen,,69.0,170.0,,Orthodox,1979-07-20,False
Chan-Mi Jeon,chan mi jeon,Chan-Mi,Jeon,,65.0,115.0,,Orthodox,1997-08-28,False
Maciej Jewtuszko,maciej jewtuszko,Maciej,Jewtuszko,Irokez,72.0,155.0,,Southpaw,1981-01-31,False
Ronald Jhun,ronald jhun,Ronald,Jhun,The Machine Gun,71.0,170.0,,Orthodox,2070-09-21,False
Baergeng Jieleyisi,baergeng jieleyisi,Baergeng,Jieleyisi,,69.0,145.0,71.0,Orthodox,1995-11-24,False
Gilbert Jimenez,gilbert jimenez,Gilbert,Jimenez,,,155.0,,,,False
Ramiro Jimenez,ramiro jimenez,Ramiro,Jimenez,El Cachanilla,69.0,145.0,73.0,Southpaw,1999-01-16,True
Art Jimmerson,art jimmerson,Art,Jimmerson,,73.0,196.0,,Orthodox,2063-08-04,False
Ryan Jimmo,ryan jimmo,Ryan,Jimmo,The Big Deal,73.0,205.0,73.0,Orthodox,1981-11-27,False
Jinensibieke Asikeerbai,jinensibieke asikeerbai,Jinensibieke,Asikeerbai,,66.0,155.0,69.0,Orthodox,1988-07-10,False
Jiniushiyue,jiniushiyue,,Jiniushiyue,Little King Kong,66.0,125.0,68.0,Southpaw,2000-12-09,False
Sung Bin Jo,sung bin jo,Sung Bin,Jo,Korean Falcon,72.0,145.0,72.0,Orthodox,1992-07-17,False
Carls John De Tomas,carls john de tomas,Carls,John De Tomas,,65.0,125.0,71.0,Southpaw,1996-08-28,False
Phil Johns,phil johns,Phil,Johns,,62.0,170.0,,Southpaw,2068-10-22,False
Brett Johns,brett johns,Brett,Johns,The Pikey,67.0,135.0,71.0,Orthodox,1992-02-21,False
Miles Johns,miles johns,Miles,Johns,Chapo,67.0,135.0,68.0,Orthodox,1994-03-30,True
Anthony Johnson,anthony johnson,Anthony,Johnson,Rumble,74.0,205.0,78.0,Orthodox,1984-03-06,False
DaMarques Johnson,damarques johnson,DaMarques,Johnson,Darkness,73.0,170.0,75.0,Orthodox,1982-06-28,False
Devin Johnson,devin johnson,Devin,Johnson,,,,,,,False
Travis Johnson,travis johnson,Travis,Johnson,,,205.0,,,,False
Ricky Johnson,ricky johnson,Ricky,Johnson,,68.0,145.0,,Orthodox,,False
Tony Johnson,tony johnson,Tony,Johnson,,74.0,205.0,76.0,Orthodox,1983-05-02,False
Tony Johnson,tony johnson,Tony,Johnson,,73.0,265.0,,,,False
Lavar Johnson,lavar johnson,Lavar,Johnson,Big,76.0,240.0,82.0,Orthodox,1977-06-11,False
Demetrious Johnson,demetrious johnson,Demetrious,Johnson,Mighty Mouse,63.0,125.0,66.0,Orthodox,1986-08-13,False
Michael Johnson,michael johnson,Michael,Johnson,The Menace,70.0,155.0,73.0,Southpaw,1986-06-04,True
Deshaun Johnson,deshaun johnson,Deshaun,Johnson,,,167.0,,,,False
Kajan Johnson,kajan johnson,Kajan,Johnson,Ragin',71.0,155.0,75.0,Orthodox,1984-04-21,False
Dashon Johnson,dashon johnson,Dashon,Johnson,Flyboy,67.0,145.0,,Orthodox,1988-01-25,False
Timothy Johnson,timothy johnson,Timothy,Johnson,,75.0,265.0,77.0,Southpaw,1985-03-13,False
Tony Johnson,tony johnson,Tony,Johnson,,74.0,205.0,76.0,Orthodox,1983-05-02,False
Tony Johnson,tony johnson,Tony,Johnson,,73.0,265.0,,,,False
Jordan Johnson,jordan johnson,Jordan,Johnson,,74.0,205.0,79.0,Orthodox,1988-11-18,False
Taylor Johnson,taylor johnson,Taylor,Johnson,Tombstone,72.0,185.0,74.0,Switch,1990-11-09,False
Chad Johnson,chad johnson,Chad,Johnson,Big Rigg,74.0,230.0,80.0,Orthodox,1986-07-22,False
Jose Johnson,jose johnson,Jose,Johnson,Zhakwarius,72.0,125.0,71.0,Orthodox,1995-05-20,False
Charles Johnson,charles johnson,Charles,Johnson,InnerG,69.0,125.0,70.0,Switch,1991-01-10,True
Donte Johnson,donte johnson,Donte,Johnson,Lock Jaw,68.0,205.0,74.0,Southpaw,1999-01-25,True
Brian Johnston,brian johnston,Brian,Johnston,,75.0,230.0,,Orthodox,,False
Liana Jojua,liana jojua,Liana,Jojua,She Wolf,64.0,125.0,62.0,Orthodox,1995-03-22,False
Nikola Joksovic,nikola joksovic,Nikola,Joksovic,,,170.0,,,1994-09-11,False
Daniel Jolly,daniel jolly,Daniel,Jolly,The Werewolf of Texas,73.0,205.0,75.0,Orthodox,1984-09-03,False
Paul Jones,paul jones,Paul,Jones,,69.0,199.0,,Orthodox,2063-06-16,False
Jon Jones,jon jones,Jon,Jones,Bones,76.0,248.0,84.0,Orthodox,1987-07-19,True
Nathan Jones,nathan jones,Nathan,Jones,,83.0,345.0,,Orthodox,2070-08-21,False
Marcus Jones,marcus jones,Marcus,Jones,The Darkness,78.0,265.0,,Orthodox,2073-08-15,False
Carlton Jones,carlton jones,Carlton,Jones,,73.0,225.0,,Orthodox,,False
Jesse Jones,jesse jones,Jesse,Jones,,69.0,170.0,,,,False
Tito Jones,tito jones,Tito,Jones,,68.0,145.0,,Southpaw,1981-07-31,False
Roy Jones,roy jones,Roy,Jones,,,205.0,,,1983-10-26,False
Justin Jones,justin jones,Justin,Jones,Black Dynamite,71.0,185.0,,Orthodox,1987-09-06,True
Ben Jones,ben jones,Ben,Jones,Blitzkrieg,,185.0,,,,False
Victor Jones,victor jones,Victor,Jones,,,145.0,,,,False
Chris Jones,chris jones,Chris,Jones,Lionheart,69.0,149.0,,,1981-11-16,False
Roshaun Jones,roshaun jones,Roshaun,Jones,,68.0,135.0,,,,False
Jamelle Jones,jamelle jones,Jamelle,Jones,The Beast,72.0,205.0,75.0,Orthodox,1988-01-31,True
Antonio Jones,antonio jones,Antonio,Jones,Doomsday,71.0,185.0,,Orthodox,1985-04-12,False
Trevin Jones,trevin jones,Trevin,Jones,5 Star,67.0,135.0,70.0,Southpaw,1990-08-04,False
Mason Jones,mason jones,Mason,Jones,The Dragon,70.0,155.0,74.0,Orthodox,1995-04-26,True
Craig Jones,craig jones,Craig,Jones,,,205.0,,,1991-07-17,False
Jacobi Jones,jacobi jones,Jacobi,Jones,Big Toe,69.0,155.0,72.0,Orthodox,1996-05-24,False
Jocelyn Jones-Lybarger,jocelyn jones lybarger,Jocelyn,Jones-Lybarger,,67.0,115.0,64.0,Orthodox,1985-10-04,False
Kevin Jordan,kevin jordan,Kevin,Jordan,The Shaman,75.0,245.0,,Orthodox,2070-12-31,False
Joe Jordan,joe jordan,Joe,Jordan,,66.0,155.0,,Orthodox,1978-07-27,False
Shawn Jordan,shawn jordan,Shawn,Jordan,The Savage,72.0,260.0,75.0,Southpaw,1984-10-21,False
Ivan Jorge,ivan jorge,Ivan,Jorge,Batman,69.0,155.0,73.0,Orthodox,1980-11-07,False
Scott Jorgensen,scott jorgensen,Scott,Jorgensen,Young Guns,65.0,135.0,66.0,Orthodox,1982-09-17,False
Gareth Joseph,gareth joseph,Gareth,Joseph,,,205.0,,,,False
Dwight Joseph,dwight joseph,Dwight,Joseph,,66.0,135.0,,Switch,1989-08-16,False
Jeff Joslin,jeff joslin,Jeff,Joslin,The Inferno,72.0,170.0,,Orthodox,2075-04-30,False
Krzysztof Jotko,krzysztof jotko,Krzysztof,Jotko,,73.0,185.0,77.0,Southpaw,1989-08-19,False
Alan Jouban,alan jouban,Alan,Jouban,Brahma,72.0,170.0,73.0,Southpaw,1981-11-25,False
Charles Jourdain,charles jourdain,Charles,Jourdain,Air,69.0,135.0,69.0,Switch,1995-11-27,True
Louis Jourdain,louis jourdain,Louis,Jourdain,The Mad Prince,,135.0,,,1997-03-13,True
Kevin Jousset,kevin jousset,Kevin,Jousset,Air,74.0,170.0,75.0,Orthodox,1993-05-02,False
Mike Joy,mike joy,Mike,Joy,,66.0,155.0,,Southpaw,1985-07-18,False
Dustin Joynson,dustin joynson,Dustin,Joynson,,78.0,244.0,78.0,Orthodox,1985-10-14,True
Tony Juarez,tony juarez,Tony,Juarez,,,155.0,,,,False
Jesse Juarez,jesse juarez,Jesse,Juarez,,73.0,170.0,,Orthodox,1981-05-08,False
Ernie Juarez,ernie juarez,Ernie,Juarez,The Young Titan,68.0,145.0,70.0,,1998-01-12,False
Anshul Jubli,anshul jubli,Anshul,Jubli,King of Lions,72.0,155.0,69.0,Switch,1995-01-13,True
Carli Judice,carli judice,Carli,Judice,Crispy,67.0,125.0,68.0,Southpaw,1999-03-02,True
Steve Judson,steve judson,Steve,Judson,,71.0,230.0,,Orthodox,,False
Luke Jumeau,luke jumeau,Luke,Jumeau,The Jedi,71.0,170.0,72.0,Orthodox,1988-02-12,False
Bu-Kyung Jung,bu kyung jung,Bu-Kyung,Jung,,67.0,154.0,,Orthodox,1978-05-26,False
Chan Sung Jung,chan sung jung,Chan Sung,Jung,The Korean Zombie,67.0,145.0,72.0,Orthodox,1987-03-17,True
Young Sam Jung,young sam jung,Young Sam,Jung,,68.0,139.0,,Orthodox,1985-10-27,False
Da Woon Jung,da woon jung,Da Woon,Jung,Sseda,76.0,205.0,78.0,Orthodox,1993-12-07,False
Scott Junk,scott junk,Scott,Junk,,73.0,265.0,,Orthodox,1978-12-17,False
Myles Jury,myles jury,Myles,Jury,Fury,70.0,145.0,73.0,Orthodox,1988-10-31,False
Cristiane Justino,cristiane justino,Cristiane,Justino,Cyborg,68.0,145.0,68.0,Orthodox,1985-07-09,False
Patrick Kaase,patrick kaase,Patrick,Kaase,Kamikaze,69.0,185.0,,,,False
Emily Kagan,emily kagan,Emily,Kagan,,63.0,115.0,,,1981-07-14,False
Oron Kahlon,oron kahlon,Oron,Kahlon,,68.0,135.0,70.0,Orthodox,1984-11-04,True
Kaiwen,kaiwen,,Kaiwen,The Underdog,68.0,145.0,71.0,Switch,1995-10-16,False
Sirwan Kakai,sirwan kakai,Sirwan,Kakai,Zohan,65.0,135.0,,Orthodox,1989-10-03,False
Saidyokub Kakhramonov,saidyokub kakhramonov,Saidyokub,Kakhramonov,,68.0,135.0,69.0,Orthodox,1995-11-14,False
Geza Kalman,geza kalman,Geza,Kalman,,73.0,200.0,,,,False
Bryson Kamaka,bryson kamaka,Bryson,Kamaka,,71.0,170.0,,Orthodox,,False
Kai Kamaka,kai kamaka,Kai,Kamaka,The Fighting Hawaiian,67.0,145.0,69.0,Orthodox,1995-01-05,False
Shah Kamali,shah kamali,Shah,Kamali,,,265.0,,,1998-10-25,False
Shuya Kamikubo,shuya kamikubo,Shuya,Kamikubo,Stealth,65.0,135.0,68.0,Switch,1993-04-12,True
Daichi Kamiya,daichi kamiya,Daichi,Kamiya,,68.0,155.0,68.0,Southpaw,1999-04-19,False
Martin Kampmann,martin kampmann,Martin,Kampmann,The Hitman,72.0,170.0,72.0,Orthodox,1982-04-17,False
Koya Kanda,koya kanda,Koya,Kanda,Bushido,69.0,145.0,75.0,Southpaw,1995-12-20,True
Bharat Kandare,bharat kandare,Bharat,Kandare,Daring,67.0,135.0,72.0,Orthodox,1987-06-20,False
Hiromitsu Kanehara,hiromitsu kanehara,Hiromitsu,Kanehara,,70.0,200.0,,Orthodox,2070-10-05,False
Masanori Kanehara,masanori kanehara,Masanori,Kanehara,,67.0,135.0,67.0,Orthodox,1982-11-19,False
Ken Kaneko,ken kaneko,Ken,Kaneko,,72.0,161.0,,Orthodox,,False
Denis Kang,denis kang,Denis,Kang,,71.0,185.0,77.0,Orthodox,1977-09-17,False
Kyung Ho Kang,kyung ho kang,Kyung Ho,Kang,Mr. Perfect,69.0,135.0,73.0,Orthodox,1987-09-09,False
Manel Kape,manel kape,Manel,Kape,StarBoy,65.0,125.0,68.0,Southpaw,1993-11-14,True
David Kaplan,david kaplan,David,Kaplan,Diamond,67.0,155.0,,Orthodox,1979-11-16,False
Kai Kara-France,kai kara france,Kai,Kara-France,Don't Blink,64.0,125.0,69.0,Orthodox,1993-03-26,True
Georgi Karakhanyan,georgi karakhanyan,Georgi,Karakhanyan,Insane,68.0,145.0,,,1985-05-29,False
Alex Karalexis,alex karalexis,Alex,Karalexis,The Assassin,68.0,155.0,66.0,Orthodox,1977-09-20,False
Ernesta Kareckaite,ernesta kareckaite,Ernesta,Kareckaite,Heavy-Handed,69.0,125.0,71.0,Orthodox,1998-07-05,True
Impa Kasanganay,impa kasanganay,Impa,Kasanganay,Tshilobo,71.0,170.0,75.0,Orthodox,1994-01-17,False
Jinnosuke Kashimura,jinnosuke kashimura,Jinnosuke,Kashimura,,67.0,155.0,71.0,Southpaw,2001-08-12,False
Nadia Kassem,nadia kassem,Nadia,Kassem,,65.0,125.0,66.0,Southpaw,1995-11-15,False
Yusuke Kasuya,yusuke kasuya,Yusuke,Kasuya,,67.0,155.0,,Southpaw,1989-11-16,False
Tetsuji Kato,tetsuji kato,Tetsuji,Kato,,,155.0,,Orthodox,,False
Hisaki Kato,hisaki kato,Hisaki,Kato,,72.0,185.0,,,1982-09-17,False
Brad Katona,brad katona,Brad,Katona,Superman,66.0,135.0,64.0,Orthodox,1991-12-19,False
Calvin Kattar,calvin kattar,Calvin,Kattar,,71.0,145.0,72.0,Orthodox,1988-03-26,True
Sarah Kaufman,sarah kaufman,Sarah,Kaufman,,65.0,135.0,66.0,Orthodox,1985-09-20,False
Lone'er Kavanagh,lone er kavanagh,Lone'er,Kavanagh,,66.0,125.0,67.0,Orthodox,1999-06-09,False
Yusuke Kawaguchi,yusuke kawaguchi,Yusuke,Kawaguchi,,72.0,255.0,,,1980-08-14,False
Canaan Kawaihae,canaan kawaihae,Canaan,Kawaihae,,72.0,145.0,71.0,Southpaw,1997-08-26,False
Tatsuya Kawajiri,tatsuya kawajiri,Tatsuya,Kawajiri,Crusher,67.0,145.0,69.0,Orthodox,1978-05-08,False
Ryo Kawamura,ryo kawamura,Ryo,Kawamura,,71.0,205.0,,Orthodox,1981-06-29,False
Masuto Kawana,masuto kawana,Masuto,Kawana,Mast,66.0,145.0,69.0,Orthodox,1995-01-30,False
Doug Kay,doug kay,Doug,Kay,,,,,,,False
Toshiomi Kazama,toshiomi kazama,Toshiomi,Kazama,,67.0,135.0,69.0,Orthodox,1997-05-15,True
Julie Kedzie,julie kedzie,Julie,Kedzie,,65.0,135.0,,Orthodox,1981-03-18,False
Ryan Keenan,ryan keenan,Ryan,Keenan,,70.0,170.0,,,1985-06-15,False
Losene Keita,losene keita,Losene,Keita,Black Panther,,145.0,,Orthodox,1997-12-30,True
CJ Keith,cj keith,CJ,Keith,,72.0,155.0,,Orthodox,1986-08-09,False
Chris Kelades,chris kelades,Chris,Kelades,The Greek Assassin,67.0,125.0,68.0,Orthodox,1981-02-21,False
Brian Kelleher,brian kelleher,Brian,Kelleher,Boom,66.0,135.0,66.0,Switch,1986-08-19,False
Mayana Kellem,mayana kellem,Mayana,Kellem,,65.0,135.0,,Orthodox,1981-07-07,False
Tony Kelley,tony kelley,Tony,Kelley,Primetime,69.0,135.0,70.0,Switch,1987-01-21,False
Paul Kelly,paul kelly,Paul,Kelly,,69.0,155.0,70.0,Orthodox,1984-09-12,False
John Kelly,john kelly,John,Kelly,,69.0,170.0,,,1978-08-02,False
Daniel Kelly,daniel kelly,Daniel,Kelly,,72.0,185.0,70.0,Southpaw,1977-10-31,False
Tim Kennedy,tim kennedy,Tim,Kennedy,,71.0,185.0,74.0,Orthodox,1979-09-01,False
Steve Kennedy,steve kennedy,Steve,Kennedy,The Steamrolla,71.0,170.0,,Orthodox,1983-03-07,False
Jeremy Kennedy,jeremy kennedy,Jeremy,Kennedy,JBC,71.0,145.0,71.0,Orthodox,1992-09-16,False
Waylon Kennell,waylon kennell,Waylon,Kennell,,72.0,185.0,,,,False
Casey Kenney,casey kenney,Casey,Kenney,,67.0,135.0,68.0,Southpaw,1991-03-20,True
Maimaitituoheti Keremuaili,maimaitituoheti keremuaili,Maimaitituoheti,Keremuaili,Kyrgyz Mountain Eagle,66.0,135.0,66.0,Orthodox,1991-03-18,False
Aurelijus Kerpe,aurelijus kerpe,Aurelijus,Kerpe,,,,,Orthodox,,False
Mark Kerr,mark kerr,Mark,Kerr,The Smashing Machine,75.0,266.0,,Switch,2068-12-21,False
Will Kerr,will kerr,Will,Kerr,,70.0,155.0,69.0,Orthodox,1982-10-21,False
Ron Keslar,ron keslar,Ron,Keslar,,,185.0,,,,False
Rustam Khabilov,rustam khabilov,Rustam,Khabilov,Tiger,68.0,155.0,73.0,Orthodox,1986-11-04,False
Adam Khaliev,adam khaliev,Adam,Khaliev,,72.0,170.0,,Orthodox,1984-04-16,False
Sergey Khandozhko,sergey khandozhko,Sergey,Khandozhko,Honda,73.0,170.0,74.0,Orthodox,1992-05-19,False
Sergei Kharitonov,sergei kharitonov,Sergei,Kharitonov,,72.0,245.0,,Orthodox,1980-08-18,False
Alfred Khashakyan,alfred khashakyan,Alfred,Khashakyan,The Fearless,68.0,135.0,70.0,Orthodox,1988-07-17,False
Aziz Khaydarov,aziz khaydarov,Aziz,Khaydarov,,68.0,155.0,72.0,Orthodox,1993-09-25,False
Mansher Khera,mansher khera,Mansher,Khera,New Era,67.0,155.0,68.0,Orthodox,1992-04-15,False
Aliaskhab Khizriev,aliaskhab khizriev,Aliaskhab,Khizriev,Black Wolf,69.0,185.0,74.0,Southpaw,1990-08-24,True
WonBin Ki,wonbin ki,WonBin,Ki,The Danger,71.0,155.0,73.0,Orthodox,1991-02-11,False
Pannie Kianzad,pannie kianzad,Pannie,Kianzad,Banzai,67.0,135.0,66.0,Orthodox,1991-12-08,False
Akira Kikuchi,akira kikuchi,Akira,Kikuchi,,68.0,155.0,,Orthodox,1978-07-23,False
Katsunori Kikuno,katsunori kikuno,Katsunori,Kikuno,,68.0,145.0,66.0,Orthodox,1981-10-31,False
Sanae Kikuta,sanae kikuta,Sanae,Kikuta,,69.0,200.0,,Orthodox,2071-09-10,False
Jacob Kilburn,jacob kilburn,Jacob,Kilburn,The Killer,69.0,145.0,72.0,Orthodox,1995-06-28,False
Dong Hyun Kim,dong hyun kim,Dong Hyun,Kim,Stun Gun,74.0,170.0,76.0,Southpaw,1981-11-17,False
Jin Oh Kim,jin oh kim,Jin Oh,Kim,,69.0,205.0,,Orthodox,,False
Dae Won Kim,dae won kim,Dae Won,Kim,,71.0,180.0,,Orthodox,,False
Jong Wang Kim,jong wang kim,Jong Wang,Kim,,73.0,240.0,,,,False
Jong Won Kim,jong won kim,Jong Won,Kim,,67.0,139.0,,Orthodox,,False
Min Soo Kim,min soo kim,Min Soo,Kim,,73.0,255.0,,Southpaw,2075-01-22,False
Jong Man Kim,jong man kim,Jong Man,Kim,Special Force,67.0,139.0,,Orthodox,1978-03-03,False
Ji Yeon Kim,ji yeon kim,Ji Yeon,Kim,Firefist,67.0,125.0,72.0,Orthodox,1989-10-18,False
MinWoo Kim,minwoo kim,MinWoo,Kim,Korean MOAI,68.0,135.0,72.0,Orthodox,1993-07-21,False
HanSeul Kim,hanseul kim,HanSeul,Kim,Spade,73.0,170.0,73.0,Southpaw,1990-06-19,False
KyeungPyo Kim,kyeungpyo kim,KyeungPyo,Kim,Redhorse,69.0,155.0,71.0,Orthodox,1992-01-29,False
Sangwook Kim,sangwook kim,Sangwook,Kim,Frogman,72.0,155.0,71.0,Orthodox,1993-10-17,False
SangWon Kim,sangwon kim,SangWon,Kim,No Problem,69.0,145.0,69.0,Orthodox,1993-09-01,False
KyuSung Kim,kyusung kim,KyuSung,Kim,,71.0,125.0,69.0,Orthodox,1992-11-05,False
So Yul Kim,so yul kim,So Yul,Kim,,,115.0,,,1997-05-25,False
Jeremy Kimball,jeremy kimball,Jeremy,Kimball,,72.0,205.0,72.0,Switch,1991-01-03,False
Rob Kimmons,rob kimmons,Rob,Kimmons,The Rosedale Reaper,70.0,185.0,73.0,Orthodox,1981-01-30,False
Dustin Kimura,dustin kimura,Dustin,Kimura,The Diamond,67.0,135.0,71.0,Orthodox,1989-05-21,False
Taiei Kin,taiei kin,Taiei,Kin,,71.0,185.0,,Orthodox,2070-07-08,False
Mike King,mike king,Mike,King,,75.0,185.0,,,1983-08-04,False
Kyle Kingsbury,kyle kingsbury,Kyle,Kingsbury,Kingsbu,76.0,205.0,79.0,Orthodox,1982-03-22,False
Yusaku Kinoshita,yusaku kinoshita,Yusaku,Kinoshita,,72.0,170.0,71.0,Southpaw,2000-08-21,False
Kamuela Kirk,kamuela kirk,Kamuela,Kirk,The Jawaiian,70.0,155.0,75.0,Switch,1994-04-13,True
Yurij Kiseliov,yurij kiseliov,Yurij,Kiseliov,Playboy,68.0,185.0,,Orthodox,,False
Justine Kish,justine kish,Justine,Kish,,65.0,125.0,64.0,Orthodox,1988-04-13,False
Koji Kitao,koji kitao,Koji,Kitao,,79.0,350.0,,Southpaw,2063-10-12,False
Satoru Kitaoka,satoru kitaoka,Satoru,Kitaoka,,66.0,154.0,,,1980-02-04,False
Top Noi Kiwram,top noi kiwram,Top Noi,Kiwram,,65.0,125.0,67.0,Southpaw,1992-08-15,True
Ludovit Klein,ludovit klein,Ludovit,Klein,Mr. Highlight,67.0,155.0,72.0,Southpaw,1995-02-22,True
Nick Klein,nick klein,Nick,Klein,Blue Collar,73.0,185.0,77.0,Orthodox,1995-09-08,True
Seth Kleinbeck,seth kleinbeck,Seth,Kleinbeck,Mass Destruction,74.0,185.0,,,2073-07-25,False
Stefan Klever,stefan klever,Stefan,Klever,,,185.0,,Orthodox,,False
Fatima Kline,fatima kline,Fatima,Kline,The Archangel,66.0,115.0,67.0,Orthodox,2000-07-12,True
Felix Klinkhammer,felix klinkhammer,Felix,Klinkhammer,,72.0,170.0,,,,True
Drakkar Klose,drakkar klose,Drakkar,Klose,,69.0,155.0,70.0,Orthodox,1988-03-09,True
Michael Knaap,michael knaap,Michael,Knaap,Hammer,74.0,220.0,,Orthodox,1984-02-27,False
Kevin Knabjian,kevin knabjian,Kevin,Knabjian,,70.0,170.0,,Orthodox,1984-07-05,False
Jason Knight,jason knight,Jason,Knight,The Kid,70.0,145.0,71.0,Orthodox,1992-07-14,False
William Knight,william knight,William,Knight,Knightmare,70.0,205.0,73.0,Orthodox,1988-04-03,False
Josefine Knutsson,josefine knutsson,Josefine,Knutsson,Thunder,63.0,115.0,60.0,Orthodox,1996-01-16,False
Seokhyeon Ko,seokhyeon ko,Seokhyeon,Ko,The Korean Tyson,70.0,170.0,71.0,Southpaw,1993-09-24,True
Isao Kobayashi,isao kobayashi,Isao,Kobayashi,,68.0,145.0,,,1988-10-28,False
Kelly Kobold,kelly kobold,Kelly,Kobold,Blood Red,66.0,135.0,,Orthodox,1983-02-25,False
Erik Koch,erik koch,Erik,Koch,Phoenix,70.0,170.0,71.0,Southpaw,1988-10-04,False
Sokun Koh,sokun koh,Sokun,Koh,,73.0,205.0,,,,False
Shingo Kohara,shingo kohara,Shingo,Kohara,,66.0,135.0,,,,False
Brad Kohler,brad kohler,Brad,Kohler,,69.0,220.0,,Orthodox,2064-05-26,False
Charlie Kohler,charlie kohler,Charlie,Kohler,,69.0,155.0,,Orthodox,1976-07-16,False
Tsuyoshi Kohsaka,tsuyoshi kohsaka,Tsuyoshi,Kohsaka,TK,71.0,225.0,,Orthodox,2070-03-06,False
Kaloyan Kolev,kaloyan kolev,Kaloyan,Kolev,,74.0,205.0,73.0,Orthodox,1992-10-17,False
John Kolosci,john kolosci,John,Kolosci,,71.0,185.0,,Orthodox,2074-11-26,False
Yuki Kondo,yuki kondo,Yuki,Kondo,,71.0,183.0,,Southpaw,2075-07-17,False
Syuri Kondo,syuri kondo,Syuri,Kondo,,64.0,115.0,66.0,Orthodox,1989-02-08,False
Mantas Kondratavicius,mantas kondratavicius,Mantas,Kondratavicius,,,185.0,,,,True
Cheick Kongo,cheick kongo,Cheick,Kongo,,76.0,240.0,82.0,Orthodox,2075-05-17,False
Andrei Kopylov,andrei kopylov,Andrei,Kopylov,,74.0,265.0,,Orthodox,2065-07-16,False
Roman Kopylov,roman kopylov,Roman,Kopylov,,72.0,185.0,75.0,Southpaw,1991-05-04,True
Bruno Korea,bruno korea,Bruno,Korea,,66.0,135.0,65.0,,1991-06-28,False
Chungreng Koren,chungreng koren,Chungreng,Koren,The Indian Rhino,,135.0,,,1998-02-01,False
Andrey Koreshkov,andrey koreshkov,Andrey,Koreshkov,Spartan,72.0,170.0,,,1990-08-23,False
Josh Koscheck,josh koscheck,Josh,Koscheck,,70.0,170.0,73.0,Orthodox,1977-11-30,False
Steven Koslow,steven koslow,Steven,Koslow,Obi Won Shinobi The Pillow,67.0,125.0,69.0,Switch,1997-01-22,True
Naoyuki Kotani,naoyuki kotani,Naoyuki,Kotani,,68.0,155.0,66.0,Southpaw,1981-12-08,False
Ilya Kotau,ilya kotau,Ilya,Kotau,,,170.0,,,,False
Iouri Kotchkine,iouri kotchkine,Iouri,Kotchkine,,74.0,235.0,,Orthodox,,False
Matt Kovacs,matt kovacs,Matt,Kovacs,300,72.0,244.0,,Orthodox,,False
Marcus Kowal,marcus kowal,Marcus,Kowal,,,135.0,,,,False
Karolina Kowalkiewicz,karolina kowalkiewicz,Karolina,Kowalkiewicz,,63.0,115.0,64.0,Orthodox,1985-10-15,True
Steve Kozola,steve kozola,Steve,Kozola,,,155.0,,,,False
Derrick Krantz,derrick krantz,Derrick,Krantz,D-Rock,70.0,170.0,72.0,Orthodox,1988-01-13,False
James Krause,james krause,James,Krause,The,74.0,170.0,73.0,Orthodox,1986-06-04,True
Pascal Krauss,pascal krauss,Pascal,Krauss,Panzer,73.0,170.0,,Orthodox,1987-04-19,False
Rene Kronvold,rene kronvold,Rene,Kronvold,,68.0,170.0,,Orthodox,,False
Kaynan Kruschewsky,kaynan kruschewsky,Kaynan,Kruschewsky,Bahia,72.0,155.0,73.0,Orthodox,1991-04-04,False
Jorgen Kruth,jorgen kruth,Jorgen,Kruth,The Last Viking,74.0,205.0,,,2074-05-08,False
Nikita Krylov,nikita krylov,Nikita,Krylov,The Miner,75.0,205.0,77.0,Orthodox,1992-03-07,True
Mariusz Ksiazkiewicz,mariusz ksiazkiewicz,Mariusz,Ksiazkiewicz,The Iron Pol,75.0,185.0,75.0,Southpaw,1989-10-04,True
Eliezer Kubanza,eliezer kubanza,Eliezer,Kubanza,,,170.0,,,,False
Junya Kudo,junya kudo,Junya,Kudo,,,135.0,,Orthodox,,False
John Kuhner,john kuhner,John,Kuhner,,,170.0,,,1982-10-12,False
Michael Kuiper,michael kuiper,Michael,Kuiper,,72.0,185.0,73.0,Orthodox,1989-06-07,False
Anton Kuivanen,anton kuivanen,Anton,Kuivanen,,68.0,155.0,72.0,Orthodox,1984-05-01,False
Maiju Kujala,maiju kujala,Maiju,Kujala,,,135.0,,,,False
Sumit Kumar,sumit kumar,Sumit,Kumar,The Indian Kid,65.0,125.0,66.0,Orthodox,2000-09-09,True
Aleksei Kunchenko,aleksei kunchenko,Aleksei,Kunchenko,,68.0,170.0,70.0,Orthodox,1984-05-02,False
Rizvan Kuniev,rizvan kuniev,Rizvan,Kuniev,,76.0,240.0,76.0,Orthodox,1992-03-10,True
Keigo Kunihara,keigo kunihara,Keigo,Kunihara,,72.0,235.0,,Orthodox,,False
Kiichi Kunimoto,kiichi kunimoto,Kiichi,Kunimoto,Strasser,70.0,170.0,71.0,Orthodox,1981-05-01,False
Jon Kunneman,jon kunneman,Jon,Kunneman,AK-47,,185.0,,,1999-07-14,False
Leo Kuntz,leo kuntz,Leo,Kuntz,The Lion,70.0,155.0,,Orthodox,1983-10-03,False
Korey Kuppe,korey kuppe,Korey,Kuppe,,77.0,170.0,77.0,Switch,1989-01-23,True
Ramazan Kuramagomedov,ramazan kuramagomedov,Ramazan,Kuramagomedov,,73.0,170.0,73.0,Orthodox,1996-08-23,False
Tsuyoshi Kurihara,tsuyoshi kurihara,Tsuyoshi,Kurihara,,70.0,185.0,,Orthodox,2073-07-13,False
Eldari Kurtanidze,eldari kurtanidze,Eldari,Kurtanidze,,66.0,235.0,,Orthodox,2072-04-16,False
Kyle Kurtz,kyle kurtz,Kyle,Kurtz,,,170.0,,,,False
Guram Kutateladze,guram kutateladze,Guram,Kutateladze,Georgian Viking,71.0,155.0,72.0,Orthodox,1992-01-08,False
Vadym Kutsyi,vadym kutsyi,Vadym,Kutsyi,,72.0,170.0,71.0,Orthodox,1991-07-18,False
Lina Kvokov,lina kvokov,Lina,Kvokov,,69.0,135.0,,Orthodox,,False
Kaleo Kwan,kaleo kwan,Kaleo,Kwan,Leo Boy,67.0,155.0,,,2070-08-01,False
Jarrod Kwitty,jarrod kwitty,Jarrod,Kwitty,,68.0,185.0,,,,False
Mike Kyle,mike kyle,Mike,Kyle,MAK,76.0,205.0,77.0,Orthodox,1980-03-31,False
Lisa Kyriacou,lisa kyriacou,Lisa,Kyriacou,The Savage,65.0,125.0,64.0,Orthodox,1993-11-17,False
Achmed Labasanov,achmed labasanov,Achmed,Labasanov,,75.0,215.0,,Orthodox,1978-04-24,False
Josh LaBerge,josh laberge,Josh,LaBerge,,70.0,145.0,,,,False
Jeremiah Labiano,jeremiah labiano,Jeremiah,Labiano,The Kid,70.0,135.0,,,,False
Daniel Lacerda,daniel lacerda,Daniel,Lacerda,Miojo,66.0,125.0,70.0,Switch,1996-06-05,True
Luan Lacerda,luan lacerda,Luan,Lacerda,,67.0,135.0,71.0,Orthodox,1993-01-07,True
Kemran Lachinov,kemran lachinov,Kemran,Lachinov,,,170.0,,,,False
Aspen Ladd,aspen ladd,Aspen,Ladd,,66.0,135.0,66.0,Orthodox,1995-03-01,False
Ryan LaFlare,ryan laflare,Ryan,LaFlare,,73.0,170.0,74.0,Southpaw,1983-10-01,False
Corinne Laframboise,corinne laframboise,Corinne,Laframboise,,64.0,125.0,65.0,Orthodox,1989-05-25,True
Ben Lagman,ben lagman,Ben,Lagman,Bad News,74.0,185.0,,,1986-09-04,False
Noad Lahat,noad lahat,Noad,Lahat,Neo,69.0,145.0,69.0,Orthodox,1984-06-08,False
Tina Lahdemaki,tina lahdemaki,Tina,Lahdemaki,Jelly Bean,62.0,115.0,,Orthodox,1988-05-28,False
Yohan Lainesse,yohan lainesse,Yohan,Lainesse,White Lion,73.0,170.0,76.0,Orthodox,1992-08-14,False
Tim Lajcik,tim lajcik,Tim,Lajcik,The Bohemian,73.0,225.0,,Orthodox,2065-06-21,False
Todd Lally,todd lally,Todd,Lally,,67.0,145.0,,Orthodox,,False
Sean Lally,sean lally,Sean,Lally,The Unpredictable One,72.0,170.0,,Orthodox,1990-11-04,True
Ricardo Lamas,ricardo lamas,Ricardo,Lamas,The Bully,68.0,145.0,71.0,Orthodox,1982-05-21,False
Jason Lambert,jason lambert,Jason,Lambert,The Punisher,75.0,185.0,75.0,Orthodox,2075-06-03,False
Jose Landi-Jons,jose landi jons,Jose,Landi-Jons,Pele,71.0,170.0,,Orthodox,2073-09-09,False
Nate Landwehr,nate landwehr,Nate,Landwehr,The Train,69.0,145.0,72.0,Orthodox,1988-06-06,True
Austen Lane,austen lane,Austen,Lane,,78.0,245.0,80.0,Orthodox,1987-11-09,True
Aaron Lanfranco,aaron lanfranco,Aaron,Lanfranco,,,155.0,,,1986-08-26,False
Jeremy Lang,jeremy lang,Jeremy,Lang,,71.0,205.0,,Southpaw,2075-05-11,False
Lionel Lanham,lionel lanham,Lionel,Lanham,,,205.0,,,1980-08-31,False
Lina Lansberg,lina lansberg,Lina,Lansberg,Elbow Queen,67.0,135.0,65.0,Orthodox,1982-03-13,False
Taylor Lapilus,taylor lapilus,Taylor,Lapilus,Double Impact,66.0,135.0,73.0,Southpaw,1992-04-08,False
Chad Laprise,chad laprise,Chad,Laprise,The Disciple,70.0,170.0,71.0,Orthodox,1986-07-23,False
Anthony Lapsley,anthony lapsley,Anthony,Lapsley,The Recipe,69.0,170.0,,Southpaw,1980-02-13,False
TJ Laramie,tj laramie,TJ,Laramie,,66.0,145.0,66.0,Orthodox,1997-10-15,False
Icho Larenas,icho larenas,Icho,Larenas,,75.0,235.0,,Orthodox,1980-03-12,False
Lorenz Larkin,lorenz larkin,Lorenz,Larkin,The Monsoon,71.0,170.0,72.0,Orthodox,1986-09-03,False
Jeremy Larsen,jeremy larsen,Jeremy,Larsen,,70.0,145.0,70.0,Orthodox,1984-05-18,False
Brock Larson,brock larson,Brock,Larson,,71.0,170.0,71.0,Southpaw,1977-08-23,False
Ryan Larson,ryan larson,Ryan,Larson,,,170.0,,,1980-12-30,False
Bobby Lashley,bobby lashley,Bobby,Lashley,,75.0,255.0,78.0,Orthodox,1976-07-16,False
Ilir Latifi,ilir latifi,Ilir,Latifi,The Sledgehammer,70.0,230.0,73.0,Orthodox,1982-07-28,False
Sione Latu,sione latu,Sione,Latu,,72.0,215.0,,,,False
Phillip Latu,phillip latu,Phillip,Latu,The Doctor,75.0,205.0,76.0,Orthodox,1991-02-17,False
Jenel Lausa,jenel lausa,Jenel,Lausa,,65.0,125.0,68.0,Orthodox,1988-08-01,False
Joe Lauzon,joe lauzon,Joe,Lauzon,,70.0,155.0,71.0,Orthodox,1984-05-22,True
Dan Lauzon,dan lauzon,Dan,Lauzon,The Upgrade,70.0,155.0,,Orthodox,1988-03-30,False
Sandra Lavado,sandra lavado,Sandra,Lavado,Peruvian Zombie,67.0,115.0,66.0,Orthodox,1994-05-03,True
Chatt Lavender,chatt lavender,Chatt,Lavender,,68.0,170.0,,,1976-05-24,False
Cody Law,cody law,Cody,Law,,,145.0,,,1995-03-24,False
Muhammed Lawal,muhammed lawal,Muhammed,Lawal,King Mo,72.0,205.0,78.0,Southpaw,1981-01-11,False
Robbie Lawler,robbie lawler,Robbie,Lawler,Ruthless,71.0,170.0,74.0,Southpaw,1982-03-20,False
Tom Lawlor,tom lawlor,Tom,Lawlor,Filthy,72.0,205.0,74.0,Southpaw,1983-05-15,False
Justin Lawrence,justin lawrence,Justin,Lawrence,The American Kidd,68.0,145.0,67.0,Orthodox,1990-05-15,False
Lance Lawrence,lance lawrence,Lance,Lawrence,,73.0,145.0,74.0,Orthodox,1993-06-26,False
Ronnie Lawrence,ronnie lawrence,Ronnie,Lawrence,The Heat,68.0,135.0,68.0,Switch,1992-06-13,True
Eric Lawson,eric lawson,Eric,Lawson,,72.0,185.0,,Orthodox,,False
Jimmy Lawson,jimmy lawson,Jimmy,Lawson,Greedy,72.0,265.0,77.0,Orthodox,1991-11-13,False
Valmir Lazaro,valmir lazaro,Valmir,Lazaro,Bidu,72.0,155.0,73.0,Orthodox,1985-08-15,False
Zviad Lazishvili,zviad lazishvili,Zviad,Lazishvili,,66.0,135.0,69.0,Orthodox,1991-10-25,False
Mounir Lazzez,mounir lazzez,Mounir,Lazzez,The Sniper,73.0,170.0,76.0,Orthodox,1987-11-16,False
Cung Le,cung le,Cung,Le,,69.0,185.0,70.0,Southpaw,2072-05-25,False
Thanh Le,thanh le,Thanh,Le,,69.0,145.0,74.0,Orthodox,1985-08-28,False
Quang Le,quang le,Quang,Le,Bang,66.0,135.0,70.0,Orthodox,1991-10-18,False
Carlos Leal,carlos leal,Carlos,Leal,The Lion,71.0,170.0,74.0,Orthodox,1994-05-04,True
Jordan Leavitt,jordan leavitt,Jordan,Leavitt,The Monkey King,69.0,155.0,71.0,Southpaw,1995-06-02,True
Jerome LeBanner,jerome lebanner,Jerome,LeBanner,,75.0,265.0,,Southpaw,2072-12-26,False
Chris Leben,chris leben,Chris,Leben,The Crippler,71.0,185.0,73.0,Southpaw,1980-07-21,False
Julien Leblanc,julien leblanc,Julien,Leblanc,,,185.0,,,1992-01-21,False
Jean-Paul Lebosnoyani,jean paul lebosnoyani,Jean-Paul,Lebosnoyani,Mufasa,71.0,170.0,72.0,Switch,1999-01-27,True
Mickael Lebout,mickael lebout,Mickael,Lebout,Ragnar,71.0,155.0,73.0,Orthodox,1987-08-16,False
Stephen Ledbetter,stephen ledbetter,Stephen,Ledbetter,,69.0,145.0,,Orthodox,1982-06-30,False
Justin Ledet,justin ledet,Justin,Ledet,El Blanco,76.0,205.0,80.0,Orthodox,1988-09-28,False
James Lee,james lee,James,Lee,,71.0,205.0,,Southpaw,2073-09-22,False
David Lee,david lee,David,Lee,,70.0,155.0,,Orthodox,,False
Jackie Lee,jackie lee,Jackie,Lee,,,,,,,False
Eun Soo Lee,eun soo lee,Eun Soo,Lee,,73.0,215.0,,Orthodox,1982-03-07,False
Tae Hyun Lee,tae hyun lee,Tae Hyun,Lee,,78.0,295.0,,Orthodox,2075-01-17,False
Tommy Lee,tommy lee,Tommy,Lee,,67.0,145.0,,Orthodox,1977-01-20,False
Matt Lee,matt lee,Matt,Lee,,71.0,155.0,,Orthodox,,False
Imani Lee,imani lee,Imani,Lee,,,,,Orthodox,,False
Vaughan Lee,vaughan lee,Vaughan,Lee,,66.0,125.0,66.0,Orthodox,1982-10-15,False
Kevin Lee,kevin lee,Kevin,Lee,The Motown Phenom,69.0,170.0,77.0,Orthodox,1992-09-04,True
Rocky Lee,rocky lee,Rocky,Lee,,69.0,145.0,,Orthodox,1987-04-08,False
Andrea Lee,andrea lee,Andrea,Lee,KGB,66.0,125.0,69.0,Orthodox,1989-02-11,False
JeongYeong Lee,jeongyeong lee,JeongYeong,Lee,Korean Tiger,70.0,145.0,73.0,Orthodox,1995-11-13,True
JungHyun Lee,junghyun lee,JungHyun,Lee,The Phenom,65.0,125.0,65.0,Orthodox,2002-09-10,False
ChangHo Lee,changho lee,ChangHo,Lee,,68.0,135.0,69.0,Orthodox,1994-05-09,True
Macksom Lee,macksom lee,Macksom,Lee,,,,,,,False
Ricky Legere Jr.,ricky legere jr,Ricky,Legere Jr.,IE Bad Boy,68.0,170.0,,,,False
Sherron Leggett,sherron leggett,Sherron,Leggett,Rob Roy,68.0,155.0,,Southpaw,1978-10-27,False
Cheyden Leialoha,cheyden leialoha,Cheyden,Leialoha,Steadfast,68.0,135.0,73.0,Orthodox,1994-03-15,False
Claudia Leite,claudia leite,Claudia,Leite,,63.0,135.0,64.0,Orthodox,1996-11-04,True
Thales Leites,thales leites,Thales,Leites,,73.0,185.0,78.0,Orthodox,1981-09-06,False
Jovan Leka,jovan leka,Jovan,Leka,,,265.0,,,2002-03-15,False
Stefan Leko,stefan leko,Stefan,Leko,Blitz,74.0,215.0,,Orthodox,2074-06-03,False
Gabe Lemley,gabe lemley,Gabe,Lemley,,68.0,155.0,,Orthodox,,False
Amanda Lemos,amanda lemos,Amanda,Lemos,,64.0,115.0,65.0,Southpaw,1987-05-22,True
Giacomo Lemos,giacomo lemos,Giacomo,Lemos,,75.0,247.0,75.0,Orthodox,1989-06-23,False
Christophe Leninger,christophe leninger,Christophe,Leninger,,72.0,200.0,,Southpaw,,False
Jesse Lennox,jesse lennox,Jesse,Lennox,The Ox,69.0,170.0,72.0,Orthodox,1982-03-10,False
Jean Francois Lenogue,jean francois lenogue,Jean Francois,Lenogue,,72.0,185.0,,Orthodox,2072-11-29,False
Nik Lentz,nik lentz,Nik,Lentz,The Carny,68.0,145.0,68.0,Orthodox,1984-08-13,False
Alberta Cerra Leon,alberta cerra leon,Alberta Cerra,Leon,,68.0,238.0,,,,False
Victoria Leonardo,victoria leonardo,Victoria,Leonardo,Fury,65.0,125.0,64.0,Orthodox,1990-02-16,False
Anthony Leone,anthony leone,Anthony,Leone,,66.0,135.0,,Orthodox,1987-05-27,False
Chad Leonhardt,chad leonhardt,Chad,Leonhardt,The Boss,72.0,170.0,,,1980-02-19,False
Kimo Leopoldo,kimo leopoldo,Kimo,Leopoldo,,75.0,235.0,,Orthodox,2068-01-05,False
Michael Lerma,michael lerma,Michael,Lerma,,,,,,,False
Lukasz Les,lukasz les,Lukasz,Les,,,170.0,,,1981-11-05,False
Brock Lesnar,brock lesnar,Brock,Lesnar,,75.0,265.0,81.0,Orthodox,1977-07-12,False
Frank Lester,frank lester,Frank,Lester,,71.0,170.0,,Orthodox,1984-06-10,False
Valerie Letourneau,valerie letourneau,Valerie,Letourneau,Trouble,67.0,115.0,68.0,Orthodox,1983-04-29,False
Leah Letson,leah letson,Leah,Letson,Nidas,67.0,145.0,71.0,Southpaw,1992-08-21,False
Justin Levens,justin levens,Justin,Levens,The Executioner,71.0,185.0,,Orthodox,1980-04-18,False
Marcus LeVesseur,marcus levesseur,Marcus,LeVesseur,The Prospect,69.0,155.0,70.0,Southpaw,1982-07-17,False
David Levicki,david levicki,David,Levicki,,77.0,275.0,,,,False
Kyle Levinton,kyle levinton,Kyle,Levinton,,,,,,,False
Natan Levy,natan levy,Natan,Levy,Lethal,69.0,155.0,71.0,Southpaw,1991-09-30,True
John Lewis,john lewis,John,Lewis,,72.0,155.0,,Southpaw,,False
Derrick Lewis,derrick lewis,Derrick,Lewis,The Black Beast,75.0,260.0,79.0,Orthodox,1985-02-07,True
Bevon Lewis,bevon lewis,Bevon,Lewis,,75.0,185.0,79.0,Orthodox,1991-05-05,False
Brandon Lewis,brandon lewis,Brandon,Lewis,,64.0,135.0,70.0,Orthodox,1997-08-02,False
Malik Lewis,malik lewis,Malik,Lewis,Hard Knock,72.0,155.0,75.0,Orthodox,1996-03-04,True
Chi Lewis-Parry,chi lewis parry,Chi,Lewis-Parry,Chopper,81.0,243.0,,,1983-08-10,False
Li Jingliang,li jingliang,Li,Jingliang,The Leech,72.0,170.0,71.0,Orthodox,1988-03-20,True
Li Yunfeng,li yunfeng,Li,Yunfeng,,68.0,135.0,68.0,Orthodox,1999-03-08,False
Liang Na,liang na,Liang,Na,The Dragon Girl,65.0,125.0,67.0,Orthodox,1996-07-27,False
Jess Liaudin,jess liaudin,Jess,Liaudin,The Joker,69.0,170.0,72.0,Orthodox,,False
Chuck Liddell,chuck liddell,Chuck,Liddell,The Iceman,74.0,205.0,76.0,Orthodox,2069-12-17,False
Rodrigo Lidio,rodrigo lidio,Rodrigo,Lidio,Dynamis,71.0,155.0,73.0,Orthodox,1989-07-07,True
Sam Liera,sam liera,Sam,Liera,,,,,,,False
Zach Light,zach light,Zach,Light,,68.0,170.0,,Orthodox,2074-02-06,False
Scott Lighty,scott lighty,Scott,Lighty,,74.0,205.0,,,1978-10-15,False
Chris Liguori,chris liguori,Chris,Liguori,,69.0,185.0,,Orthodox,,False
Donnie Liles,donnie liles,Donnie,Liles,,69.0,170.0,,Orthodox,,False
Jae Suk Lim,jae suk lim,Jae Suk,Lim,,69.0,170.0,,Orthodox,1979-11-09,False
Hyun Gyu Lim,hyun gyu lim,Hyun Gyu,Lim,The Ace,75.0,170.0,77.0,Orthodox,1985-01-16,False
Juliana Lima,juliana lima,Juliana,Lima,Ju Thai,65.0,115.0,65.0,Orthodox,1982-03-15,False
Dhiego Lima,dhiego lima,Dhiego,Lima,,74.0,170.0,75.0,Orthodox,1989-01-31,False
Douglas Lima,douglas lima,Douglas,Lima,The Phenom,73.0,170.0,,,1988-01-05,False
Mabelly Lima,mabelly lima,Mabelly,Lima,,62.0,135.0,,Orthodox,1994-01-25,False
Andre Lima,andre lima,Andre,Lima,Mascote,67.0,125.0,67.0,Orthodox,1999-02-04,True
Felipe Lima,felipe lima,Felipe,Lima,Jungle Boy,66.0,135.0,68.0,Orthodox,1998-05-07,True
Miguel Linares,miguel linares,Miguel,Linares,,,,,,,False
Emiliano Linares,emiliano linares,Emiliano,Linares,Golden Bull,68.0,145.0,72.0,Orthodox,1997-04-21,False
Matt Lindland,matt lindland,Matt,Lindland,The Law,72.0,185.0,74.0,Southpaw,2070-05-17,False
Jake Lindsey,jake lindsey,Jake,Lindsey,The Librarian,71.0,155.0,,Switch,1986-06-21,False
John Lineker,john lineker,John,Lineker,Hands of Stone,63.0,135.0,67.0,Orthodox,1990-06-12,False
Austin Lingo,austin lingo,Austin,Lingo,Lights Out,70.0,145.0,70.0,Orthodox,1994-07-10,True
Lucio Linhares,lucio linhares,Lucio,Linhares,,74.0,185.0,,Orthodox,2073-12-08,False
Philipe Lins,philipe lins,Philipe,Lins,Monstro,74.0,205.0,78.0,Orthodox,1985-08-17,True
Tainara Lisboa,tainara lisboa,Tainara,Lisboa,Thai Panther,67.0,135.0,67.0,Orthodox,1991-03-02,True
Dean Lister,dean lister,Dean,Lister,The Boogeyman,73.0,185.0,75.0,Orthodox,1976-02-13,False
Wesley Little,wesley little,Wesley,Little,,76.0,205.0,,,,False
Adam Livingston,adam livingston,Adam,Livingston,Bomb,,155.0,,,2001-08-15,False
James Llontop,james llontop,James,Llontop,Goku,72.0,155.0,73.0,Orthodox,1999-08-02,False
Abner Lloveras,abner lloveras,Abner,Lloveras,Skullman,71.0,155.0,,,1982-09-04,False
Brian Lo-A-Njoe,brian lo a njoe,Brian,Lo-A-Njoe,,67.0,155.0,,Orthodox,,False
John Lober,john lober,John,Lober,The Machine,71.0,199.0,,Orthodox,2068-02-26,False
Artem Lobov,artem lobov,Artem,Lobov,The Russian Hammer,69.0,145.0,65.0,Southpaw,1986-08-11,False
Dylan Lockard,dylan lockard,Dylan,Lockard,,69.0,145.0,72.0,Orthodox,1992-05-19,False
Ryan Loder,ryan loder,Ryan,Loder,Man of Steel,74.0,185.0,76.0,Southpaw,1991-06-05,True
Sean Loeffler,sean loeffler,Sean,Loeffler,The Destroyer,75.0,185.0,,Orthodox,1982-05-23,False
Christian Lohsen,christian lohsen,Christian,Lohsen,Hollywood,74.0,155.0,77.0,Southpaw,1995-01-24,True
David Loiseau,david loiseau,David,Loiseau,The Crow,72.0,185.0,76.0,Orthodox,1979-12-17,False
Hector Lombard,hector lombard,Hector,Lombard,,69.0,185.0,71.0,Southpaw,1978-02-02,False
Michael Lombardo,michael lombardo,Michael,Lombardo,The Don,72.0,170.0,72.0,Orthodox,1990-04-03,False
Rocky Long,rocky long,Rocky,Long,,,145.0,,,1978-02-18,False
Thomas Longacre,thomas longacre,Thomas,Longacre,,69.0,145.0,,Orthodox,,False
Loma Lookboonmee,loma lookboonmee,Loma,Lookboonmee,,61.0,115.0,61.0,Orthodox,1996-01-18,True
Ange Loosa,ange loosa,Ange,Loosa,The Last Ninja,70.0,170.0,74.0,Orthodox,1993-03-18,False
Lucas Lopes,lucas lopes,Lucas,Lopes,,74.0,185.0,,,1979-10-05,False
Dileno Lopes,dileno lopes,Dileno,Lopes,,65.0,135.0,,,1984-09-26,False
Diego Lopes,diego lopes,Diego,Lopes,,71.0,145.0,72.0,Orthodox,1994-12-30,True
Bruno Lopes,bruno lopes,Bruno,Lopes,Brunao,74.0,205.0,74.0,Orthodox,1993-04-24,True
Arthur Lopes,arthur lopes,Arthur,Lopes,Demolidor,74.0,234.0,77.0,Southpaw,1993-02-17,False
Ivan Lopez,ivan lopez,Ivan,Lopez,,66.0,135.0,,Southpaw,,False
Steve Lopez,steve lopez,Steve,Lopez,,71.0,155.0,,Orthodox,1984-07-30,False
Federico Lopez,federico lopez,Federico,Lopez,Kiko,64.0,139.0,,Orthodox,,False
Jorge Lopez,jorge lopez,Jorge,Lopez,,70.0,170.0,,Orthodox,1988-11-21,False
Christopher Lopez,christopher lopez,Christopher,Lopez,,70.0,170.0,,,1986-01-30,False
Matthew Lopez,matthew lopez,Matthew,Lopez,,67.0,135.0,69.0,Southpaw,1987-01-21,False
Benito Lopez,benito lopez,Benito,Lopez,Golden Boy,70.0,135.0,73.0,Switch,1994-04-06,False
Gustavo Lopez,gustavo lopez,Gustavo,Lopez,,65.0,135.0,67.0,Orthodox,1989-06-27,False
Alik Lorenz,alik lorenz,Alik,Lorenz,,74.0,205.0,77.0,Orthodox,1997-01-25,False
Brendan Loughnane,brendan loughnane,Brendan,Loughnane,,70.0,145.0,70.0,Switch,1989-12-05,False
Nate Loughran,nate loughran,Nate,Loughran,,74.0,185.0,,Orthodox,1980-07-28,False
Caolan Loughran,caolan loughran,Caolan,Loughran,The Don,66.0,135.0,68.0,Orthodox,1996-05-18,False
Rashard Lovelace,rashard lovelace,Rashard,Lovelace,,,155.0,,,,False
Ian Loveland,ian loveland,Ian,Loveland,The Barn Owl,68.0,145.0,,Orthodox,1983-09-07,False
Jakob Lovstad,jakob lovstad,Jakob,Lovstad,The Striking Viking,75.0,205.0,,Orthodox,,False
Waylon Lowe,waylon lowe,Waylon,Lowe,,67.0,145.0,,Southpaw,1980-10-31,False
Brandon Lowe,brandon lowe,Brandon,Lowe,,,155.0,,,,False
Joe Lowry,joe lowry,Joe,Lowry,,71.0,155.0,73.0,Orthodox,1989-12-12,False
Lu Kai,lu kai,Lu,Kai,The Last Gladiator,69.0,145.0,69.0,Orthodox,1994-03-01,True
Lu Zhengyong,lu zhengyong,Lu,Zhengyong,,,125.0,,,,True
Robert Lucarelli,robert lucarelli,Robert,Lucarelli,,74.0,245.0,,,,False
Matt Lucas,matt lucas,Matt,Lucas,Luke Duke,73.0,205.0,,,,False
Cleber Luciano,cleber luciano,Cleber,Luciano,,66.0,155.0,,,,False
Stephanie Luciano,stephanie luciano,Stephanie,Luciano,Rondinha,66.0,115.0,65.0,Orthodox,1999-12-16,True
Iasmin Lucindo,iasmin lucindo,Iasmin,Lucindo,,63.0,115.0,66.0,Orthodox,2002-01-08,True
Duane Ludwig,duane ludwig,Duane,Ludwig,Bang,70.0,170.0,70.0,Orthodox,1978-08-04,False
Lawrence Lui,lawrence lui,Lawrence,Lui,Lok Yin,67.0,135.0,72.0,Orthodox,1996-08-04,False
Mike Lullo,mike lullo,Mike,Lullo,,68.0,145.0,,Orthodox,1979-07-24,False
Juan Andres Luna,juan andres luna,Juan Andres,Luna,,67.0,125.0,72.0,Orthodox,1995-08-20,True
Paula Luna,paula luna,Paula,Luna,La Prodigia,62.0,125.0,62.0,Orthodox,1999-07-05,False
Santiago Luna,santiago luna,Santiago,Luna,BorderBoy,69.0,135.0,74.0,Orthodox,2004-08-06,True
Dalcha Lungiambula,dalcha lungiambula,Dalcha,Lungiambula,Champion,68.0,185.0,76.0,Orthodox,1987-07-31,False
Alexandru Lungu,alexandru lungu,Alexandru,Lungu,,72.0,385.0,,Orthodox,2074-09-03,False
Vicente Luque,vicente luque,Vicente,Luque,The Silent Assassin,71.0,170.0,75.0,Orthodox,1991-11-27,True
Thaddeus Luster,thaddeus luster,Thaddeus,Luster,,75.0,210.0,,,,False
Travis Lutter,travis lutter,Travis,Lutter,The Serial Killer,71.0,185.0,75.0,Orthodox,2073-05-12,False
Joilton Lutterbach,joilton lutterbach,Joilton,Lutterbach,Peregrino,73.0,185.0,75.0,Orthodox,1992-11-05,False
Tucker Lutz,tucker lutz,Tucker,Lutz,Top Gun,68.0,145.0,72.0,Orthodox,1994-07-12,True
Lv Zhenhong,lv zhenhong,Lv,Zhenhong,,68.0,145.0,67.0,Switch,1993-06-25,False
Stevie Lynch,stevie lynch,Stevie,Lynch,,70.0,170.0,,Orthodox,,False
Adam Lynn,adam lynn,Adam,Lynn,,70.0,155.0,,Orthodox,,False
Chris Lytle,chris lytle,Chris,Lytle,Lights Out,71.0,170.0,68.0,Orthodox,2074-08-18,False
Dong Hyun Ma,dong hyun ma,Dong Hyun,Ma,Maestro,71.0,155.0,70.0,Orthodox,1988-09-09,False
Pawan Maan,pawan maan,Pawan,Maan,,67.0,155.0,70.0,Orthodox,1986-04-06,False
William Macario,william macario,William,Macario,Patolino,71.0,170.0,75.0,Orthodox,1991-07-01,False
Jason MacDonald,jason macdonald,Jason,MacDonald,The Athlete,75.0,185.0,80.0,Orthodox,2075-06-03,False
Rob MacDonald,rob macdonald,Rob,MacDonald,Maximus,75.0,205.0,78.0,Orthodox,1978-09-05,False
Rory MacDonald,rory macdonald,Rory,MacDonald,Red King,72.0,170.0,76.0,Orthodox,1989-07-22,False
Ryan MacDonald,ryan macdonald,Ryan,MacDonald,Main Event,71.0,135.0,71.0,Switch,1993-03-18,False
Clayton MacFarlane,clayton macfarlane,Clayton,MacFarlane,,,170.0,,,,False
Ilima Macfarlane,ilima macfarlane,Ilima,Macfarlane,,64.0,125.0,,,,False
Valesca Machado,valesca machado,Valesca,Machado,Tina Black,64.0,115.0,63.0,Orthodox,1996-05-06,False
Caio Machado,caio machado,Caio,Machado,Bigfoot,76.0,250.0,78.0,Southpaw,1994-07-20,False
Ian Machado Garry,ian machado garry,Ian,Machado Garry,The Future,75.0,170.0,74.0,Orthodox,1997-11-17,True
Lyoto Machida,lyoto machida,Lyoto,Machida,The Dragon,73.0,185.0,74.0,Southpaw,1978-05-30,False
War Machine,war machine,War,Machine,,71.0,170.0,,Orthodox,1981-11-30,False
Anthony Macias,anthony macias,Anthony,Macias,Mad Dog,69.0,185.0,,Switch,,False
Pauline Macias,pauline macias,Pauline,Macias,PITA,64.0,115.0,64.0,Southpaw,1988-06-27,True
Reza Madadi,reza madadi,Reza,Madadi,Mad Dog,71.0,155.0,73.0,Orthodox,1978-06-20,False
Don Madge,don madge,Don,Madge,Magic Man,72.0,155.0,72.0,Southpaw,1990-11-12,False
Ryan Madigan,ryan madigan,Ryan,Madigan,,72.0,170.0,,Orthodox,,False
Victor Madrigal,victor madrigal,Victor,Madrigal,Periquito,67.0,135.0,71.0,Orthodox,1990-08-16,True
Jon Madsen,jon madsen,Jon,Madsen,,72.0,240.0,72.0,Orthodox,1980-02-12,False
Mark Madsen,mark madsen,Mark,Madsen,The Olympian,68.0,155.0,72.0,Orthodox,1984-09-23,False
Yoshiro Maeda,yoshiro maeda,Yoshiro,Maeda,,67.0,139.0,68.0,Southpaw,1981-10-31,False
Leonardo Mafra,leonardo mafra,Leonardo,Mafra,Macarrao,70.0,155.0,70.0,Orthodox,1989-04-25,False
Vinny Magalhaes,vinny magalhaes,Vinny,Magalhaes,Pezao,75.0,205.0,75.0,Orthodox,1984-07-02,False
Vinicius Magalhaes,vinicius magalhaes,Vinicius,Magalhaes,Draculinho,,145.0,,,2071-07-30,False
Caio Magalhaes,caio magalhaes,Caio,Magalhaes,Hellboy,73.0,185.0,73.0,Orthodox,1987-12-14,False
Bernardo Magalhaes,bernardo magalhaes,Bernardo,Magalhaes,Trekko,69.0,155.0,,Orthodox,1981-04-08,False
Eric Magana,eric magana,Eric,Magana,,,,,,,False
Brandon Magana,brandon magana,Brandon,Magana,,,170.0,,Orthodox,,False
Angela Magana,angela magana,Angela,Magana,Your Majesty,61.0,115.0,65.0,Orthodox,1983-08-02,False
Neil Magny,neil magny,Neil,Magny,The Haitian Sensation,75.0,170.0,80.0,Orthodox,1987-08-03,True
Raimond Magomedaliev,raimond magomedaliev,Raimond,Magomedaliev,,73.0,170.0,75.0,Orthodox,1990-06-10,True
Ibragim Magomedov,ibragim magomedov,Ibragim,Magomedov,,72.0,250.0,,Orthodox,,False
Rashid Magomedov,rashid magomedov,Rashid,Magomedov,Highlander,69.0,155.0,70.0,Orthodox,1984-11-29,False
Ruslan Magomedov,ruslan magomedov,Ruslan,Magomedov,Leopard,75.0,242.0,78.0,Orthodox,1986-11-26,False
Abus Magomedov,abus magomedov,Abus,Magomedov,,74.0,185.0,78.0,Orthodox,1990-09-02,True
Shara Magomedov,shara magomedov,Shara,Magomedov,Bullet,74.0,185.0,73.0,Orthodox,1994-05-16,True
Murtazali Magomedov,murtazali magomedov,Murtazali,Magomedov,The Highlight,,145.0,,,1999-08-08,True
Zabit Magomedsharipov,zabit magomedsharipov,Zabit,Magomedsharipov,,73.0,145.0,73.0,Orthodox,1991-03-01,False
John Maguire,john maguire,John,Maguire,The One,69.0,155.0,69.0,Southpaw,1983-05-19,False
Lolohea Mahe,lolohea mahe,Lolohea,Mahe,,,,,,,False
Michelle Maher,michelle maher,Michelle,Maher,,,145.0,,,,False
Maheshate,maheshate,,Maheshate,,72.0,155.0,71.0,Orthodox,1999-12-01,False
Bill Mahood,bill mahood,Bill,Mahood,The Butcher,75.0,200.0,,Orthodox,2067-02-01,False
Klayton Mai,klayton mai,Klayton,Mai,,69.0,125.0,,,1986-11-30,False
Demian Maia,demian maia,Demian,Maia,,73.0,170.0,72.0,Southpaw,1977-11-06,False
Jennifer Maia,jennifer maia,Jennifer,Maia,,64.0,125.0,64.0,Orthodox,1988-10-06,True
Nayara Maia,nayara maia,Nayara,Maia,Capita,65.0,125.0,66.0,Orthodox,1990-07-25,True
Roshan Mainam,roshan mainam,Roshan,Mainam,The Indian Notorious,,135.0,,,,False
Levan Makashvili,levan makashvili,Levan,Makashvili,The Hornet,68.0,145.0,68.0,Orthodox,1989-01-07,False
John Makdessi,john makdessi,John,Makdessi,The Bull,68.0,155.0,68.0,Orthodox,1985-05-03,True
Islam Makhachev,islam makhachev,Islam,Makhachev,,70.0,170.0,70.0,Southpaw,1991-10-27,True
Aliev Makhmud,aliev makhmud,Aliev,Makhmud,,66.0,195.0,,Southpaw,2070-02-13,False
Zach Makovsky,zach makovsky,Zach,Makovsky,Fun Size,64.0,125.0,64.0,Southpaw,1983-04-19,False
Azat Maksum,azat maksum,Azat,Maksum,Qazaq,67.0,125.0,70.0,Southpaw,1995-02-02,False
Jeremy Malaterre,jeremy malaterre,Jeremy,Malaterre,,71.0,155.0,,,,False
Fabio Maldonado,fabio maldonado,Fabio,Maldonado,Caipira de Aco,73.0,205.0,75.0,Orthodox,1980-03-17,False
Marvin Maldonado,marvin maldonado,Marvin,Maldonado,The Bulldog,66.0,135.0,,,,False
Bea Malecki,bea malecki,Bea,Malecki,,69.0,135.0,74.0,Orthodox,1991-08-23,False
Nazareno Malegarie,nazareno malegarie,Nazareno,Malegarie,El Tigre,68.0,155.0,,,1986-05-16,False
Carl Malenko,carl malenko,Carl,Malenko,,71.0,200.0,,Orthodox,,False
Jacob Malkoun,jacob malkoun,Jacob,Malkoun,Mamba,69.0,185.0,73.0,Orthodox,1995-08-26,True
Mike Malott,mike malott,Mike,Malott,Proper,73.0,170.0,73.0,Orthodox,1991-11-07,True
Regina Malpica,regina malpica,Regina,Malpica,Kill Bill,,125.0,,,2004-10-19,False
Dan Manasoiu,dan manasoiu,Dan,Manasoiu,,,,,,,False
Troy Mandaloniz,troy mandaloniz,Troy,Mandaloniz,Rude Boy,69.0,170.0,,Orthodox,1980-02-01,False
Nate Maness,nate maness,Nate,Maness,Mayhem,70.0,125.0,72.0,Orthodox,1991-06-27,False
Michael Mangan,michael mangan,Michael,Mangan,,,155.0,,,,False
Gary Mangat,gary mangat,Gary,Mangat,,67.0,135.0,,,,False
George Mangos,george mangos,George,Mangos,,70.0,145.0,70.0,Switch,2003-08-19,False
Melvin Manhoef,melvin manhoef,Melvin,Manhoef,No Mercy,69.0,185.0,,Orthodox,1976-05-11,False
Melchor Manibusan,melchor manibusan,Melchor,Manibusan,Barracuda,65.0,154.0,,Southpaw,1976-12-27,False
Jon Manley,jon manley,Jon,Manley,,73.0,170.0,,Orthodox,1986-07-07,False
Steve Mann,steve mann,Steve,Mann,,73.0,170.0,,,,False
Marnic Mann,marnic mann,Marnic,Mann,The Sawed-Off Savage,60.0,115.0,64.0,Southpaw,1993-03-05,True
Dylan Mantello,dylan mantello,Dylan,Mantello,The Quiet Man,73.0,155.0,73.0,Orthodox,1992-11-19,False
Chris Manuel,chris manuel,Chris,Manuel,,69.0,135.0,,Orthodox,1987-07-21,False
Jimi Manuwa,jimi manuwa,Jimi,Manuwa,Poster Boy,73.0,205.0,79.0,Orthodox,1980-02-18,False
Dom Mar Fan,dom mar fan,Dom,Mar Fan,Street Buddha,71.0,155.0,75.0,Orthodox,2000-03-19,True
Cristiano Marcello,cristiano marcello,Cristiano,Marcello,,69.0,155.0,72.0,Orthodox,1977-12-03,False
Daniel Marcos,daniel marcos,Daniel,Marcos,Soncora,67.0,135.0,69.0,Orthodox,1993-03-07,True
Jose Maria,jose maria,Jose,Maria,No Chance,65.0,125.0,,Orthodox,1982-01-04,False
Marcos Mariano,marcos mariano,Marcos,Mariano,Dhalsim,73.0,155.0,76.0,Switch,1986-10-12,False
Enrique Marin,enrique marin,Enrique,Marin,Wasabi,70.0,170.0,,,1986-09-02,False
Chepe Mariscal,chepe mariscal,Chepe,Mariscal,Machine Gun,67.0,145.0,69.0,Orthodox,1992-10-27,True
Ronny Markes,ronny markes,Ronny,Markes,,73.0,185.0,75.0,Orthodox,1988-04-21,False
Rory Markham,rory markham,Rory,Markham,,72.0,170.0,71.0,Orthodox,1982-03-25,False
Randa Markos,randa markos,Randa,Markos,Quiet Storm,64.0,115.0,63.0,Orthodox,1985-08-10,False
Christina Marks,christina marks,Christina,Marks,,67.0,125.0,69.0,Orthodox,1985-11-08,False
Brendon Marotte,brendon marotte,Brendon,Marotte,The Kid,69.0,145.0,70.0,Orthodox,1996-01-12,False
Nate Marquardt,nate marquardt,Nate,Marquardt,The Great,72.0,185.0,74.0,Orthodox,1979-04-20,False
Danilo Marques,danilo marques,Danilo,Marques,,78.0,205.0,77.0,Orthodox,1985-12-26,False
Julian Marquez,julian marquez,Julian,Marquez,The Cuban Missile Crisis,74.0,185.0,72.0,Orthodox,1990-05-08,False
Carmelo Marrero,carmelo marrero,Carmelo,Marrero,The Fury,72.0,205.0,73.0,Orthodox,1981-01-26,False
Cesar Marscucci,cesar marscucci,Cesar,Marscucci,,,,,,,False
John Marsh,john marsh,John,Marsh,,72.0,265.0,,Orthodox,2070-09-15,False
CJ Marsh,cj marsh,CJ,Marsh,,,,,,,False
Eliot Marshall,eliot marshall,Eliot,Marshall,Fire,74.0,205.0,77.0,Orthodox,1980-07-07,False
Doug Marshall,doug marshall,Doug,Marshall,The Rhino,70.0,205.0,,Orthodox,2075-09-09,False
David Marshall,david marshall,David,Marshall,,74.0,170.0,,,1984-08-24,False
Francis Marshall,francis marshall,Francis,Marshall,Fire,69.0,145.0,72.0,Orthodox,1999-03-03,True
Jack Marshman,jack marshman,Jack,Marshman,The Hammer,72.0,185.0,73.0,Orthodox,1989-12-19,False
Terry Martin,terry martin,Terry,Martin,,68.0,185.0,71.0,Orthodox,1980-10-10,False
Eric Martin,eric martin,Eric,Martin,,,,,,,False
Justin Martin,justin martin,Justin,Martin,,72.0,185.0,,,,False
Dave Martin,dave martin,Dave,Martin,,72.0,205.0,,,,False
Joe Martin,joe martin,Joe,Martin,,69.0,170.0,,,,False
Anthony Rocco Martin,anthony rocco martin,Anthony Rocco,Martin,,72.0,170.0,73.0,Orthodox,1989-12-11,False
Mallory Martin,mallory martin,Mallory,Martin,,64.0,115.0,63.0,Orthodox,1994-01-29,False
Michal Martinek,michal martinek,Michal,Martinek,,74.0,230.0,,Southpaw,1990-04-19,True
Juan Adrian Martinetti,juan adrian martinetti,Juan Adrian,Martinetti,,,,,,,False
Rainy Martinez,rainy martinez,Rainy,Martinez,,72.0,199.0,,Orthodox,,False
Danny Martinez,danny martinez,Danny,Martinez,The Gremlin,66.0,125.0,67.0,Orthodox,1985-06-14,False
Alonzo Martinez,alonzo martinez,Alonzo,Martinez,Zo Diddy,70.0,155.0,,,1984-04-22,False
Henry Martinez,henry martinez,Henry,Martinez,Sicario,67.0,155.0,69.0,Southpaw,1983-08-07,False
Jonathan Martinez,jonathan martinez,Jonathan,Martinez,Dragon,68.0,135.0,70.0,Southpaw,1994-04-20,True
Poppies Martinez,poppies martinez,Poppies,Martinez,The Tachi Kid,69.0,145.0,,,1983-08-19,False
Andrew Martinez,andrew martinez,Andrew,Martinez,Mickey D,69.0,215.0,,,,False
Mana Martinez,mana martinez,Mana,Martinez,ManaBoi,70.0,135.0,70.0,Orthodox,1996-03-25,False
Victor Martinez,victor martinez,Victor,Martinez,The Brick,68.0,155.0,70.0,Orthodox,1991-07-17,False
Roque Martinez,roque martinez,Roque,Martinez,,70.0,250.0,72.0,Orthodox,1986-03-04,False
Melissa Martinez,melissa martinez,Melissa,Martinez,Super Mely,62.0,115.0,66.0,Southpaw,1997-08-18,False
Julieta Martinez,julieta martinez,Julieta,Martinez,The Ninja Ferret,61.0,115.0,62.0,Orthodox,2004-09-14,False
David Martinez,david martinez,David,Martinez,,65.0,135.0,67.0,Orthodox,1998-08-03,True
Wagner da Conceicao Martins,wagner da conceicao martins,Wagner da Conceicao,Martins,Zuluzinho,79.0,390.0,,Orthodox,1978-05-19,False
Adriano Martins,adriano martins,Adriano,Martins,,70.0,155.0,72.0,Southpaw,1982-12-16,False
Lucas Martins,lucas martins,Lucas,Martins,Mineiro,72.0,145.0,72.0,Southpaw,1988-11-11,False
Max Martyniouk,max martyniouk,Max,Martyniouk,Payne,,155.0,,,,False
Bristol Marunde,bristol marunde,Bristol,Marunde,,73.0,170.0,75.0,Orthodox,1982-04-20,False
Shoji Maruyama,shoji maruyama,Shoji,Maruyama,,67.0,139.0,,Orthodox,1983-04-24,False
Kazuma Maruyama,kazuma maruyama,Kazuma,Maruyama,Gluttony,71.0,155.0,72.0,Orthodox,1992-07-19,True
Islem Masraf,islem masraf,Islem,Masraf,Lightning,72.0,205.0,74.0,Southpaw,1996-06-07,False
Mike Massenzio,mike massenzio,Mike,Massenzio,The Master of Disaster,74.0,185.0,73.0,Southpaw,1982-11-01,False
Jameel Massouh,jameel massouh,Jameel,Massouh,,70.0,145.0,72.0,Orthodox,1984-09-12,False
Tiffany Masters,tiffany masters,Tiffany,Masters,Rainbow Renegade,63.0,115.0,65.0,Orthodox,1994-07-31,True
Jorge Masvidal,jorge masvidal,Jorge,Masvidal,Gamebred,71.0,170.0,74.0,Orthodox,1984-11-12,False
Al Matavao,al matavao,Al,Matavao,Sweetness,68.0,205.0,67.0,Orthodox,1994-02-23,False
Tateki Matsuda,tateki matsuda,Tateki,Matsuda,Tech,67.0,125.0,,Orthodox,1986-02-27,False
Arisa Matsuda,arisa matsuda,Arisa,Matsuda,,63.0,115.0,64.0,Orthodox,1994-12-15,False
Daijiro Matsui,daijiro matsui,Daijiro,Matsui,,69.0,200.0,,Orthodox,2072-12-05,False
Toki Matsui,toki matsui,Toki,Matsui,,66.0,125.0,65.0,Orthodox,1999-09-08,False
Koichiro Matsumoto,koichiro matsumoto,Koichiro,Matsumoto,,67.0,145.0,,,1986-03-07,False
Jean Matsumoto,jean matsumoto,Jean,Matsumoto,,66.0,135.0,68.0,Orthodox,1999-09-09,True
Koyomi Matsushima,koyomi matsushima,Koyomi,Matsushima,,67.0,145.0,66.0,Orthodox,1992-10-08,False
Naoki Matsushita,naoki matsushita,Naoki,Matsushita,,66.0,155.0,,Orthodox,,False
AJ Matthews,aj matthews,AJ,Matthews,,71.0,185.0,,,,False
Jake Matthews,jake matthews,Jake,Matthews,The Celtic Kid,71.0,170.0,73.0,Orthodox,1994-08-19,True
Connor Matthews,connor matthews,Connor,Matthews,The Controller,68.0,145.0,71.0,Switch,1992-05-31,False
Claudio Mattos,claudio mattos,Claudio,Mattos,Popeye,,185.0,,Orthodox,,False
John Matua,john matua,John,Matua,,74.0,400.0,,Orthodox,,False
Francesco Maturi,francesco maturi,Francesco,Maturi,,,,,,,False
Vladimir Matyushenko,vladimir matyushenko,Vladimir,Matyushenko,The Janitor,72.0,205.0,74.0,Orthodox,2071-01-04,False
Miranda Maverick,miranda maverick,Miranda,Maverick,Fear The,63.0,125.0,65.0,Southpaw,1997-07-01,True
Nick Maximov,nick maximov,Nick,Maximov,,72.0,185.0,76.0,Southpaw,1997-12-23,False
Elaina Maxwell,elaina maxwell,Elaina,Maxwell,Beef,68.0,145.0,,Orthodox,1978-12-16,False
Jeremy May,jeremy may,Jeremy,May,,73.0,185.0,,,1986-10-23,False
Jack May,jack may,Jack,May,The Outlaw,80.0,255.0,,Switch,1981-04-14,False
Don'Tale Mayes,don tale mayes,Don'Tale,Mayes,Lord Kong,78.0,260.0,81.0,Orthodox,1992-01-16,False
Gray Maynard,gray maynard,Gray,Maynard,,69.0,155.0,70.0,Orthodox,1979-05-09,False
Brooke Mayo,brooke mayo,Brooke,Mayo,The Bully,67.0,125.0,,,,False
Gina Mazany,gina mazany,Gina,Mazany,Danger,66.0,125.0,68.0,Southpaw,1988-08-19,False
Sabina Mazo,sabina mazo,Sabina,Mazo,Colombian Queen,67.0,125.0,70.0,Orthodox,1997-03-25,False
Francesco Mazzeo,francesco mazzeo,Francesco,Mazzeo,,75.0,205.0,75.0,Orthodox,1997-09-23,False
Scott McAfee,scott mcafee,Scott,McAfee,,68.0,155.0,,Orthodox,1983-08-23,False
Bobby McAndrews,bobby mcandrews,Bobby,McAndrews,,,,,Orthodox,,False
Michael McBride,michael mcbride,Michael,McBride,,73.0,155.0,,Orthodox,1986-03-09,False
Ian McCall,ian mccall,Ian,McCall,Uncle Creepy,65.0,125.0,64.0,Orthodox,1984-05-07,False
Molly McCann,molly mccann,Molly,McCann,Meatball,64.0,115.0,62.0,Orthodox,1990-05-04,False
Charles McCarthy,charles mccarthy,Charles,McCarthy,Chainsaw,70.0,185.0,71.0,Orthodox,1980-08-06,False
Eric McConico,eric mcconico,Eric,McConico,,72.0,185.0,77.0,Southpaw,1990-05-09,True
Sean McCorkle,sean mccorkle,Sean,McCorkle,,79.0,265.0,81.0,Orthodox,1976-07-17,False
Danni McCormack,danni mccormack,Danni,McCormack,Mac,64.0,125.0,62.0,Southpaw,1990-03-15,False
Paddy McCorry,paddy mccorry,Paddy,McCorry,,,185.0,,,1997-12-09,False
Kris McCray,kris mccray,Kris,McCray,Savage,72.0,170.0,76.0,Orthodox,1981-09-24,False
Tamdan McCrory,tamdan mccrory,Tamdan,McCrory,The Barncat,76.0,185.0,76.0,Switch,1986-11-05,False
Rob McCullough,rob mccullough,Rob,McCullough,Razor,69.0,155.0,69.0,Orthodox,1977-05-26,False
Justin McCully,justin mccully,Justin,McCully,The Insane One,73.0,225.0,73.0,Orthodox,1976-02-18,False
Robert McDaniel,robert mcdaniel,Robert,McDaniel,Bubba,75.0,185.0,75.0,Southpaw,1983-05-03,False
Michael McDonald,michael mcdonald,Michael,McDonald,The Black Sniper,71.0,205.0,,Orthodox,2065-02-06,False
Michael McDonald,michael mcdonald,Michael,McDonald,The Black Sniper,69.0,135.0,70.0,Orthodox,1991-01-15,False
Scott McDonald,scott mcdonald,Scott,McDonald,,,,,,,False
Michael McDonald,michael mcdonald,Michael,McDonald,Mayday,71.0,205.0,,Orthodox,2065-02-06,False
Michael McDonald,michael mcdonald,Michael,McDonald,Mayday,69.0,135.0,70.0,Orthodox,1991-01-15,False
Josh McDonald,josh mcdonald,Josh,McDonald,,,185.0,,,,False
Miles McDonald,miles mcdonald,Miles,McDonald,,67.0,115.0,,,1991-08-13,False
Justin McElfresh,justin mcelfresh,Justin,McElfresh,,78.0,205.0,,Orthodox,1980-01-04,False
Drew McFedries,drew mcfedries,Drew,McFedries,The Massacre,72.0,185.0,72.0,Southpaw,1978-07-27,False
Liam McGeary,liam mcgeary,Liam,McGeary,,78.0,205.0,,,1982-10-04,False
Gan McGee,gan mcgee,Gan,McGee,The Giant,82.0,265.0,,Orthodox,1976-11-20,False
Court McGee,court mcgee,Court,McGee,The Crusher,71.0,170.0,75.0,Orthodox,1984-12-12,True
Marcus McGhee,marcus mcghee,Marcus,McGhee,The Maniac,68.0,135.0,69.0,Orthodox,1990-05-07,True
Ryan McGillivray,ryan mcgillivray,Ryan,McGillivray,The Kid,71.0,170.0,,,1986-09-27,False
Ryan McGivern,ryan mcgivern,Ryan,McGivern,,72.0,185.0,,Orthodox,1980-01-17,False
Jack McGlaughlin,jack mcglaughlin,Jack,McGlaughlin,,,,,Orthodox,,False
Conor McGregor,conor mcgregor,Conor,McGregor,The Notorious,69.0,155.0,74.0,Southpaw,1988-07-14,True
Greg McIntyre,greg mcintyre,Greg,McIntyre,,70.0,155.0,,Orthodox,1980-04-21,False
Antonio McKee,antonio mckee,Antonio,McKee,Mandingo,68.0,155.0,,Southpaw,2070-03-12,False
AJ McKee,aj mckee,AJ,McKee,Mercenary,70.0,145.0,,,,False
Rhys McKee,rhys mckee,Rhys,McKee,Skeletor,74.0,170.0,78.0,Orthodox,1995-09-10,False
Cory McKenna,cory mckenna,Cory,McKenna,Poppins,63.0,115.0,58.0,Orthodox,1999-07-11,False
Tim McKenzie,tim mckenzie,Tim,McKenzie,,72.0,185.0,74.0,Orthodox,1982-07-21,False
Cody McKenzie,cody mckenzie,Cody,McKenzie,,72.0,155.0,72.0,Switch,1987-12-16,False
Terrance McKinney,terrance mckinney,Terrance,McKinney,T. Wrecks,70.0,155.0,73.0,Switch,1994-09-15,True
Brian McLaughlin,brian mclaughlin,Brian,McLaughlin,,69.0,155.0,,,1984-05-12,False
Jason McLean,jason mclean,Jason,McLean,,65.0,145.0,,,,False
Garreth McLellan,garreth mclellan,Garreth,McLellan,Soldier Boy,73.0,185.0,72.0,Southpaw,1982-09-01,False
Sara McMann,sara mcmann,Sara,McMann,,66.0,135.0,66.0,Orthodox,1980-09-24,False
Tommy McMillen,tommy mcmillen,Tommy,McMillen,Gun,72.0,145.0,74.0,Orthodox,1997-12-15,True
James McSweeney,james mcsweeney,James,McSweeney,The Hammer,76.0,230.0,77.0,Switch,1980-10-24,False
Charles McTorry,charles mctorry,Charles,McTorry,,,,,,,False
Jackson McVey,jackson mcvey,Jackson,McVey,The Moose,76.0,185.0,77.0,Southpaw,1999-03-25,True
Daniel McWilliams,daniel mcwilliams,Daniel,McWilliams,The Animal,73.0,185.0,,,,False
Tim Means,tim means,Tim,Means,The Dirty Bird,74.0,170.0,75.0,Orthodox,1984-02-20,True
Yancy Medeiros,yancy medeiros,Yancy,Medeiros,,70.0,155.0,75.0,Orthodox,1987-09-07,False
Anistavio Medeiros,anistavio medeiros,Anistavio,Medeiros,Gasparzinho,66.0,145.0,,Orthodox,1988-05-01,False
Kaline Medeiros,kaline medeiros,Kaline,Medeiros,The Dark Angel,63.0,115.0,,,,False
MarQuel Mederos,marquel mederos,MarQuel,Mederos,,70.0,155.0,69.0,Orthodox,1996-11-30,True
Uros Medic,uros medic,Uros,Medic,The Doctor,73.0,170.0,71.0,Southpaw,1993-04-25,True
Todd Medina,todd medina,Todd,Medina,El Tiburon,70.0,193.0,,Southpaw,,False
Jason Medina,jason medina,Jason,Medina,,69.0,180.0,,,,False
Emil Meek,emil meek,Emil,Meek,Valhalla,71.0,170.0,74.0,Switch,1988-08-20,False
Sanford Alton Meeks,sanford alton meeks,Sanford Alton,Meeks,,77.0,265.0,75.0,Orthodox,1994-04-05,False
Gerald Meerschaert,gerald meerschaert,Gerald,Meerschaert,GM3,73.0,185.0,77.0,Southpaw,1987-12-18,True
Frank Megallon,frank megallon,Frank,Megallon,,70.0,185.0,,Southpaw,,False
Derrick Mehmen,derrick mehmen,Derrick,Mehmen,Caveman,76.0,205.0,,,1985-05-30,False
Miika Mehmet,miika mehmet,Miika,Mehmet,,,205.0,,Orthodox,,False
Jordan Mein,jordan mein,Jordan,Mein,Young Gun,72.0,170.0,73.0,Orthodox,1989-10-10,False
Bryce Mejia,bryce mejia,Bryce,Mejia,,73.0,170.0,,,,False
Brian Melancon,brian melancon,Brian,Melancon,,68.0,170.0,,Orthodox,1982-05-28,False
Brandon Melendez,brandon melendez,Brandon,Melendez,The Murderer,71.0,155.0,,Southpaw,1983-03-24,False
Gilbert Melendez,gilbert melendez,Gilbert,Melendez,El Nino,69.0,145.0,73.0,Orthodox,1982-04-12,False
Nair Melikyan,nair melikyan,Nair,Melikyan,Ahalkalakski,66.0,155.0,,,1997-08-08,False
Marcelo Mello,marcelo mello,Marcelo,Mello,,67.0,170.0,,Southpaw,,False
Fabio Mello,fabio mello,Fabio,Mello,,65.0,155.0,,Southpaw,,False
Vanessa Melo,vanessa melo,Vanessa,Melo,,65.0,135.0,65.0,Orthodox,1988-03-27,False
Antonio Mendes,antonio mendes,Antonio,Mendes,Samurai,75.0,205.0,77.0,Southpaw,1981-04-19,False
Chad Mendes,chad mendes,Chad,Mendes,Money,66.0,145.0,66.0,Orthodox,1985-05-01,False
Augusto Mendes,augusto mendes,Augusto,Mendes,Tanquinho,66.0,135.0,65.0,Orthodox,1983-03-03,False
Eddie Mendez,eddie mendez,Eddie,Mendez,,70.0,185.0,,,1984-01-16,False
Mateus Mendonca,mateus mendonca,Mateus,Mendonca,Bocao,66.0,125.0,71.0,Orthodox,1999-01-17,True
Luis Mendoza,luis mendoza,Luis,Mendoza,,,155.0,,,,False
Pietro Menga,pietro menga,Pietro,Menga,,67.0,125.0,68.0,Southpaw,1988-02-15,False
Alonzo Menifield,alonzo menifield,Alonzo,Menifield,Atomic,72.0,205.0,76.0,Orthodox,1987-10-18,True
Ivan Menjivar,ivan menjivar,Ivan,Menjivar,The Pride of El Salvador,66.0,145.0,64.0,Orthodox,1982-05-30,False
Dave Menne,dave menne,Dave,Menne,The Warrior,70.0,170.0,,Orthodox,2074-07-29,False
Steve Mensing,steve mensing,Steve,Mensing,The Machine,71.0,185.0,,Orthodox,1977-12-06,False
Buck Meredith,buck meredith,Buck,Meredith,,74.0,185.0,,,1982-05-17,False
Adam Meredith,adam meredith,Adam,Meredith,,74.0,170.0,,,,False
Nick Meregali,nick meregali,Nick,Meregali,,,,,,,False
Joe Merritt,joe merritt,Joe,Merritt,,72.0,170.0,,Orthodox,1984-03-07,False
Bia Mesquita,bia mesquita,Bia,Mesquita,,,135.0,,,1991-04-07,True
Jeremiah Metcalf,jeremiah metcalf,Jeremiah,Metcalf,,73.0,185.0,,Orthodox,,False
Jonathan Meunier,jonathan meunier,Jonathan,Meunier,District,75.0,170.0,,Switch,1987-08-04,False
Yaotzin Meza,yaotzin meza,Yaotzin,Meza,,69.0,145.0,71.0,Orthodox,1981-02-04,False
Guy Mezger,guy mezger,Guy,Mezger,,73.0,200.0,,Orthodox,2068-01-01,False
David Mgoyan,david mgoyan,David,Mgoyan,,69.0,145.0,70.0,Orthodox,2004-06-25,False
Jonathan Micallef,jonathan micallef,Jonathan,Micallef,The Captain,72.0,170.0,77.0,Southpaw,1999-03-05,True
Brandon Michaels,brandon michaels,Brandon,Michaels,,69.0,185.0,,,,False
Andreas Michailidis,andreas michailidis,Andreas,Michailidis,The Spartan,72.0,170.0,76.0,Orthodox,1988-07-18,False
David Michaud,david michaud,David,Michaud,BullDawg,69.0,155.0,,Orthodox,1988-11-10,False
Chris Mickle,chris mickle,Chris,Mickle,,69.0,145.0,,Orthodox,1983-07-10,False
Zachary Micklewright,zachary micklewright,Zachary,Micklewright,,72.0,155.0,74.0,Southpaw,1976-08-21,False
Kristof Midoux,kristof midoux,Kristof,Midoux,The Hurricane,73.0,220.0,,Orthodox,2074-07-30,False
Keith Mielke,keith mielke,Keith,Mielke,,68.0,185.0,,,,False
Chris Mierzwiak,chris mierzwiak,Chris,Mierzwiak,,73.0,185.0,,,1988-02-14,False
Gabriel Miglioli,gabriel miglioli,Gabriel,Miglioli,Biel,68.0,170.0,,,,False
Bojan Mihajlovic,bojan mihajlovic,Bojan,Mihajlovic,,71.0,205.0,73.0,Orthodox,1980-03-30,False
Billy Miles,billy miles,Billy,Miles,The Kid,70.0,170.0,,Orthodox,1978-04-28,False
Pat Miletich,pat miletich,Pat,Miletich,The Croatian Sensation,70.0,170.0,,Orthodox,2068-03-09,False
Curtis Millender,curtis millender,Curtis,Millender,Curtious,74.0,170.0,76.0,Orthodox,1987-12-01,False
Phillip Miller,phillip miller,Phillip,Miller,,71.0,185.0,,Orthodox,1979-02-20,False
Jason Miller,jason miller,Jason,Miller,Mayhem,73.0,185.0,,Orthodox,1980-12-24,False
Dan Miller,dan miller,Dan,Miller,,73.0,185.0,74.0,Orthodox,1981-06-30,False
Jim Miller,jim miller,Jim,Miller,A-10,68.0,155.0,71.0,Southpaw,1983-08-30,True
Cole Miller,cole miller,Cole,Miller,Magrinho,73.0,145.0,73.0,Orthodox,1984-04-26,False
Henry Miller,henry miller,Henry,Miller,Sentoryu,67.0,270.0,,Southpaw,2069-07-16,False
Micah Miller,micah miller,Micah,Miller,Maverick,72.0,145.0,,Orthodox,1987-02-14,False
Aaron Miller,aaron miller,Aaron,Miller,Blood Spiller,69.0,145.0,,,,False
Mo Miller,mo miller,Mo,Miller,Moshow,68.0,135.0,72.0,Orthodox,1992-08-10,True
Juliana Miller,juliana miller,Juliana,Miller,Killer,67.0,125.0,66.0,Orthodox,1996-05-07,True
Ty Miller,ty miller,Ty,Miller,Thriller,74.0,170.0,77.0,Orthodox,2000-06-04,True
Trent Miller,trent miller,Trent,Miller,The Terminator,69.0,185.0,72.0,Orthodox,1995-10-31,False
Eddy Millis,eddy millis,Eddy,Millis,,73.0,185.0,,,,False
Che Mills,che mills,Che,Mills,Beautiful,73.0,170.0,76.0,Orthodox,1982-09-29,False
Adam Milstead,adam milstead,Adam,Milstead,The Prototype,75.0,205.0,76.0,Orthodox,1987-07-03,False
Alberto Mina,alberto mina,Alberto,Mina,Soldier of God,72.0,170.0,77.0,Orthodox,1982-05-02,False
Vitaly Minakov,vitaly minakov,Vitaly,Minakov,,74.0,249.0,,,1985-02-06,False
Mario Mingaj,mario mingaj,Mario,Mingaj,,,265.0,,,,False
Darrick Minner,darrick minner,Darrick,Minner,,67.0,145.0,69.0,Orthodox,1990-04-28,False
Mike Minniger,mike minniger,Mike,Minniger,,,,,,,False
Ikuhisa Minowa,ikuhisa minowa,Ikuhisa,Minowa,Minowaman,69.0,181.0,,Orthodox,1976-01-12,False
Carlton Minus,carlton minus,Carlton,Minus,Clutch,70.0,170.0,75.0,Orthodox,1993-04-26,False
Stipe Miocic,stipe miocic,Stipe,Miocic,,76.0,240.0,80.0,Orthodox,1982-08-19,False
Frank Mir,frank mir,Frank,Mir,,75.0,264.0,79.0,Southpaw,1979-05-24,False
Juan Miranda,juan miranda,Juan,Miranda,,,155.0,,,,False
Mario Miranda,mario miranda,Mario,Miranda,,75.0,185.0,74.0,Orthodox,1979-07-12,False
Vitor Miranda,vitor miranda,Vitor,Miranda,Lex Luthor,73.0,185.0,77.0,Orthodox,1979-03-10,False
Gabriel Miranda,gabriel miranda,Gabriel,Miranda,Fly,71.0,145.0,71.0,Orthodox,1990-03-25,False
Damir Mirenic,damir mirenic,Damir,Mirenic,Wolf,72.0,185.0,,Orthodox,2074-08-02,False
Kazuo Misaki,kazuo misaki,Kazuo,Misaki,Hitman,68.0,183.0,,Orthodox,1976-04-25,False
Toby Misech,toby misech,Toby,Misech,2 Quick,68.0,145.0,,Southpaw,1988-03-07,True
Dokonjonosuke Mishima,dokonjonosuke mishima,Dokonjonosuke,Mishima,,67.0,155.0,,Southpaw,2072-04-19,False
Felix Lee Mitchell,felix lee mitchell,Felix Lee,Mitchell,,,,,Orthodox,,False
David Mitchell,david mitchell,David,Mitchell,Daudi,72.0,170.0,75.0,Orthodox,1979-10-24,False
Danny Mitchell,danny mitchell,Danny,Mitchell,The Cheesecake Assassin,74.0,170.0,,Orthodox,1986-08-08,False
Brad Mitchell,brad mitchell,Brad,Mitchell,,71.0,145.0,,,2074-10-10,False
Clay Mitchell,clay mitchell,Clay,Mitchell,,74.0,185.0,,,,False
Bryce Mitchell,bryce mitchell,Bryce,Mitchell,Thug Nasty,70.0,135.0,70.0,Southpaw,1994-10-04,True
Maurice Mitchell,maurice mitchell,Maurice,Mitchell,The AK Kid,69.0,145.0,,Orthodox,1987-06-29,False
Terrence Mitchell,terrence mitchell,Terrence,Mitchell,,70.0,135.0,74.0,Orthodox,1989-12-30,True
Roman Mitichyan,roman mitichyan,Roman,Mitichyan,,70.0,170.0,,Orthodox,1978-09-04,False
Matt Mitrione,matt mitrione,Matt,Mitrione,,75.0,265.0,82.0,Switch,1978-07-15,False
Eiji Mitsuoka,eiji mitsuoka,Eiji,Mitsuoka,,67.0,145.0,,Southpaw,1976-01-01,False
Hiromitsu Miura,hiromitsu miura,Hiromitsu,Miura,,69.0,170.0,71.0,Orthodox,1981-09-22,False
Jonathan  Mix,jonathan mix,Jonathan ,Mix,,,,,,,False
Patchy Mix,patchy mix,Patchy,Mix,No Love,71.0,135.0,70.0,Southpaw,1993-08-16,True
Tomoya Miyashita,tomoya miyashita,Tomoya,Miyashita,,67.0,139.0,,Southpaw,,False
Kazuyuki Miyata,kazuyuki miyata,Kazuyuki,Miyata,,68.0,139.0,,Orthodox,,False
Motoki Miyazawa,motoki miyazawa,Motoki,Miyazawa,,71.0,168.0,,Southpaw,,False
Takeya Mizugaki,takeya mizugaki,Takeya,Mizugaki,,67.0,135.0,69.0,Orthodox,1983-12-16,False
Mizuki,mizuki,,Mizuki,,63.0,115.0,65.0,Orthodox,1994-08-19,True
Tatsuya Mizuno,tatsuya mizuno,Tatsuya,Mizuno,,73.0,205.0,,Southpaw,1981-06-02,False
Roxanne Modafferi,roxanne modafferi,Roxanne,Modafferi,The Happy Warrior,67.0,125.0,69.0,Orthodox,1982-09-24,False
Bobby Moffett,bobby moffett,Bobby,Moffett,The Wolfman,70.0,145.0,73.0,Orthodox,1990-06-01,False
Bronson Mohika,bronson mohika,Bronson,Mohika,,,135.0,,,,False
Nate Mohr,nate mohr,Nate,Mohr,,69.0,155.0,72.0,Orthodox,1983-03-03,False
Renato Moicano,renato moicano,Renato,Moicano,,71.0,155.0,72.0,Orthodox,1989-05-21,True
Thiago Moises,thiago moises,Thiago,Moises,,69.0,155.0,70.0,Orthodox,1995-03-23,True
Muhammad Mokaev,muhammad mokaev,Muhammad,Mokaev,The Punisher,67.0,125.0,70.0,Orthodox,2000-07-30,False
Ashkan Mokhtarian,ashkan mokhtarian,Ashkan,Mokhtarian,The Assassin,66.0,125.0,67.0,Southpaw,1985-09-15,False
Suman Mokhtarian,suman mokhtarian,Suman,Mokhtarian,,68.0,145.0,72.0,Orthodox,1992-06-13,False
Dan Molina,dan molina,Dan,Molina,,70.0,216.0,,,1984-06-14,False
Jeff Molina,jeff molina,Jeff,Molina,El Jefe,66.0,125.0,69.0,Orthodox,1997-07-17,False
Rudyard Moncayo,rudyard moncayo,Rudyard,Moncayo,,70.0,195.0,,Orthodox,,False
Hidetaka Monma,hidetaka monma,Hidetaka,Monma,,72.0,168.0,,Orthodox,2073-10-23,False
Jeff Monson,jeff monson,Jeff,Monson,The Snowman,69.0,247.0,74.0,Orthodox,2071-01-18,False
Darrell Montague,darrell montague,Darrell,Montague,Mongoose,66.0,125.0,67.0,Southpaw,1987-11-03,False
Michelle Montague,michelle montague,Michelle,Montague,The Wild One,,135.0,,,1993-11-25,True
Andrew Montanez,andrew montanez,Andrew,Montanez,,,185.0,,,,False
Jose Montanha,jose montanha,Jose,Montanha,,,265.0,,,1996-08-25,False
Augusto Montano,augusto montano,Augusto,Montano,Dodger,73.0,170.0,73.0,Orthodox,1984-10-25,False
Erick Montano,erick montano,Erick,Montano,Perry,72.0,170.0,73.0,Orthodox,1985-11-19,False
Nicco Montano,nicco montano,Nicco,Montano,,65.0,135.0,65.0,Southpaw,1988-12-16,False
Antonio Monteiro,antonio monteiro,Antonio,Monteiro,Junior Negao,67.0,145.0,70.0,Orthodox,1995-07-02,False
Sofia Montenegro,sofia montenegro,Sofia,Montenegro,La Bruja,,,,,1999-06-18,True
Alberto Montes,alberto montes,Alberto,Montes,The Promise,67.0,145.0,69.0,Orthodox,1994-05-31,True
Steve Montgomery,steve montgomery,Steve,Montgomery,The Creepy Weasel,76.0,185.0,,Southpaw,1990-12-19,False
James Moontasri,james moontasri,James,Moontasri,Moon Walker,70.0,170.0,71.0,Switch,1988-04-10,False
Homer Moore,homer moore,Homer,Moore,The Rock,70.0,205.0,,Orthodox,2071-11-27,False
Todd Moore,todd moore,Todd,Moore,,69.0,170.0,71.0,Southpaw,1983-12-30,False
Nate Moore,nate moore,Nate,Moore,,72.0,170.0,,,,False
Dustin Moore,dustin moore,Dustin,Moore,,64.0,125.0,,,,False
Taylor Moore,taylor moore,Taylor,Moore,,70.0,135.0,70.0,Southpaw,1993-10-16,False
Sergio Moraes,sergio moraes,Sergio,Moraes,The Panther,72.0,170.0,72.0,Orthodox,1982-07-23,False
Marlon Moraes,marlon moraes,Marlon,Moraes,Magic,66.0,135.0,67.0,Orthodox,1988-04-26,False
Sheymon Moraes,sheymon moraes,Sheymon,Moraes,,68.0,145.0,72.0,Orthodox,1990-10-11,False
John Moraga,john moraga,John,Moraga,,66.0,125.0,66.0,Orthodox,1984-03-20,False
Ricardo Morais,ricardo morais,Ricardo,Morais,The Mutant,80.0,270.0,,Orthodox,2067-02-26,False
Leonardo Morales,leonardo morales,Leonardo,Morales,Chimy,68.0,135.0,,Southpaw,1992-12-22,False
Albert Morales,albert morales,Albert,Morales,The Warrior,69.0,135.0,72.0,Orthodox,1991-05-25,False
Joseph Morales,joseph morales,Joseph,Morales,Bopo,66.0,125.0,69.0,Switch,1994-08-22,True
Vince Morales,vince morales,Vince,Morales,Vandetta,67.0,135.0,70.0,Orthodox,1990-11-12,True
Omar Morales,omar morales,Omar,Morales,Venezuelan Fighter,71.0,155.0,73.0,Orthodox,1985-10-17,False
Michael Morales,michael morales,Michael,Morales,,72.0,170.0,79.0,Orthodox,1999-06-24,True
Sarah Moras,sarah moras,Sarah,Moras,Cheesecake,67.0,135.0,67.0,Orthodox,1988-04-30,False
Christian Morecraft,christian morecraft,Christian,Morecraft,,78.0,260.0,81.0,Orthodox,1986-09-08,False
Joe Moreira,joe moreira,Joe,Moreira,,71.0,195.0,,Southpaw,,False
Richardson Moreira,richardson moreira,Richardson,Moreira,Rick Monstro,74.0,185.0,,Orthodox,1984-03-31,False
Gisele Moreira,gisele moreira,Gisele,Moreira,,66.0,135.0,,Orthodox,1981-01-14,True
Vinicius Moreira,vinicius moreira,Vinicius,Moreira,Mamute,76.0,205.0,76.0,Orthodox,1989-02-28,False
Jesse Moreng,jesse moreng,Jesse,Moreng,Arturo,67.0,145.0,,Orthodox,1979-11-09,False
Brandon Moreno,brandon moreno,Brandon,Moreno,The Assassin Baby,67.0,125.0,70.0,Orthodox,1993-12-07,True
Mike Moreno,mike moreno,Mike,Moreno,El Palo Duro,72.0,185.0,,,,False
Dan Moret,dan moret,Dan,Moret,The Hitman,72.0,155.0,73.0,Southpaw,1986-11-21,False
Sammy Morgan,sammy morgan,Sammy,Morgan,The Squeeze,70.0,170.0,,Orthodox,1981-09-28,False
Peggy Morgan,peggy morgan,Peggy,Morgan,The Daywalker,73.0,135.0,,,1979-12-16,False
Alexander Morgan,alexander morgan,Alexander,Morgan,The Chess Master,70.0,145.0,71.0,Orthodox,1991-05-14,False
Alex Morono,alex morono,Alex,Morono,The Great White,71.0,170.0,72.0,Orthodox,1990-08-16,False
Maryna Moroz,maryna moroz,Maryna,Moroz,Iron Lady,67.0,125.0,67.0,Orthodox,1991-09-08,False
Sergey Morozov,sergey morozov,Sergey,Morozov,,66.0,135.0,67.0,Orthodox,1989-06-14,True
Brad Morris,brad morris,Brad,Morris,,74.0,205.0,,Orthodox,1979-11-01,False
Scott Morris,scott morris,Scott,Morris,,70.0,210.0,,Orthodox,,False
Anthony Morrison,anthony morrison,Anthony,Morrison,Cheesesteak,67.0,145.0,,Orthodox,1984-03-29,False
Jack Morrison,jack morrison,Jack,Morrison,,71.0,205.0,,,,False
Harry Moskowitz,harry moskowitz,Harry,Moskowitz,Dirty,77.0,275.0,,Orthodox,,False
Carlos Mota,carlos mota,Carlos,Mota,Tizil,64.0,125.0,69.0,Orthodox,1995-04-15,False
Miki Motono,miki motono,Miki,Motono,,62.0,115.0,63.0,Southpaw,1994-05-18,False
Juan Mott,juan mott,Juan,Mott,,72.0,190.0,,Switch,,False
Nikolas Motta,nikolas motta,Nikolas,Motta,Iron,69.0,155.0,70.0,Orthodox,1993-02-08,True
Flavio Luiz Moura,flavio luiz moura,Flavio Luiz,Moura,,71.0,183.0,,Open Stance,,False
Eduarda Moura,eduarda moura,Eduarda,Moura,Ronda,66.0,125.0,67.0,Orthodox,1994-02-28,True
Gegard Mousasi,gegard mousasi,Gegard,Mousasi,,74.0,185.0,76.0,Orthodox,1985-08-01,False
Kris Moutinho,kris moutinho,Kris,Moutinho,,67.0,135.0,68.0,Southpaw,1992-08-09,True
Kin Moy,kin moy,Kin,Moy,Kong,65.0,135.0,,,,False
Jamie Moyle,jamie moyle,Jamie,Moyle,,61.0,115.0,65.0,Orthodox,1989-03-17,False
Askar Mozharov,askar mozharov,Askar,Mozharov,,75.0,205.0,74.0,Orthodox,1994-10-26,False
Garrett Mueller,garrett mueller,Garrett,Mueller,,69.0,135.0,,,1989-01-29,False
Lauren Mueller,lauren mueller,Lauren,Mueller,Princess Tiger,65.0,125.0,67.0,Orthodox,1991-11-15,False
Belal Muhammad,belal muhammad,Belal,Muhammad,Remember the Name,71.0,170.0,72.0,Orthodox,1988-07-09,True
Fazlo Mulabitinovic,fazlo mulabitinovic,Fazlo,Mulabitinovic,,,135.0,,,,False
Quinn Mulhern,quinn mulhern,Quinn,Mulhern,,75.0,155.0,,Orthodox,1984-09-20,False
James Mulheron,james mulheron,James,Mulheron,,70.0,243.0,73.0,Orthodox,1988-02-20,False
Jamie Mullarkey,jamie mullarkey,Jamie,Mullarkey,,72.0,155.0,74.0,Orthodox,1994-08-17,True
Jim Mullen,jim mullen,Jim,Mullen,,73.0,215.0,,Southpaw,,False
Melissa Mullins,melissa mullins,Melissa,Mullins,No Mess,67.0,135.0,68.0,Orthodox,1991-07-23,True
Ananias Mulumba,ananias mulumba,Ananias,Mulumba,Metal,,145.0,,,1998-09-18,False
Pedro Munhoz,pedro munhoz,Pedro,Munhoz,The Young Punisher,66.0,135.0,65.0,Orthodox,1986-09-07,True
Andre Muniz,andre muniz,Andre,Muniz,Sergipano,73.0,185.0,78.0,Southpaw,1990-02-17,False
Mark Munoz,mark munoz,Mark,Munoz,The Filipino Wrecking Machine,72.0,185.0,71.0,Orthodox,1978-02-09,False
Alexander Munoz,alexander munoz,Alexander,Munoz,,69.0,155.0,72.0,Switch,1990-02-27,False
Johnny Munoz,johnny munoz,Johnny,Munoz,Kid Kvenbo,69.0,135.0,71.0,Orthodox,1993-02-16,True
Andy Murad,andy murad,Andy,Murad,The Tooth Fairy,69.0,185.0,,,,False
Olivier Murad,olivier murad,Olivier,Murad,Warrior of God,70.0,145.0,72.0,Southpaw,1993-12-21,True
Makhmud Muradov,makhmud muradov,Makhmud,Muradov,,74.0,185.0,75.0,Orthodox,1990-02-08,False
Kazunari Murakami,kazunari murakami,Kazunari,Murakami,,73.0,220.0,,Orthodox,2073-11-29,False
Ryuichi Murata,ryuichi murata,Ryuichi,Murata,,68.0,183.0,,Orthodox,,False
Kanako Murata,kanako murata,Kanako,Murata,,61.0,115.0,62.0,Orthodox,1993-08-10,True
Ailiya Muratbek,ailiya muratbek,Ailiya,Muratbek,,,155.0,,,,False
Vince Murdock,vince murdock,Vince,Murdock,,66.0,145.0,64.0,Orthodox,1991-03-21,False
Samandar Murodov,samandar murodov,Samandar,Murodov,,73.0,170.0,75.0,Orthodox,1999-08-28,False
Tom Murphy,tom murphy,Tom,Murphy,,74.0,227.0,,Southpaw,2074-11-19,False
Ian Murphy,ian murphy,Ian,Murphy,,73.0,185.0,,Orthodox,1985-06-14,False
Jon Murphy,jon murphy,Jon,Murphy,Man of Faith,75.0,260.0,,Orthodox,1977-08-09,False
Lauren Murphy,lauren murphy,Lauren,Murphy,Lucky,65.0,125.0,67.0,Orthodox,1983-07-27,True
Patrick Murphy,patrick murphy,Patrick,Murphy,,72.0,170.0,,,,False
Lerone Murphy,lerone murphy,Lerone,Murphy,The Miracle,69.0,145.0,73.0,Orthodox,1991-07-22,True
Lee Murray,lee murray,Lee,Murray,Lightning,75.0,185.0,,Orthodox,1977-09-12,False
Jesse Murray,jesse murray,Jesse,Murray,Hollywood,75.0,205.0,78.0,Orthodox,1993-01-26,True
Khalid Murtazaliev,khalid murtazaliev,Khalid,Murtazaliev,,72.0,185.0,76.0,Orthodox,1993-07-15,False
Azamat Murzakanov,azamat murzakanov,Azamat,Murzakanov,The Professional,70.0,205.0,71.0,Southpaw,1989-04-12,True
Josias Musasa,josias musasa,Josias,Musasa,The KO Wizard,68.0,135.0,74.0,Southpaw,1998-10-10,True
Tofiq Musayev,tofiq musayev,Tofiq,Musayev,,69.0,155.0,69.0,Orthodox,1989-12-15,True
Nicholas Musoke,nicholas musoke,Nicholas,Musoke,Nico,72.0,170.0,75.0,Orthodox,1986-04-05,False
Andre Mussi,andre mussi,Andre,Mussi,,75.0,242.0,,Orthodox,,False
Magomed Mustafaev,magomed mustafaev,Magomed,Mustafaev,The Sniper,68.0,155.0,71.0,Orthodox,1988-08-02,False
Max Mustaki,max mustaki,Max,Mustaki,,72.0,155.0,,Orthodox,1987-11-07,True
Elvis Mutapcic,elvis mutapcic,Elvis,Mutapcic,The King,72.0,185.0,72.0,Orthodox,1986-07-19,False
Fiona Muxlow,fiona muxlow,Fiona,Muxlow,,64.0,145.0,,,1977-05-13,False
Ho Bae Myeon,ho bae myeon,Ho Bae,Myeon,,71.0,168.0,,Orthodox,,False
Katsuhiko Nagata,katsuhiko nagata,Katsuhiko,Nagata,,67.0,154.0,,Southpaw,2073-10-31,False
Yuji Nagata,yuji nagata,Yuji,Nagata,,72.0,225.0,,Orthodox,2068-04-24,False
Greg Nagy,greg nagy,Greg,Nagy,,73.0,210.0,,Orthodox,1983-10-18,False
Logan Nail,logan nail,Logan,Nail,,,185.0,,,1989-06-20,False
Muhammad Naimov,muhammad naimov,Muhammad,Naimov,Hillman,69.0,145.0,70.0,Orthodox,1994-08-07,True
Yukiya Naito,yukiya naito,Yukiya,Naito,,73.0,205.0,,Orthodox,,False
Yura Naito,yura naito,Yura,Naito,2 FACE,72.0,185.0,74.0,Orthodox,1996-04-26,False
Andrews Nakahara,andrews nakahara,Andrews,Nakahara,,73.0,185.0,,Orthodox,1983-03-12,False
Rin Nakai,rin nakai,Rin,Nakai,,61.0,135.0,,Orthodox,1986-10-22,False
Kazuhiro Nakamura,kazuhiro nakamura,Kazuhiro,Nakamura,Kaz,71.0,205.0,70.0,Orthodox,1979-07-16,False
Keita Nakamura,keita nakamura,Keita,Nakamura,K-Taro,71.0,170.0,73.0,Southpaw,1984-05-22,False
Daisuke Nakamura,daisuke nakamura,Daisuke,Nakamura,,67.0,154.0,,Orthodox,1980-06-10,False
Yusaku Nakamura,yusaku nakamura,Yusaku,Nakamura,,65.0,145.0,,,1986-06-21,False
Rinya Nakamura,rinya nakamura,Rinya,Nakamura,Hybred,67.0,135.0,68.0,Southpaw,1995-03-23,True
Keiichiro Nakamura,keiichiro nakamura,Keiichiro,Nakamura,,68.0,145.0,70.0,Southpaw,1998-12-02,True
Tokitaka Nakanishi,tokitaka nakanishi,Tokitaka,Nakanishi,Toky,66.0,135.0,66.0,Orthodox,1996-07-28,False
Jutaro Nakao,jutaro nakao,Jutaro,Nakao,,69.0,170.0,,Southpaw,2070-11-30,False
Yoshihiro Nakao,yoshihiro nakao,Yoshihiro,Nakao,Kiss,72.0,220.0,,Southpaw,2072-06-25,False
Mandel Nallo,mandel nallo,Mandel,Nallo,Mango,72.0,155.0,75.0,Orthodox,1989-07-26,True
Yui Chul Nam,yui chul nam,Yui Chul,Nam,The Korean Bulldozer,69.0,145.0,,Orthodox,1981-07-16,False
Tyson Nam,tyson nam,Tyson,Nam,,67.0,125.0,68.0,Orthodox,1983-10-06,False
Rose Namajunas,rose namajunas,Rose,Namajunas,Thug,65.0,125.0,65.0,Orthodox,1992-06-29,True
Yasuhito Namekawa,yasuhito namekawa,Yasuhito,Namekawa,,69.0,205.0,,Orthodox,2074-10-27,False
Nad Narimani,nad narimani,Nad,Narimani,Smiler,68.0,145.0,70.0,Orthodox,1987-04-14,False
Roger Narvaez,roger narvaez,Roger,Narvaez,Silverback,75.0,185.0,,Southpaw,1983-09-09,False
Fabio Nascimento,fabio nascimento,Fabio,Nascimento,Negao,70.0,185.0,,Orthodox,,False
Allan Nascimento,allan nascimento,Allan,Nascimento,Puro Osso,68.0,125.0,69.0,Orthodox,1991-09-11,True
Rodrigo Nascimento,rodrigo nascimento,Rodrigo,Nascimento,Ze Colmeia,74.0,246.0,80.0,Orthodox,1992-11-26,False
Bobby Nash,bobby nash,Bobby,Nash,,72.0,170.0,74.0,Orthodox,1990-03-26,False
Reza Nasri,reza nasri,Reza,Nasri,,71.0,205.0,,Orthodox,,False
Nasrudin Nasrudinov,nasrudin nasrudinov,Nasrudin,Nasrudinov,,72.0,205.0,71.0,Orthodox,1991-10-06,True
Pawel Nastula,pawel nastula,Pawel,Nastula,,72.0,230.0,,Southpaw,2070-06-26,False
Rafael Natal,rafael natal,Rafael,Natal,Sapo,72.0,185.0,77.0,Orthodox,1982-12-25,False
Kevin Natividad,kevin natividad,Kevin,Natividad,Quicksand,66.0,135.0,70.0,Orthodox,1993-04-02,False
Ismail Naurdiev,ismail naurdiev,Ismail,Naurdiev,,70.0,185.0,74.0,Orthodox,1996-08-18,True
Danny Navarro,danny navarro,Danny,Navarro,,70.0,155.0,,,1983-05-27,False
Marcio Navarro,marcio navarro,Marcio,Navarro,The Locomotive,72.0,155.0,,,1978-09-17,False
Tafon Nchukwi,tafon nchukwi,Tafon,Nchukwi,Da Don,72.0,185.0,77.0,Orthodox,1994-10-14,False
Dustin Neace,dustin neace,Dustin,Neace,The Beast,69.0,145.0,69.0,,1986-09-12,False
Josh Neal,josh neal,Josh,Neal,,72.0,185.0,,,,False
Joe Neal,joe neal,Joe,Neal,Nine Lives,66.0,135.0,,,1986-07-29,False
Geoff Neal,geoff neal,Geoff,Neal,Handz of Steel,71.0,170.0,75.0,Southpaw,1990-08-28,True
Stanislav Nedkov,stanislav nedkov,Stanislav,Nedkov,Stucky,71.0,205.0,71.0,Orthodox,1981-12-09,False
Josh Neer,josh neer,Josh,Neer,The Dentist,71.0,170.0,72.0,Orthodox,1983-03-24,False
Nicolae Negumereanu,nicolae negumereanu,Nicolae,Negumereanu,,72.0,205.0,78.0,Orthodox,1994-09-04,True
Steve Nelmark,steve nelmark,Steve,Nelmark,The Sandman,72.0,240.0,,Orthodox,,False
Shane Nelson,shane nelson,Shane,Nelson,Sugar,69.0,155.0,70.0,Southpaw,1984-11-29,False
Roy Nelson,roy nelson,Roy,Nelson,Big Country,72.0,263.0,73.0,Orthodox,1976-06-20,False
Gunnar Nelson,gunnar nelson,Gunnar,Nelson,Gunni,71.0,170.0,72.0,Switch,1988-07-28,True
Kyle Nelson,kyle nelson,Kyle,Nelson,The Monster,71.0,145.0,71.0,Switch,1991-04-20,True
Lissette Neri,lissette neri,Lissette,Neri,,62.0,145.0,,,1987-08-05,False
Mario Neto,mario neto,Mario,Neto,Sukata,72.0,229.0,,Orthodox,,False
Antonio Braga Neto,antonio braga neto,Antonio Braga,Neto,,75.0,185.0,77.0,Orthodox,1987-10-29,False
Eduardo Neves,eduardo neves,Eduardo,Neves,Bebezao,74.0,263.0,78.0,Orthodox,2000-03-16,True
Julio Cesar Neves Jr.,julio cesar neves jr,Julio Cesar,Neves Jr.,Morceguinho,68.0,145.0,,,1994-04-25,False
Nick Newell,nick newell,Nick,Newell,Notorious,70.0,155.0,,Southpaw,1986-03-17,True
Journey Newson,journey newson,Journey,Newson,,65.0,135.0,67.0,Orthodox,1989-03-07,True
Jeff Newton,jeff newton,Jeff,Newton,,74.0,205.0,,Sideways,2066-12-11,False
Carlos Newton,carlos newton,Carlos,Newton,The Ronin,69.0,170.0,,Orthodox,1976-08-17,False
Emanuel Newton,emanuel newton,Emanuel,Newton,The Hardcore Kid,73.0,205.0,,,1984-01-02,False
Francis Ngannou,francis ngannou,Francis,Ngannou,The Predator,76.0,250.0,83.0,Orthodox,1986-09-05,False
Nghiem Van Y,nghiem van y,Nghiem,Van Y,,67.0,135.0,68.0,Orthodox,1999-05-15,False
Ben Nguyen,ben nguyen,Ben,Nguyen,Ten,65.0,125.0,65.0,Switch,1988-08-03,False
Steven Nguyen,steven nguyen,Steven,Nguyen,The Ninja,71.0,145.0,73.0,Switch,1993-05-19,True
Alex Nicholson,alex nicholson,Alex,Nicholson,The Spartan,76.0,185.0,77.0,Orthodox,1990-05-02,False
Bo Nickal,bo nickal,Bo,Nickal,,73.0,185.0,76.0,Southpaw,1996-01-14,True
Mike Nickels,mike nickels,Mike,Nickels,,76.0,205.0,,Orthodox,2071-12-13,False
Matheus Nicolau,matheus nicolau,Matheus,Nicolau,,66.0,125.0,66.0,Orthodox,1993-01-06,False
Stewart Nicoll,stewart nicoll,Stewart,Nicoll,Kakamora,65.0,125.0,65.0,Orthodox,1994-11-04,True
Jaimelene Nievera,jaimelene nievera,Jaimelene,Nievera,Queenie,65.0,125.0,,Orthodox,1984-10-28,False
Khomkrit Niimi,khomkrit niimi,Khomkrit,Niimi,The Bumblebee,62.0,125.0,,,,False
Tom Niinimaki,tom niinimaki,Tom,Niinimaki,Stoneface,69.0,145.0,69.0,Orthodox,1982-07-25,False
Ramsey Nijem,ramsey nijem,Ramsey,Nijem,,71.0,155.0,75.0,Orthodox,1988-04-01,False
Hans Nijman,hans nijman,Hans,Nijman,,72.0,250.0,,Switch,2059-10-23,False
Fedor Nikolov,fedor nikolov,Fedor,Nikolov,,,,,,,False
Jack Nilson,jack nilson,Jack,Nilson,,,,,,,False
Mats Nilsson,mats nilsson,Mats,Nilsson,,73.0,170.0,,Orthodox,1983-12-05,False
Guangyou Ning,guangyou ning,Guangyou,Ning,Smasher,64.0,145.0,64.0,Southpaw,1981-12-15,False
Soichi Nishida,soichi nishida,Soichi,Nishida,,71.0,320.0,,Orthodox,,False
Yosuke Nishijima,yosuke nishijima,Yosuke,Nishijima,,69.0,205.0,,Orthodox,2073-05-15,False
Yamato Nishikawa,yamato nishikawa,Yamato,Nishikawa,,67.0,155.0,,Orthodox,2002-12-06,False
Akiyo Nishiura,akiyo nishiura,Akiyo,Nishiura,Wicky Akiyo,68.0,139.0,,Southpaw,1983-08-08,False
Anthony Njokuani,anthony njokuani,Anthony,Njokuani,The Assassin,73.0,155.0,75.0,Orthodox,1980-03-01,False
Chidi Njokuani,chidi njokuani,Chidi,Njokuani,Bang Bang,75.0,170.0,80.0,Orthodox,1988-12-31,True
Derrick Noble,derrick noble,Derrick,Noble,The Eraser,69.0,170.0,,Southpaw,1978-08-14,False
Kyle Noblitt,kyle noblitt,Kyle,Noblitt,,74.0,243.0,,,1989-12-26,True
Pedro Nobre,pedro nobre,Pedro,Nobre,The Rock,65.0,135.0,,,1986-02-13,False
Jacob Noe,jacob noe,Jacob,Noe,Psycho,,205.0,,,,False
Antonio Rodrigo Nogueira,antonio rodrigo nogueira,Antonio Rodrigo,Nogueira,Minotauro,75.0,240.0,77.0,Orthodox,1976-06-02,False
Rogerio Nogueira,rogerio nogueira,Rogerio,Nogueira,Minotouro,74.0,205.0,75.0,Southpaw,1976-06-02,False
Alexandre Franca Nogueira,alexandre franca nogueira,Alexandre Franca,Nogueira,Pequeno,67.0,145.0,,Orthodox,1978-01-15,False
Talita Nogueira,talita nogueira,Talita,Nogueira,Treta,70.0,145.0,,,1985-10-13,False
Kyle Noke,kyle noke,Kyle,Noke,,73.0,170.0,76.0,Southpaw,1980-03-18,False
Tom Nolan,tom nolan,Tom,Nolan,Big Train,75.0,155.0,73.0,Southpaw,2000-03-08,True
Eric Nolan,eric nolan,Eric,Nolan,Nightime,74.0,185.0,74.0,Orthodox,1997-09-13,True
Nick Nolte,nick nolte,Nick,Nolte,,72.0,170.0,,,,False
KJ Noons,kj noons,KJ,Noons,King,70.0,155.0,70.0,Orthodox,1982-12-07,False
Sage Northcutt,sage northcutt,Sage,Northcutt,Super,72.0,170.0,71.0,Orthodox,1996-03-01,False
Jan Nortje,jan nortje,Jan,Nortje,The Giant,73.0,310.0,,Southpaw,2075-04-11,False
Scott Norton,scott norton,Scott,Norton,Hollywood,70.0,170.0,,Orthodox,2073-03-15,False
Shohei Nose,shohei nose,Shohei,Nose,,66.0,135.0,68.0,Switch,1997-10-19,False
Jonatas Novaes,jonatas novaes,Jonatas,Novaes,,71.0,170.0,,,1981-03-02,False
Jason Novelli,jason novelli,Jason,Novelli,Flipside,72.0,155.0,,Orthodox,1979-06-08,False
Phillipe Nover,phillipe nover,Phillipe,Nover,The Filipino Assassin,69.0,145.0,72.0,Orthodox,1984-02-03,False
Shayilan Nuerdanbieke,shayilan nuerdanbieke,Shayilan,Nuerdanbieke,Wolverine,68.0,145.0,69.0,Orthodox,1994-05-04,False
Azamat Nuftillaev,azamat nuftillaev,Azamat,Nuftillaev,Dragon,,265.0,,,1994-01-01,False
Diego Nunes,diego nunes,Diego,Nunes,The Gun,66.0,145.0,67.0,Orthodox,1982-11-30,False
Amanda Nunes,amanda nunes,Amanda,Nunes,The Lioness,68.0,135.0,69.0,Orthodox,1988-05-30,True
Nina Nunes,nina nunes,Nina,Nunes,,65.0,125.0,64.0,Orthodox,1985-12-03,False
Istela Nunes,istela nunes,Istela,Nunes,,64.0,115.0,66.0,Orthodox,1992-07-23,False
Josiane Nunes,josiane nunes,Josiane,Nunes,Josi,62.0,135.0,67.0,Southpaw,1993-12-23,True
Diyar Nurgozhay,diyar nurgozhay,Diyar,Nurgozhay,,74.0,205.0,74.0,Southpaw,1997-04-22,True
Khabib Nurmagomedov,khabib nurmagomedov,Khabib,Nurmagomedov,The Eagle,70.0,155.0,70.0,Orthodox,1988-09-20,False
Said Nurmagomedov,said nurmagomedov,Said,Nurmagomedov,,68.0,135.0,70.0,Orthodox,1992-04-05,True
Abubakar Nurmagomedov,abubakar nurmagomedov,Abubakar,Nurmagomedov,,71.0,170.0,72.0,Orthodox,1989-11-13,True
Umar Nurmagomedov,umar nurmagomedov,Umar,Nurmagomedov,,68.0,135.0,69.0,Orthodox,1996-01-03,True
Adilet Nurmatov,adilet nurmatov,Adilet,Nurmatov,Kok-Zhal,,155.0,,,1997-08-02,False
Kennedy Nzechukwu,kennedy nzechukwu,Kennedy,Nzechukwu,Chosen,77.0,236.0,83.0,Southpaw,1992-06-13,True
Jake O'Brien,jake o brien,Jake,O'Brien,Irish,75.0,205.0,76.0,Orthodox,1984-09-25,False
TJ O'Brien,tj o brien,TJ,O'Brien,The Spider,74.0,155.0,,Orthodox,1987-01-01,False
Sean O'Connell,sean o connell,Sean,O'Connell,The Real OC,73.0,205.0,74.0,Orthodox,1983-09-02,False
Dan O'Connor,dan o connor,Dan,O'Connor,Johnny Irish,64.0,115.0,,,1982-11-17,False
Sean O'Haire,sean o haire,Sean,O'Haire,,77.0,270.0,,Orthodox,2071-02-25,False
Sean O'Malley,sean o malley,Sean,O'Malley,Suga,71.0,135.0,72.0,Switch,1994-10-24,True
Jeremiah O'Neal,jeremiah o neal,Jeremiah,O'Neal,,68.0,260.0,,,1977-10-25,False
Chuck O'Neil,chuck o neil,Chuck,O'Neil,Cold Steel,74.0,170.0,,,1985-09-22,False
Casey O'Neill,casey o neill,Casey,O'Neill,King,66.0,125.0,69.0,Orthodox,1997-10-07,True
Brendan O'Reilly,brendan o reilly,Brendan,O'Reilly,Badger,67.0,170.0,69.0,Orthodox,1987-06-24,False
Takahiro Oba,takahiro oba,Takahiro,Oba,,68.0,200.0,,Southpaw,,False
Nobuhiro Obiya,nobuhiro obiya,Nobuhiro,Obiya,,68.0,145.0,,Orthodox,1981-01-15,False
Jose Ochoa,jose ochoa,Jose,Ochoa,Kalzifer,67.0,125.0,67.0,Southpaw,2000-12-31,True
Christian Ocon,christian ocon,Christian,Ocon,,68.0,135.0,69.0,Orthodox,1996-02-05,True
Richard Odoms,richard odoms,Richard,Odoms,The Black Eagle,77.0,265.0,,Orthodox,2075-05-08,False
Volkan Oezdemir,volkan oezdemir,Volkan,Oezdemir,No Time,74.0,205.0,75.0,Orthodox,1989-09-19,True
Kaan Ofli,kaan ofli,Kaan,Ofli,Genghis,67.0,145.0,66.0,Orthodox,1993-06-19,True
Naoya Ogawa,naoya ogawa,Naoya,Ogawa,,76.0,255.0,,Orthodox,2068-03-31,False
Trey Ogden,trey ogden,Trey,Ogden,Shamurai,71.0,155.0,72.0,Orthodox,1989-11-14,True
Andy Ogle,andy ogle,Andy,Ogle,The Little Axe,68.0,145.0,69.0,Orthodox,1989-02-16,False
Ho Taek Oh,ho taek oh,Ho Taek,Oh,Spider,,155.0,,,1993-07-20,False
Michiyoshi Ohara,michiyoshi ohara,Michiyoshi,Ohara,,70.0,205.0,,Orthodox,,False
Koji Oishi,koji oishi,Koji,Oishi,,68.0,170.0,,Orthodox,1977-05-31,False
Takayuki Okada,takayuki okada,Takayuki,Okada,Giant Ochiai,73.0,290.0,,Orthodox,,False
Yushin Okami,yushin okami,Yushin,Okami,Thunder,74.0,170.0,75.0,Southpaw,1981-07-21,False
JJ Okanovich,jj okanovich,JJ,Okanovich,The Bosnian Bomber,71.0,155.0,76.0,Orthodox,1990-11-04,True
Bolaji Oki,bolaji oki,Bolaji,Oki,The Zulu Warrior,70.0,155.0,73.0,Orthodox,1995-11-15,True
Kazuki Okubo,kazuki okubo,Kazuki,Okubo,,71.0,175.0,,Orthodox,,False
Masakatsu Okuda,masakatsu okuda,Masakatsu,Okuda,,,,,,,False
Aleksei Oleinik,aleksei oleinik,Aleksei,Oleinik,The Boa Constrictor,74.0,240.0,80.0,Orthodox,1977-06-20,False
Michal Oleksiejczuk,michal oleksiejczuk,Michal,Oleksiejczuk,Hussar,72.0,185.0,74.0,Southpaw,1995-02-22,True
Cezary Oleksiejczuk,cezary oleksiejczuk,Cezary,Oleksiejczuk,,75.0,185.0,75.0,Southpaw,2000-01-06,True
Rafaello Oliveira,rafaello oliveira,Rafaello,Oliveira,Tractor,68.0,155.0,71.0,Orthodox,1982-01-26,False
Charles Oliveira,charles oliveira,Charles,Oliveira,Do Bronxs,70.0,155.0,74.0,Orthodox,1989-10-17,True
Jorge Oliveira,jorge oliveira,Jorge,Oliveira,,73.0,205.0,,,,False
Ednaldo Oliveira,ednaldo oliveira,Ednaldo,Oliveira,Lula,77.0,205.0,,Orthodox,1984-02-19,False
Alex Oliveira,alex oliveira,Alex,Oliveira,Cowboy,71.0,170.0,76.0,Orthodox,1988-02-21,False
Maria Oliveira,maria oliveira,Maria,Oliveira,Spider-Girl,66.0,115.0,69.0,Orthodox,1996-12-12,False
Bruno Oliveira,bruno oliveira,Bruno,Oliveira,,76.0,205.0,80.0,Orthodox,1984-05-02,True
Saimon Oliveira,saimon oliveira,Saimon,Oliveira,,64.0,135.0,72.0,Orthodox,1991-04-21,True
Vinicius Oliveira,vinicius oliveira,Vinicius,Oliveira,LokDog,69.0,135.0,70.0,Switch,1995-11-30,True
Ravena Oliveira,ravena oliveira,Ravena,Oliveira,Kenoudy,65.0,115.0,65.0,Orthodox,1997-02-20,True
Michael Oliveira,michael oliveira,Michael,Oliveira,PQD,,170.0,,,1998-01-21,True
Wendell Oliveira Marques,wendell oliveira marques,Wendell,Oliveira Marques,The Machine,70.0,170.0,,Orthodox,1983-06-01,False
Felipe Olivieri,felipe olivieri,Felipe,Olivieri,,69.0,155.0,,Orthodox,1985-04-12,False
Andy Ologun,andy ologun,Andy,Ologun,,72.0,154.0,,Orthodox,1983-06-12,False
Shana Olsen,shana olsen,Shana,Olsen,Rock Solid,67.0,145.0,,,1980-12-17,False
Casey Olson,casey olson,Casey,Olson,The Underdog,67.0,145.0,,Orthodox,,False
Dennis Olson,dennis olson,Dennis,Olson,,72.0,170.0,,,,False
Cameron Olson,cameron olson,Cameron,Olson,Cap'n Crunch,73.0,205.0,75.0,Orthodox,1989-11-22,False
Gadzhi Omargadzhiev,gadzhi omargadzhiev,Gadzhi,Omargadzhiev,,73.0,170.0,71.0,Switch,1993-02-24,False
Alan Omer,alan omer,Alan,Omer,,70.0,145.0,,Orthodox,1988-09-14,False
Daniel Omielanczuk,daniel omielanczuk,Daniel,Omielanczuk,,72.0,247.0,74.0,Southpaw,1982-08-31,False
Michihiro Omigawa,michihiro omigawa,Michihiro,Omigawa,,66.0,145.0,68.0,Orthodox,2075-12-19,False
David Onama,david onama,David,Onama,,71.0,145.0,74.0,Orthodox,1994-06-07,True
Charlie Ontiveros,charlie ontiveros,Charlie,Ontiveros,American Bad Boy,74.0,155.0,74.0,Switch,1991-07-04,False
Chibwikem Onyenegecha,chibwikem onyenegecha,Chibwikem,Onyenegecha,,75.0,185.0,,Orthodox,1994-04-18,False
Myktybek Orolbai,myktybek orolbai,Myktybek,Orolbai,,70.0,155.0,74.0,Orthodox,1998-02-10,True
Sam Oropeza,sam oropeza,Sam,Oropeza,,74.0,170.0,,,,False
Brian Ortega,brian ortega,Brian,Ortega,T-City,68.0,145.0,69.0,Switch,1991-02-21,True
Tito Ortiz,tito ortiz,Tito,Ortiz,The People's Champ,75.0,205.0,74.0,Orthodox,2075-01-23,False
Jorge Ortiz,jorge ortiz,Jorge,Ortiz,The Naked Man,72.0,185.0,,Orthodox,,False
Dustin Ortiz,dustin ortiz,Dustin,Ortiz,,65.0,125.0,65.0,Orthodox,1988-12-25,False
Kenji Osawa,kenji osawa,Kenji,Osawa,,67.0,135.0,66.0,Orthodox,1976-11-04,False
Ode Osbourne,ode osbourne,Ode,Osbourne,The Jamaican Sensation,67.0,125.0,73.0,Southpaw,1992-01-09,True
Kurt Osiander,kurt osiander,Kurt,Osiander,,,185.0,,,,False
Nick Osipczak,nick osipczak,Nick,Osipczak,,74.0,170.0,76.0,Orthodox,1984-12-30,False
Nissen Osterneck,nissen osterneck,Nissen,Osterneck,,74.0,185.0,,Orthodox,1981-05-01,False
Rachael Ostovich,rachael ostovich,Rachael,Ostovich,,63.0,125.0,62.0,Orthodox,1991-02-25,False
Pedro Otavio,pedro otavio,Pedro,Otavio,Te Pedro,75.0,245.0,,Orthodox,,False
Alexander Otsuka,alexander otsuka,Alexander,Otsuka,The Diet Butcher,73.0,205.0,,Orthodox,2071-07-17,False
Takafumi Otsuka,takafumi otsuka,Takafumi,Otsuka,,66.0,139.0,,Orthodox,,False
Quemuel Ottoni,quemuel ottoni,Quemuel,Ottoni,,72.0,155.0,72.0,Orthodox,1992-10-22,False
Zak Ottow,zak ottow,Zak,Ottow,The Barbarian,71.0,170.0,72.0,Orthodox,1986-12-22,False
Artur Oumakhanov,artur oumakhanov,Artur,Oumakhanov,,67.0,154.0,,Orthodox,1979-02-27,False
Sidney Outlaw,sidney outlaw,Sidney,Outlaw,,68.0,170.0,74.0,Orthodox,1992-04-11,True
Alistair Overeem,alistair overeem,Alistair,Overeem,The Demolition Man,76.0,265.0,80.0,Orthodox,1980-05-17,False
Valentijn Overeem,valentijn overeem,Valentijn,Overeem,,75.0,230.0,,Orthodox,1976-08-17,False
Craig Oxley,craig oxley,Craig,Oxley,,69.0,155.0,,,2073-02-14,False
Shungo Oyama,shungo oyama,Shungo,Oyama,,71.0,185.0,,Southpaw,2074-04-11,False
Ren Ozaki,ren ozaki,Ren,Ozaki,,67.0,135.0,68.0,Orthodox,2001-12-15,False
Alptekin Ozkilic,alptekin ozkilic,Alptekin,Ozkilic,The Turkish Delight,65.0,125.0,65.0,Orthodox,1986-03-27,False
Raquel Pa'aluhi,raquel pa aluhi,Raquel,Pa'aluhi,Rocky,67.0,135.0,,,,False
Nick Pace,nick pace,Nick,Pace,,67.0,135.0,68.0,Orthodox,1987-04-17,False
Jimmie Pace,jimmie pace,Jimmie,Pace,Big Bucks,,185.0,,,1996-04-09,False
Larissa Pacheco,larissa pacheco,Larissa,Pacheco,,67.0,135.0,,Orthodox,1994-09-07,False
Angel Pacheco,angel pacheco,Angel,Pacheco,,68.0,135.0,70.0,Orthodox,1992-01-13,True
Teemu Packalen,teemu packalen,Teemu,Packalen,Pacu,73.0,155.0,75.0,Orthodox,1987-05-22,False
George Pacurariu,george pacurariu,George,Pacurariu,Constantine,67.0,135.0,,,1984-07-28,False
Cyrillo Padilha,cyrillo padilha,Cyrillo,Padilha,,71.0,155.0,,,1978-01-23,False
Gary Padilla,gary padilla,Gary,Padilla,,71.0,205.0,,,1980-05-04,False
Fernando Padilla,fernando padilla,Fernando,Padilla,El Valiente,73.0,145.0,76.0,Orthodox,1996-12-15,True
Chris Padilla,chris padilla,Chris,Padilla,Taco,69.0,155.0,74.0,Orthodox,1995-09-14,True
Damacio Page,damacio page,Damacio,Page,The Angel of Death,66.0,135.0,66.0,Orthodox,1982-09-30,False
Michael Page,michael page,Michael,Page,Venom,75.0,185.0,79.0,Switch,1987-04-07,True
Dustin Pague,dustin pague,Dustin,Pague,The Disciple,69.0,135.0,74.0,Orthodox,1987-08-05,False
Josh Paiva,josh paiva,Josh,Paiva,,66.0,125.0,,,1991-04-05,False
Raulian Paiva,raulian paiva,Raulian,Paiva,,68.0,135.0,69.0,Orthodox,1995-10-17,False
Dinis Paiva Jr.,dinis paiva jr,Dinis,Paiva Jr.,Sweetbread,69.0,145.0,71.0,Southpaw,1988-05-26,False
Fredson Paixao,fredson paixao,Fredson,Paixao,,66.0,145.0,66.0,Orthodox,1979-05-13,False
Luis Pajuelo,luis pajuelo,Luis,Pajuelo,Corazon de Leon,70.0,145.0,69.0,Orthodox,1994-12-18,False
Jose Palacios,jose palacios,Jose,Palacios,,69.0,145.0,,Orthodox,,False
Ricky Palacios,ricky palacios,Ricky,Palacios,El Gallero,66.0,145.0,,Orthodox,1987-07-05,False
Bart Palaszewski,bart palaszewski,Bart,Palaszewski,Bartimus,69.0,145.0,70.0,Orthodox,1983-05-30,False
Sasha Palatnikov,sasha palatnikov,Sasha,Palatnikov,,73.0,170.0,72.0,Switch,1989-03-15,False
Soa Palelei,soa palelei,Soa,Palelei,The Hulk,76.0,265.0,81.0,Orthodox,1977-07-12,False
Rousimar Palhares,rousimar palhares,Rousimar,Palhares,Toquinho,68.0,170.0,71.0,Orthodox,1980-02-26,False
Tulio Palhares,tulio palhares,Tulio,Palhares,,,180.0,,,,False
Stephen Palling,stephen palling,Stephen,Palling,Bozo,64.0,143.0,,,2067-01-29,False
Eduardo Pamplona,eduardo pamplona,Eduardo,Pamplona,,71.0,170.0,,,2073-02-20,False
Ruel Panales,ruel panales,Ruel,Panales,,65.0,125.0,67.0,Southpaw,1996-12-07,False
Yuri Panferov,yuri panferov,Yuri,Panferov,The Russian Polar Bear,73.0,185.0,72.0,Orthodox,1996-08-30,False
Alexandre Pantoja,alexandre pantoja,Alexandre,Pantoja,The Cannibal,65.0,125.0,67.0,Orthodox,1990-04-16,True
Jared Papazian,jared papazian,Jared,Papazian,The Jackhammer,68.0,135.0,67.0,Southpaw,1988-02-01,False
Kathryn Paprocki,kathryn paprocki,Kathryn,Paprocki,,63.0,115.0,63.0,Orthodox,1993-04-28,True
Joe Pardo,joe pardo,Joe,Pardo,,73.0,210.0,,Southpaw,,False
Bryan Pardoe,bryan pardoe,Bryan,Pardoe,Pain Inducer,73.0,205.0,,Orthodox,,False
Remco Pardoel,remco pardoel,Remco,Pardoel,Grizzly,75.0,260.0,,Southpaw,,False
Ido Pariente,ido pariente,Ido,Pariente,,68.0,155.0,,Orthodox,,False
Josh Parisian,josh parisian,Josh,Parisian,,76.0,265.0,79.0,Orthodox,1989-06-28,True
Karo Parisyan,karo parisyan,Karo,Parisyan,The Heat,70.0,170.0,72.0,Orthodox,1982-08-28,False
Won Sik Park,won sik park,Won Sik,Park,Parky,71.0,154.0,,Orthodox,,False
JunYong Park,junyong park,JunYong,Park,The Iron Turtle,70.0,185.0,73.0,Orthodox,1991-02-27,True
Harvey Park,harvey park,Harvey,Park,Fightbot,72.0,155.0,70.0,Orthodox,1986-03-22,False
HyunSung Park,hyunsung park,HyunSung,Park,Peace of Mind,67.0,125.0,66.0,Orthodox,1995-11-04,True
JaeHyun Park,jaehyun park,JaeHyun,Park,The First Prospect,68.0,155.0,73.0,Orthodox,2001-12-10,False
EoJin Park,eojin park,EoJin,Park,Young Boss,72.0,145.0,71.0,Orthodox,2001-12-26,False
Norman Parke,norman parke,Norman,Parke,Stormin',71.0,155.0,70.0,Southpaw,1986-12-22,False
Ryan Parker,ryan parker,Ryan,Parker,,75.0,235.0,,Southpaw,,False
Larry Parker,larry parker,Larry,Parker,,71.0,205.0,,Orthodox,,False
Tyra Parker,tyra parker,Tyra,Parker,,65.0,115.0,,Orthodox,,False
Mick Parkin,mick parkin,Mick,Parkin,,76.0,265.0,79.0,Orthodox,1995-10-02,True
Willie Parks,willie parks,Willie,Parks,Slick,70.0,185.0,,,1983-11-04,False
Jordan Parsons,jordan parsons,Jordan,Parsons,Pretty Boy,69.0,145.0,,,1990-08-26,False
Preston Parsons,preston parsons,Preston,Parsons,Pressure,71.0,170.0,71.0,Orthodox,1995-07-15,False
Jonny Parsons,jonny parsons,Jonny,Parsons,The Sluggernaut,69.0,170.0,69.0,Orthodox,1991-09-06,True
Onassis Parungao,onassis parungao,Onassis,Parungao,,71.0,200.0,,,,False
Ramona Pascual,ramona pascual,Ramona,Pascual,,67.0,135.0,66.0,Southpaw,1988-09-23,False
Quentin Pasley,quentin pasley,Quentin,Pasley,,,205.0,,,,False
Billy Pasulatan,billy pasulatan,Billy,Pasulatan,,65.0,125.0,66.0,Switch,1991-08-07,True
Guilherme Pat,guilherme pat,Guilherme,Pat,Kong,,265.0,,,,True
Jhonoven Pati,jhonoven pati,Jhonoven,Pati,The Samoan Savage,73.0,185.0,75.0,Switch,1990-08-29,True
Windri Patilima,windri patilima,Windri,Patilima,,66.0,155.0,71.0,Southpaw,1993-07-19,False
Jorge Patino,jorge patino,Jorge,Patino,Macaco,68.0,170.0,,Orthodox,2073-08-05,False
Russell Patrick,russell patrick,Russell,Patrick,,69.0,145.0,,,,False
Claude Patrick,claude patrick,Claude,Patrick,The Prince,71.0,170.0,75.0,Orthodox,1980-06-14,False
Alan Patrick,alan patrick,Alan,Patrick,Nuguette,71.0,155.0,74.0,Southpaw,1983-07-19,False
Michael Patt,michael patt,Michael,Patt,,72.0,205.0,,Orthodox,,False
Justin Patterson,justin patterson,Justin,Patterson,The Tactician,70.0,170.0,,,1985-12-07,False
Sam Patterson,sam patterson,Sam,Patterson,,75.0,170.0,78.0,Orthodox,1996-04-30,True
Zac Pauga,zac pauga,Zac,Pauga,The High Chief,74.0,205.0,76.0,Orthodox,1988-02-25,False
Julio Paulino,julio paulino,Julio,Paulino,The Dominican Demon,72.0,170.0,,Orthodox,2075-12-04,False
Thomas Paull,thomas paull,Thomas,Paull,Juggernaut,67.0,155.0,67.0,Orthodox,1994-10-15,True
Sergei Pavlovich,sergei pavlovich,Sergei,Pavlovich,,75.0,257.0,84.0,Southpaw,1992-05-13,True
Pawel Pawlak,pawel pawlak,Pawel,Pawlak,,72.0,170.0,73.0,Orthodox,1989-02-08,False
Estevan Payan,estevan payan,Estevan,Payan,El Terrible,70.0,145.0,,Orthodox,1982-03-14,False
Sarah Payant,sarah payant,Sarah,Payant,Soulja,64.0,115.0,,,,False
Roland Payne,roland payne,Roland,Payne,,69.0,205.0,,Orthodox,,False
Jonathan Pearce,jonathan pearce,Jonathan,Pearce,JSP,72.0,145.0,71.0,Switch,1992-05-01,False
Joe Pearson,joe pearson,Joe,Pearson,The Triangular Strangler,70.0,145.0,,Orthodox,1978-03-28,False
Ross Pearson,ross pearson,Ross,Pearson,The Real Deal,68.0,155.0,69.0,Orthodox,1984-09-26,False
Andre Pederneiras,andre pederneiras,Andre,Pederneiras,,68.0,155.0,,Orthodox,2067-03-22,False
Carlo Pedersoli Jr.,carlo pedersoli jr,Carlo,Pedersoli Jr.,Semento,71.0,170.0,75.0,Southpaw,1993-06-08,False
Matt Pedro,matt pedro,Matt,Pedro,,,,,,,False
Tyson Pedro,tyson pedro,Tyson,Pedro,,75.0,205.0,79.0,Orthodox,1991-09-17,False
Trevor Peek,trevor peek,Trevor,Peek,,69.0,145.0,70.0,Switch,1995-01-09,True
Willie Peeters,willie peeters,Willie,Peeters,,69.0,220.0,,Orthodox,2065-10-26,False
Filip Pejic,filip pejic,Filip,Pejic,,68.0,135.0,,Orthodox,1992-07-21,False
Kurt Pellegrino,kurt pellegrino,Kurt,Pellegrino,Batman,68.0,155.0,70.0,Orthodox,1979-05-07,False
Yan Pellerin,yan pellerin,Yan,Pellerin,Wild Thing,71.0,205.0,,Orthodox,,False
Julianna Pena,julianna pena,Julianna,Pena,The Venezuelan Vixen,66.0,135.0,69.0,Orthodox,1989-08-19,True
Luis Pena,luis pena,Luis,Pena,Violent Bob Ross,75.0,155.0,75.0,Southpaw,1993-07-05,False
Felipe Pena,felipe pena,Felipe,Pena,Preguica,,,,,1991-10-19,False
Matej Penaz,matej penaz,Matej,Penaz,Money,75.0,185.0,83.0,Southpaw,1996-10-14,True
Sherman Pendergarst,sherman pendergarst,Sherman,Pendergarst,The Tank,73.0,235.0,,Orthodox,2067-08-01,False
Drew Pendleton,drew pendleton,Drew,Pendleton,,,145.0,,,1983-12-08,False
Cathal Pendred,cathal pendred,Cathal,Pendred,The Punisher,73.0,170.0,75.0,Orthodox,1987-09-02,False
BJ Penn,bj penn,BJ,Penn,The Prodigy,69.0,155.0,70.0,Orthodox,1978-12-13,False
Jessica Penne,jessica penne,Jessica,Penne,,65.0,115.0,67.0,Orthodox,1983-01-30,False
Nick Penner,nick penner,Nick,Penner,The Quiet Assassin,76.0,205.0,,Southpaw,1980-03-26,False
Justin Pennington,justin pennington,Justin,Pennington,,64.0,,,,,False
Raquel Pennington,raquel pennington,Raquel,Pennington,Rocky,67.0,135.0,67.0,Orthodox,1988-09-05,True
Tecia Pennington,tecia pennington,Tecia,Pennington,Tiny Tornado,61.0,115.0,60.0,Orthodox,1989-08-16,False
Jerron Peoples,jerron peoples,Jerron,Peoples,,72.0,170.0,,,1982-05-04,False
Godofredo Pepey,godofredo pepey,Godofredo,Pepey,,67.0,145.0,73.0,Orthodox,1987-07-02,False
Ray Perales,ray perales,Ray,Perales,Relentless,70.0,170.0,,Orthodox,,False
Robert Peralta,robert peralta,Robert,Peralta,Problems,68.0,145.0,71.0,Orthodox,1986-03-14,False
Viviane Pereira,viviane pereira,Viviane,Pereira,Sucuri,61.0,115.0,63.0,Orthodox,1993-08-28,False
Michel Pereira,michel pereira,Michel,Pereira,Demolidor,73.0,185.0,73.0,Orthodox,1993-10-06,True
Alex Pereira,alex pereira,Alex,Pereira,Poatan,76.0,205.0,79.0,Orthodox,1987-07-07,True
Daniel Pereira,daniel pereira,Daniel,Pereira,Gaucho,70.0,185.0,,,1990-12-13,False
Luciano Pereira,luciano pereira,Luciano,Pereira,El Torito,,125.0,,Orthodox,2001-01-09,False
Alice Pereira,alice pereira,Alice,Pereira,Golden Girl,,135.0,,,2005-12-20,True
Rolando Perez,rolando perez,Rolando,Perez,,68.0,135.0,,Orthodox,,False
Philip Perez,philip perez,Philip,Perez,,65.0,155.0,,Southpaw,,False
Erik Perez,erik perez,Erik,Perez,Goyito,68.0,135.0,68.0,Orthodox,1989-11-19,False
Alejandro Perez,alejandro perez,Alejandro,Perez,Turbo,66.0,135.0,67.0,Orthodox,1989-09-02,False
Frankie Perez,frankie perez,Frankie,Perez,,71.0,155.0,73.0,Orthodox,1989-05-11,False
Jose Perez,jose perez,Jose,Perez,,,,,,,False
Alex Perez,alex perez,Alex,Perez,,66.0,125.0,65.0,Orthodox,1992-03-21,True
Markus Perez,markus perez,Markus,Perez,Maluko,73.0,185.0,73.0,Orthodox,1988-06-22,False
Ailin Perez,ailin perez,Ailin,Perez,Fiona,65.0,135.0,66.0,Switch,1994-10-05,True
Cristian Perez,cristian perez,Cristian,Perez,El Puas,69.0,155.0,72.0,Orthodox,1999-08-17,False
Rafael Pergentino,rafael pergentino,Rafael,Pergentino,,,265.0,,,,False
Brando Pericic,brando pericic,Brando,Pericic,The Balkan Bear,,265.0,,,1994-08-03,True
Anthony Perosh,anthony perosh,Anthony,Perosh,The Hippo,75.0,205.0,75.0,Orthodox,2072-10-05,False
Thiago Perpetuo,thiago perpetuo,Thiago,Perpetuo,Bodao,70.0,170.0,,Orthodox,1987-12-14,False
Hernani Perpetuo,hernani perpetuo,Hernani,Perpetuo,,72.0,170.0,,Orthodox,1985-05-24,False
Jay Perrin,jay perrin,Jay,Perrin,The Joker,67.0,135.0,67.0,Switch,1993-06-15,False
Mike Perry,mike perry,Mike,Perry,Platinum,70.0,170.0,71.0,Orthodox,1991-09-15,False
Raphael Pessoa,raphael pessoa,Raphael,Pessoa,Bebezao,75.0,262.0,78.0,Orthodox,1989-03-09,False
Viktor Pesta,viktor pesta,Viktor,Pesta,,75.0,240.0,77.0,Orthodox,1990-07-15,False
Leiticia Pestova,leiticia pestova,Leiticia,Pestova,,66.0,135.0,,Orthodox,1984-01-15,False
Tony Petarra,tony petarra,Tony,Petarra,,71.0,196.0,,Orthodox,,False
Tommy Petersen,tommy petersen,Tommy,Petersen,,,155.0,,,,False
Thomas Petersen,thomas petersen,Thomas,Petersen,The Train,73.0,264.0,74.0,Southpaw,1995-03-30,True
Cory Peterson,cory peterson,Cory,Peterson,LA Giant,83.0,400.0,,Orthodox,,False
Steven Peterson,steven peterson,Steven,Peterson,Ocho,70.0,145.0,70.0,Orthodox,1990-05-29,False
Vitor Petrino,vitor petrino,Vitor,Petrino,,74.0,265.0,77.0,Orthodox,1997-08-28,True
Andre Petroski,andre petroski,Andre,Petroski,,72.0,185.0,73.0,Switch,1991-06-12,True
Armen Petrosyan,armen petrosyan,Armen,Petrosyan,Superman,75.0,185.0,71.0,Orthodox,1990-11-03,False
Ivana Petrovic,ivana petrovic,Ivana,Petrovic,,68.0,125.0,70.0,Southpaw,1994-06-11,False
Seth Petruzelli,seth petruzelli,Seth,Petruzelli,The Silverback,72.0,205.0,76.0,Orthodox,1979-12-03,False
Peter Petties,peter petties,Peter,Petties,The Joker,71.0,145.0,72.0,Southpaw,1990-12-20,True
Anthony Pettis,anthony pettis,Anthony,Pettis,Showtime,70.0,155.0,72.0,Orthodox,1987-01-27,False
Sergio Pettis,sergio pettis,Sergio,Pettis,,66.0,125.0,69.0,Orthodox,1993-08-18,False
Forrest Petz,forrest petz,Forrest,Petz,The Meat Cleaver,69.0,170.0,71.0,Orthodox,2075-09-22,False
Dino Pezao,dino pezao,Dino,Pezao,,,205.0,,Orthodox,,False
Cody Pfister,cody pfister,Cody,Pfister,The Fist,70.0,155.0,73.0,Orthodox,1990-07-12,False
Nam Phan,nam phan,Nam,Phan,,66.0,135.0,70.0,Orthodox,1983-03-13,False
Constantinos Philippou,constantinos philippou,Constantinos,Philippou,,71.0,185.0,73.0,Orthodox,1979-11-29,False
Wayne Phillips,wayne phillips,Wayne,Phillips,,,185.0,,,1983-06-17,False
Dave Phillips,dave phillips,Dave,Phillips,The Rockstar,72.0,185.0,,Orthodox,1980-01-12,False
Aaron Phillips,aaron phillips,Aaron,Phillips,The Dragon,69.0,135.0,71.0,Southpaw,1989-08-05,False
Elizabeth Phillips,elizabeth phillips,Elizabeth,Phillips,,66.0,135.0,65.0,Orthodox,1986-08-20,False
John Phillips,john phillips,John,Phillips,The Welsh Wrecking Machine,71.0,185.0,75.0,Southpaw,1985-06-09,False
Kyler Phillips,kyler phillips,Kyler,Phillips,The Matrix,68.0,135.0,72.0,Orthodox,1995-06-12,True
Mario Piazzon,mario piazzon,Mario,Piazzon,,69.0,265.0,73.0,Orthodox,1998-04-06,False
Nick Pica,nick pica,Nick,Pica,The Silverback,70.0,185.0,,,,False
Nick Piccininni,nick piccininni,Nick,Piccininni,,66.0,125.0,66.0,Orthodox,1996-12-16,False
Adam Piccolotti,adam piccolotti,Adam,Piccolotti,,71.0,155.0,,,1988-10-23,False
Vinc Pichel,vinc pichel,Vinc,Pichel,From Hell,70.0,155.0,72.0,Orthodox,1982-11-23,False
Brad Pickett,brad pickett,Brad,Pickett,One Punch,66.0,135.0,68.0,Orthodox,1978-09-24,False
Jamie Pickett,jamie pickett,Jamie,Pickett,The Night Wolf,74.0,185.0,80.0,Orthodox,1988-08-29,False
Aaron Pico,aaron pico,Aaron,Pico,,68.0,145.0,70.0,Orthodox,1996-09-23,True
Fabiola Pidroni,fabiola pidroni,Fabiola,Pidroni,The Queen,,115.0,,,1994-01-04,True
Oskar Piechota,oskar piechota,Oskar,Piechota,Imadlo,72.0,185.0,76.0,Southpaw,1990-01-24,False
Nick Piedmont,nick piedmont,Nick,Piedmont,No Limit,70.0,145.0,,,,False
Mike Pierce,mike pierce,Mike,Pierce,,68.0,170.0,71.0,Orthodox,1980-09-01,False
Joao Pierini,joao pierini,Joao,Pierini,,73.0,155.0,,Switch,2071-12-11,False
Jonathan Piersma,jonathan piersma,Jonathan,Piersma,Warhawk,71.0,170.0,73.0,Orthodox,1996-03-03,False
Sean Pierson,sean pierson,Sean,Pierson,The Punisher,72.0,170.0,76.0,Southpaw,1976-03-10,False
Domingo Pilarte,domingo pilarte,Domingo,Pilarte,Son of Fire,72.0,135.0,73.0,Southpaw,1990-01-05,False
Paddy Pimblett,paddy pimblett,Paddy,Pimblett,The Baddy,70.0,155.0,73.0,Orthodox,1995-01-03,True
Damian Pinas,damian pinas,Damian,Pinas,The Baba Yaga,,185.0,,,2002-03-12,True
Daniel Pineda,daniel pineda,Daniel,Pineda,The Pit,67.0,145.0,69.0,Orthodox,1985-08-06,False
Jesus Pinedo,jesus pinedo,Jesus,Pinedo,El Mudo,70.0,155.0,,Southpaw,1996-06-22,False
Pingyuan Liu,pingyuan liu,Pingyuan,Liu,,66.0,135.0,72.0,Orthodox,1993-02-13,False
Luana Pinheiro,luana pinheiro,Luana,Pinheiro,,62.0,115.0,62.0,Orthodox,1992-11-18,True
Mario Pinto,mario pinto,Mario,Pinto,,77.0,265.0,79.0,Orthodox,1998-03-14,True
Gaetano Pirrello,gaetano pirrello,Gaetano,Pirrello,El Tigre,67.0,135.0,65.0,Orthodox,1992-04-29,False
Maki Pitolo,maki pitolo,Maki,Pitolo,Coconut Bombz,70.0,185.0,75.0,Orthodox,1990-11-24,False
Dmitry Poberezhets,dmitry poberezhets,Dmitry,Poberezhets,,75.0,237.0,,,1985-06-11,False
Jamal Pogues,jamal pogues,Jamal,Pogues,,75.0,205.0,77.0,Orthodox,1995-12-01,False
Ross Pointon,ross pointon,Ross,Pointon,The Gladiator,68.0,170.0,,Orthodox,1980-02-18,False
Dustin Poirier,dustin poirier,Dustin,Poirier,The Diamond,69.0,155.0,72.0,Southpaw,1989-01-19,True
Igor Pokrajac,igor pokrajac,Igor,Pokrajac,The Duke,72.0,205.0,74.0,Orthodox,1979-01-02,False
John Polakowski,john polakowski,John,Polakowski,Buckets of Blood,70.0,155.0,,Orthodox,1981-06-21,False
Julia Polastri,julia polastri,Julia,Polastri,Psycho,62.0,115.0,63.0,Orthodox,1998-03-05,True
Brandon Polcare,brandon polcare,Brandon,Polcare,,,125.0,,,,False
Mike Polchlopek,mike polchlopek,Mike,Polchlopek,Mike Barton,76.0,285.0,,Orthodox,2065-12-27,False
Santiago Ponzinibbio,santiago ponzinibbio,Santiago,Ponzinibbio,Argentine Dagger,72.0,170.0,73.0,Orthodox,1986-09-26,True
Grigory Popov,grigory popov,Grigory,Popov,,67.0,135.0,68.0,Switch,1984-04-18,False
Alexander Poppeck,alexander poppeck,Alexander,Poppeck,,74.0,205.0,,Orthodox,1992-04-06,False
Felipe Portela,felipe portela,Felipe,Portela,Balboa,,170.0,,,1987-11-23,False
Parker Porter,parker porter,Parker,Porter,,72.0,265.0,75.0,Orthodox,1985-04-22,True
Ihor Potieria,ihor potieria,Ihor,Potieria,Duelist,75.0,185.0,75.0,Southpaw,1996-05-29,False
Callan Potter,callan potter,Callan,Potter,The Rockstar,72.0,170.0,72.0,Orthodox,1984-06-09,False
Dylan Potter,dylan potter,Dylan,Potter,Big Poppa,74.0,225.0,77.0,Switch,1995-01-14,False
Ruan Potts,ruan potts,Ruan,Potts,Fangzz,74.0,247.0,75.0,Orthodox,1978-02-23,False
Devin Powell,devin powell,Devin,Powell,,72.0,155.0,73.0,Orthodox,1988-03-01,False
Marcin Prachnio,marcin prachnio,Marcin,Prachnio,,75.0,205.0,73.0,Orthodox,1988-07-14,False
Wagner Prado,wagner prado,Wagner,Prado,Caldeirao,72.0,205.0,74.0,Southpaw,1986-12-30,False
Francisco Prado,francisco prado,Francisco,Prado,,70.0,170.0,69.0,Orthodox,2002-06-16,True
Trevor Prangley,trevor prangley,Trevor,Prangley,,73.0,185.0,75.0,Orthodox,2072-08-24,False
Ricardo Prasel,ricardo prasel,Ricardo,Prasel,Alemao,79.0,238.0,78.0,Orthodox,1990-06-02,True
Carlo Prater,carlo prater,Carlo,Prater,Neo,71.0,155.0,72.0,Switch,1981-06-25,False
Carlos Prates,carlos prates,Carlos,Prates,The Nightmare,73.0,170.0,78.0,Switch,1993-08-17,True
Michel Prazeres,michel prazeres,Michel,Prazeres,Tractor,66.0,170.0,67.0,Orthodox,1981-07-25,False
Philip Preece,philip preece,Philip,Preece,,68.0,205.0,,Orthodox,,False
Kyle Prepolec,kyle prepolec,Kyle,Prepolec,Killshot,70.0,155.0,70.0,Southpaw,1989-08-30,True
Dorian Price,dorian price,Dorian,Price,,75.0,170.0,,Southpaw,1977-08-20,False
Chris Price,chris price,Chris,Price,The Exorcist,74.0,185.0,,Southpaw,1982-11-09,False
Niko Price,niko price,Niko,Price,The Hybrid,72.0,170.0,76.0,Orthodox,1989-09-29,True
Shane Primm,shane primm,Shane,Primm,,75.0,205.0,,Orthodox,1984-07-30,False
Brent Primus,brent primus,Brent,Primus,,70.0,155.0,,,1985-04-12,False
Jiri Prochazka,jiri prochazka,Jiri,Prochazka,,75.0,205.0,80.0,Orthodox,1992-10-14,True
Lara Procopio,lara procopio,Lara,Procopio,,64.0,125.0,67.0,Orthodox,1995-11-14,False
Joe Proctor,joe proctor,Joe,Proctor,,70.0,155.0,72.0,Orthodox,1985-08-10,False
Cole Province,cole province,Cole,Province,,69.0,145.0,68.0,Orthodox,1981-01-17,False
Daniel Puder,daniel puder,Daniel,Puder,,75.0,235.0,,Orthodox,1981-10-09,False
Lucie Pudilova,lucie pudilova,Lucie,Pudilova,,68.0,125.0,67.0,Orthodox,1994-06-13,True
Claudio Puelles,claudio puelles,Claudio,Puelles,Prince of Peru,70.0,155.0,72.0,Southpaw,1996-04-21,True
Juan Puerta,juan puerta,Juan,Puerta,Leadfeather,69.0,125.0,71.0,Southpaw,1988-01-20,False
Bubba Pugh,bubba pugh,Bubba,Pugh,,70.0,185.0,,,,False
Juan Manuel Puig,juan manuel puig,Juan Manuel,Puig,Fenix,69.0,145.0,,Orthodox,1989-04-23,False
Hugh Pulley,hugh pulley,Hugh,Pulley,,72.0,155.0,,,,False
Josh Pulsifer,josh pulsifer,Josh,Pulsifer,The Platypus,70.0,145.0,,,1983-03-16,False
Jens Pulver,jens pulver,Jens,Pulver,Little Evil,67.0,145.0,70.0,Southpaw,2074-12-06,False
Andrey Pulyaev,andrey pulyaev,Andrey,Pulyaev,,76.0,185.0,78.0,Southpaw,1997-09-10,True
CM Punk,cm punk,CM,Punk,,73.0,170.0,73.0,Orthodox,1978-10-26,False
Joe Pyfer,joe pyfer,Joe,Pyfer,Bodybagz,74.0,185.0,75.0,Orthodox,1996-09-17,True
Mike Pyle,mike pyle,Mike,Pyle,Quicksand,72.0,170.0,74.0,Orthodox,2075-09-18,False
Pat Pytlik,pat pytlik,Pat,Pytlik,,72.0,170.0,73.0,Orthodox,1989-04-24,False
Qiu Lun,qiu lun,Qiu,Lun,Tibetan Knight,68.0,125.0,66.0,Southpaw,1997-07-08,False
Bao Quach,bao quach,Bao,Quach,,63.0,145.0,,Orthodox,1979-09-04,False
Gary Quan,gary quan,Gary,Quan,,68.0,143.0,,,2071-04-11,False
Billy Quarantillo,billy quarantillo,Billy,Quarantillo,,70.0,145.0,70.0,Orthodox,1988-12-08,True
Nate Quarry,nate quarry,Nate,Quarry,Rock,72.0,185.0,72.0,Open Stance,2072-03-18,False
Vinicius Queiroz,vinicius queiroz,Vinicius,Queiroz,Spartan,79.0,220.0,,Orthodox,1983-08-29,False
Jimmy Quinlan,jimmy quinlan,Jimmy,Quinlan,Crash,72.0,185.0,,Orthodox,1986-05-25,False
Josh Quinlan,josh quinlan,Josh,Quinlan,Bushido,72.0,170.0,72.0,Orthodox,1993-02-06,False
Ryan Quinn,ryan quinn,Ryan,Quinn,,68.0,145.0,,,,False
Michel Quinones,michel quinones,Michel,Quinones,El Capo,70.0,155.0,73.0,Orthodox,1984-12-22,False
Landon Quinones,landon quinones,Landon,Quinones,The Lone Wolf,69.0,155.0,70.0,Southpaw,1995-11-21,False
Jose Quinonez,jose quinonez,Jose,Quinonez,Teco,68.0,135.0,69.0,Southpaw,1990-07-28,False
Cristian Quinonez,cristian quinonez,Cristian,Quinonez,Problema,68.0,135.0,70.0,Orthodox,1996-04-26,True
Benji Radach,benji radach,Benji,Radach,Razor,70.0,185.0,,Orthodox,1979-04-05,False
Jordan Radev,jordan radev,Jordan,Radev,,67.0,185.0,,Southpaw,1976-09-28,False
Charles Radtke,charles radtke,Charles,Radtke,Chuck Buffalo,69.0,170.0,72.0,Orthodox,1990-07-09,True
Loik Radzhabov,loik radzhabov,Loik,Radzhabov,The Tajik Tank,71.0,155.0,69.0,Orthodox,1990-09-17,False
Gilbert Rael,gilbert rael,Gilbert,Rael,,68.0,155.0,,,,False
Josh Rafferty,josh rafferty,Josh,Rafferty,,72.0,170.0,,Orthodox,1981-01-06,False
Marwan Rahiki,marwan rahiki,Marwan,Rahiki,Freaky,,145.0,,,,True
Amir Rahnavardi,amir rahnavardi,Amir,Rahnavardi,,72.0,205.0,,Orthodox,2074-12-07,False
Ricky Rainey,ricky rainey,Ricky,Rainey,The Sniper,73.0,170.0,77.0,Switch,1983-06-29,False
Shavkat Rakhmonov,shavkat rakhmonov,Shavkat,Rakhmonov,Nomad,73.0,170.0,77.0,Orthodox,1994-10-23,True
Sora Rakhmonova,sora rakhmonova,Sora,Rakhmonova,,,125.0,,,1998-06-21,False
Aleksandar Rakic,aleksandar rakic,Aleksandar,Rakic,Rocket,76.0,205.0,78.0,Orthodox,1992-02-06,True
Jessica Rakoczy,jessica rakoczy,Jessica,Rakoczy,The Ragin',67.0,115.0,,Orthodox,1977-04-14,False
Zygimantas Ramaska,zygimantas ramaska,Zygimantas,Ramaska,,71.0,145.0,71.0,Orthodox,1996-12-27,False
Thomas Ramirez,thomas ramirez,Thomas,Ramirez,,73.0,410.0,,Sideways,,False
Hector Ramirez,hector ramirez,Hector,Ramirez,Sick Dog,72.0,205.0,,Orthodox,1976-03-28,False
Matt Ramirez,matt ramirez,Matt,Ramirez,The Machine,65.0,125.0,,,,False
Steve Ramirez,steve ramirez,Steve,Ramirez,,67.0,125.0,,,,False
Amador Ramirez,amador ramirez,Amador,Ramirez,,,135.0,,,1990-06-14,False
Mitch Ramirez,mitch ramirez,Mitch,Ramirez,,71.0,155.0,71.0,Orthodox,1992-11-03,True
Andrew Ramm,andrew ramm,Andrew,Ramm,The,73.0,160.0,,,,False
Ian Rammel,ian rammel,Ian,Rammel,,72.0,185.0,,,1985-07-22,False
Luis Ramos,luis ramos,Luis,Ramos,Beicao,68.0,170.0,,Orthodox,1981-01-18,False
Ricardo Ramos,ricardo ramos,Ricardo,Ramos,,69.0,145.0,72.0,Orthodox,1995-08-01,False
Davi Ramos,davi ramos,Davi,Ramos,Tasmanian Devil,66.0,155.0,70.0,Orthodox,1986-11-05,False
Dorian Ramos,dorian ramos,Dorian,Ramos,,68.0,145.0,70.0,Orthodox,1993-12-31,False
Vernon Ramos Ho,vernon ramos ho,Vernon,Ramos Ho,,66.0,170.0,,Orthodox,1992-06-03,False
Kevin Randleman,kevin randleman,Kevin,Randleman,The Monster,70.0,205.0,,Orthodox,2071-08-10,False
Raou Raou,raou raou,Raou,Raou,,68.0,195.0,,Orthodox,,False
Mitch Raposo,mitch raposo,Mitch,Raposo,,65.0,125.0,64.0,Switch,1998-10-16,True
Hussain Rasouli,hussain rasouli,Hussain,Rasouli,,66.0,135.0,,,,False
David Rasouri,david rasouri,David,Rasouri,,67.0,155.0,,,,False
Ed Ratcliff,ed ratcliff,Ed,Ratcliff,9mm,70.0,155.0,71.0,Orthodox,1983-03-05,False
Bec Rawlings,bec rawlings,Bec,Rawlings,Rowdy,66.0,125.0,64.0,Orthodox,1989-02-11,False
Gideon Ray,gideon ray,Gideon,Ray,,70.0,185.0,,Southpaw,2073-05-27,False
Joe Ray,joe ray,Joe,Ray,,,170.0,,,1984-12-17,False
Stevie Ray,stevie ray,Stevie,Ray,Braveheart,70.0,155.0,70.0,Southpaw,1990-03-25,False
Keenan Raymond,keenan raymond,Keenan,Raymond,,,165.0,,,,False
Iony Razafiarison,iony razafiarison,Iony,Razafiarison,,63.0,145.0,,,1984-12-23,False
Abdul Razak Alhassan,abdul razak alhassan,Abdul,Razak Alhassan,,70.0,185.0,73.0,Orthodox,1985-08-11,False
Antony Rea,antony rea,Antony,Rea,Wild Thing,72.0,205.0,,Orthodox,1976-07-15,False
Mateusz Rebecki,mateusz rebecki,Mateusz,Rebecki,,67.0,155.0,66.0,Southpaw,1992-11-03,True
Rafael Rebello,rafael rebello,Rafael,Rebello,Rafinha,65.0,135.0,67.0,Orthodox,1980-10-16,False
Greg Rebello,greg rebello,Greg,Rebello,Ribz,72.0,240.0,73.0,Southpaw,1982-06-13,True
Paul Redmond,paul redmond,Paul,Redmond,Redser,70.0,145.0,,Orthodox,1986-10-20,False
Dennis Reed,dennis reed,Dennis,Reed,,,205.0,,Orthodox,,False
Karl Reed,karl reed,Karl,Reed,No Worries,75.0,205.0,78.0,Orthodox,1988-10-27,False
Elise Reed,elise reed,Elise,Reed,,63.0,115.0,63.0,Orthodox,1992-12-05,True
John Reedy,john reedy,John,Reedy,The Wild Child,68.0,155.0,,,,False
Johnny Rees,johnny rees,Johnny,Rees,The Hater Hurter,72.0,170.0,,Orthodox,1982-10-21,False
James Reese,james reese,James,Reese,JP,69.0,155.0,,,1980-12-21,False
Zach Reese,zach reese,Zach,Reese,Savage,76.0,185.0,77.0,Switch,1994-03-24,True
Stephen Regman,stephen regman,Stephen,Regman,,71.0,185.0,76.0,Orthodox,1991-08-05,False
Chad Reiner,chad reiner,Chad,Reiner,The Grinder,71.0,170.0,,Orthodox,1981-06-29,False
Jason Reinhardt,jason reinhardt,Jason,Reinhardt,,66.0,135.0,,Orthodox,2069-10-31,False
Wilson Reis,wilson reis,Wilson,Reis,,64.0,125.0,65.0,Southpaw,1985-01-06,False
Ben Reiter,ben reiter,Ben,Reiter,The Hunter,75.0,185.0,,,1987-06-27,False
Goran Reljic,goran reljic,Goran,Reljic,,75.0,205.0,81.0,Southpaw,1984-03-20,False
Leigh Remedios,leigh remedios,Leigh,Remedios,Bulldog,67.0,155.0,,Orthodox,1976-01-13,False
Ren Yawei,ren yawei,Ren,Yawei,,69.0,155.0,69.0,Orthodox,1998-02-07,False
Paulo Renato Junior,paulo renato junior,Paulo,Renato Junior,,72.0,205.0,73.0,Orthodox,1994-01-25,False
Chance Rencountre,chance rencountre,Chance,Rencountre,Black Eagle,74.0,170.0,75.0,Southpaw,1986-12-31,False
Montse Rendon,montse rendon,Montse,Rendon,Monster,68.0,135.0,68.0,Orthodox,1989-03-16,True
Marion Reneau,marion reneau,Marion,Reneau,The Belizean Bruiser,66.0,135.0,68.0,Orthodox,1977-06-20,False
Solomon Renfro,solomon renfro,Solomon,Renfro,The Black Dragon,69.0,170.0,72.0,Switch,1997-02-05,True
John Renken,john renken,John,Renken,The Saint,72.0,190.0,,Orthodox,,False
Herman Renting,herman renting,Herman,Renting,,72.0,215.0,,Switch,,False
Marco Polo Reyes,marco polo reyes,Marco Polo,Reyes,,71.0,155.0,71.0,Orthodox,1984-11-07,False
Dominick Reyes,dominick reyes,Dominick,Reyes,The Devastator,76.0,205.0,77.0,Southpaw,1989-12-26,True
Alex Reyes,alex reyes,Alex,Reyes,The Executioner,71.0,155.0,73.0,Orthodox,1986-10-02,True
Kyle Reyes,kyle reyes,Kyle,Reyes,Boom,68.0,145.0,,,,True
Javier Reyes,javier reyes,Javier,Reyes,Blair,,145.0,,,1993-10-13,True
Victor Reyna,victor reyna,Victor,Reyna,Kelevra,71.0,170.0,74.0,Southpaw,1986-08-05,False
Gaston Reyno,gaston reyno,Gaston,Reyno,Tonga,72.0,145.0,,,1986-11-11,False
Johnny Rhodes,johnny rhodes,Johnny,Rhodes,,72.0,210.0,,Orthodox,,False
Mike Rhodes,mike rhodes,Mike,Rhodes,Biggie,73.0,170.0,74.0,Orthodox,1989-12-04,False
Lucrezia Ria,lucrezia ria,Lucrezia,Ria,,66.0,125.0,,Orthodox,1992-06-24,False
Amanda Ribas,amanda ribas,Amanda,Ribas,,64.0,115.0,66.0,Orthodox,1993-08-26,True
Vitor Ribeiro,vitor ribeiro,Vitor,Ribeiro,Shaolin,68.0,154.0,,Orthodox,1979-02-24,False
Will Ribeiro,will ribeiro,Will,Ribeiro,,68.0,135.0,,Orthodox,1983-02-17,False
Claudio Ribeiro,claudio ribeiro,Claudio,Ribeiro,,73.0,185.0,77.0,Orthodox,1992-07-17,False
Brendson Ribeiro,brendson ribeiro,Brendson,Ribeiro,The Gorilla,75.0,205.0,81.0,Orthodox,1996-09-08,True
Esteban Ribovics,esteban ribovics,Esteban,Ribovics,El Gringo,70.0,155.0,69.0,Orthodox,1996-04-27,True
Mike Ricci,mike ricci,Mike,Ricci,The Martian,72.0,155.0,76.0,Southpaw,1986-03-18,False
Alex Ricci,alex ricci,Alex,Ricci,,71.0,155.0,,Orthodox,1982-07-21,False
Tabatha Ricci,tabatha ricci,Tabatha,Ricci,Baby Shark,61.0,115.0,61.0,Orthodox,1995-02-21,True
Matt Ricehouse,matt ricehouse,Matt,Ricehouse,,,155.0,,,1987-03-11,False
John Richard,john richard,John,Richard,,,205.0,,,1982-05-22,False
Rex Richards,rex richards,Rex,Richards,,77.0,265.0,,,,False
Mike Richman,mike richman,Mike,Richman,The Marine,68.0,135.0,,,1985-06-23,False
Dave Rickels,dave rickels,Dave,Rickels,The Caveman,71.0,155.0,,,1989-01-05,False
Haisam Rida,haisam rida,Haisam,Rida,,,,,,1993-07-25,False
Brad Riddell,brad riddell,Brad,Riddell,Quake,67.0,155.0,71.0,Orthodox,1991-09-30,True
Matthew Riddle,matthew riddle,Matthew,Riddle,Deep Waters,73.0,170.0,76.0,Southpaw,1986-01-14,False
Joe Riggs,joe riggs,Joe,Riggs,Diesel,72.0,185.0,70.0,Southpaw,1982-09-23,False
Jeremiah Riggs,jeremiah riggs,Jeremiah,Riggs,,72.0,185.0,,,1982-12-17,False
Aaron Riley,aaron riley,Aaron,Riley,,68.0,155.0,69.0,Southpaw,1980-12-09,False
Jason Riley,jason riley,Jason,Riley,The Juggernaut,78.0,245.0,,,2075-09-22,False
Luke Riley,luke riley,Luke,Riley,,,145.0,,,1999-06-30,True
Moise Rimbon,moise rimbon,Moise,Rimbon,Swamp,70.0,205.0,,Orthodox,1977-04-20,False
Jordan Rinaldi,jordan rinaldi,Jordan,Rinaldi,All Day,70.0,145.0,72.0,Orthodox,1987-09-25,False
Nick Ring,nick ring,Nick,Ring,The Promise,72.0,185.0,74.0,Southpaw,1979-02-10,False
Robbie Ring,robbie ring,Robbie,Ring,Razor,69.0,145.0,68.0,Orthodox,2000-07-14,True
Mike Rio,mike rio,Mike,Rio,The Wolverine,70.0,155.0,70.0,Orthodox,1981-07-06,False
Albert Rios,albert rios,Albert,Rios,,68.0,145.0,,,,False
Rafael Rios,rafael rios,Rafael,Rios,,,150.0,,,,False
Maria Rios,maria rios,Maria,Rios,,65.0,125.0,,,1983-05-31,False
Shannon Ritch,shannon ritch,Shannon,Ritch,The Cannon,69.0,190.0,,Orthodox,2070-09-27,False
Diego Rivas,diego rivas,Diego,Rivas,Pitbull,68.0,145.0,69.0,Orthodox,1991-11-11,False
Jorge Rivera,jorge rivera,Jorge,Rivera,El Conquistador,73.0,185.0,73.0,Orthodox,2072-02-28,False
Dante Rivera,dante rivera,Dante,Rivera,,73.0,185.0,,Southpaw,2074-12-08,False
Mario Rivera,mario rivera,Mario,Rivera,,70.0,170.0,,,,False
Francisco Rivera,francisco rivera,Francisco,Rivera,Cisco,68.0,135.0,70.0,Orthodox,1981-10-08,False
Jonathan Rivera,jonathan rivera,Jonathan,Rivera,,,155.0,,,,False
Jimmie Rivera,jimmie rivera,Jimmie,Rivera,El Terror,64.0,135.0,68.0,Orthodox,1989-06-29,False
Irwin Rivera,irwin rivera,Irwin,Rivera,The Beast,66.0,135.0,67.0,Southpaw,1989-02-14,False
Jerome Rivera,jerome rivera,Jerome,Rivera,Renegade,70.0,125.0,72.0,Southpaw,1995-04-22,False
Nicdali Rivera-Calanoc,nicdali rivera calanoc,Nicdali,Rivera-Calanoc,The Night Queen,63.0,105.0,,,1985-06-12,False
Pedro Rizzo,pedro rizzo,Pedro,Rizzo,The Rock,73.0,241.0,,Orthodox,2074-05-03,False
Theo Rlayang,theo rlayang,Theo,Rlayang,Jungle King,67.0,145.0,65.0,Orthodox,1994-08-10,False
Justin Robbins,justin robbins,Justin,Robbins,,65.0,135.0,,,1980-07-29,False
Kali Robbins,kali robbins,Kali,Robbins,Pop Tart,63.0,115.0,63.0,Orthodox,1984-07-05,False
Karl Roberson,karl roberson,Karl,Roberson,Baby K,73.0,205.0,74.0,Southpaw,1990-10-04,False
Andre Roberts,andre roberts,Andre,Roberts,The Chief,74.0,345.0,,Orthodox,2065-02-24,False
David Roberts,david roberts,David,Roberts,,73.0,170.0,,Orthodox,2075-11-15,False
Joey Roberts,joey roberts,Joey,Roberts,,74.0,200.0,,,,False
Tyrone Roberts,tyrone roberts,Tyrone,Roberts,Native Warrior,69.0,185.0,,Orthodox,,False
Ryan Roberts,ryan roberts,Ryan,Roberts,,66.0,155.0,,Orthodox,1978-07-16,False
Taylor Roberts,taylor roberts,Taylor,Roberts,,71.0,170.0,,,,False
Daniel Roberts,daniel roberts,Daniel,Roberts,Ninja,70.0,170.0,74.0,Southpaw,1980-08-05,False
Buddy Roberts,buddy roberts,Buddy,Roberts,,74.0,185.0,,Orthodox,1982-10-17,False
Danny Roberts,danny roberts,Danny,Roberts,Hot Chocolate,73.0,170.0,74.0,Southpaw,1987-07-14,False
Roosevelt Roberts,roosevelt roberts,Roosevelt,Roberts,The Predator,74.0,155.0,73.0,Orthodox,1994-02-11,False
Kenny Robertson,kenny robertson,Kenny,Robertson,,70.0,170.0,74.0,Orthodox,1984-02-14,False
Gillian Robertson,gillian robertson,Gillian,Robertson,The Savage,65.0,115.0,63.0,Orthodox,1995-05-17,True
Chad Robichaux,chad robichaux,Chad,Robichaux,Robo,64.0,135.0,,,2075-08-18,False
Mark Robinson,mark robinson,Mark,Robinson,White Rhino,72.0,265.0,,Orthodox,,False
Colin Robinson,colin robinson,Colin,Robinson,Big C,76.0,243.0,,Orthodox,2068-11-27,False
Alvin Robinson,alvin robinson,Alvin,Robinson,,69.0,155.0,68.0,Southpaw,1982-07-16,False
Damonte Robinson,damonte robinson,Damonte,Robinson,,72.0,155.0,77.0,,1995-06-10,False
Vagner Rocha,vagner rocha,Vagner,Rocha,Ceara,70.0,155.0,73.0,Orthodox,1982-06-06,True
Carlos Eduardo Rocha,carlos eduardo rocha,Carlos Eduardo,Rocha,Ta Danado,70.0,170.0,73.0,Orthodox,1981-07-12,False
Pedro Rocha,pedro rocha,Pedro,Rocha,,,,,,,False
Lucas Rocha,lucas rocha,Lucas,Rocha,Fenomeno,63.0,125.0,64.0,Orthodox,2000-08-12,True
Shem Rock,shem rock,Shem,Rock,,,,,,,True
Keith Rockel,keith rockel,Keith,Rockel,Rock,72.0,185.0,,Orthodox,,False
Luke Rockhold,luke rockhold,Luke,Rockhold,,75.0,185.0,77.0,Southpaw,1984-10-17,False
Kevin Roddy,kevin roddy,Kevin,Roddy,K-Rod,71.0,145.0,,,,False
Gregory Rodrigues,gregory rodrigues,Gregory,Rodrigues,Robocop,75.0,185.0,75.0,Orthodox,1992-02-17,True
Kleydson Rodrigues,kleydson rodrigues,Kleydson,Rodrigues,KR,65.0,135.0,67.0,Orthodox,1995-10-22,False
Levi Rodrigues Jr.,levi rodrigues jr,Levi,Rodrigues Jr.,Baby Monster,72.0,205.0,76.0,Orthodox,1996-10-15,True
Paul Rodriguez,paul rodriguez,Paul,Rodriguez,,67.0,155.0,,Orthodox,,False
Ricco Rodriguez,ricco rodriguez,Ricco,Rodriguez,Suave,76.0,265.0,,Orthodox,1977-08-19,False
Manuel Rodriguez,manuel rodriguez,Manuel,Rodriguez,Chalate,69.0,170.0,,Orthodox,1985-04-25,False
Yair Rodriguez,yair rodriguez,Yair,Rodriguez,El Pantera,71.0,145.0,71.0,Orthodox,1992-10-06,True
Mike Rodriguez,mike rodriguez,Mike,Rodriguez,Slo Mike,76.0,205.0,82.0,Southpaw,1988-11-28,False
Marina Rodriguez,marina rodriguez,Marina,Rodriguez,,66.0,115.0,65.0,Orthodox,1987-04-29,False
Daniel Rodriguez,daniel rodriguez,Daniel,Rodriguez,D-Rod,73.0,170.0,74.0,Southpaw,1986-12-31,True
Ray Rodriguez,ray rodriguez,Ray,Rodriguez,The Judge,67.0,135.0,70.0,Orthodox,1987-12-10,False
Ronaldo Rodriguez,ronaldo rodriguez,Ronaldo,Rodriguez,Lazy Boy,66.0,125.0,65.0,Orthodox,1999-05-07,True
Drako Rodriguez,drako rodriguez,Drako,Rodriguez,,68.0,135.0,69.0,Orthodox,1996-06-16,False
Victor Rodriguez,victor rodriguez,Victor,Rodriguez,Vicious,65.0,125.0,67.0,Switch,1992-09-05,False
Piera Rodriguez,piera rodriguez,Piera,Rodriguez,La Fiera,63.0,115.0,63.0,Orthodox,1992-11-11,True
Christian Rodriguez,christian rodriguez,Christian,Rodriguez,Ceerod,67.0,145.0,71.0,Orthodox,1997-12-17,True
Pete Rodriguez,pete rodriguez,Pete,Rodriguez,Dead Game,69.0,170.0,71.0,Switch,1996-11-13,True
Imanol Rodriguez,imanol rodriguez,Imanol,Rodriguez,Himan,,125.0,,,1999-11-15,True
Nick Roehrick,nick roehrick,Nick,Roehrick,,74.0,205.0,,Orthodox,1987-07-06,False
Marcos Rogerio de Lima,marcos rogerio de lima,Marcos,Rogerio de Lima,Pezao,73.0,253.0,75.0,Orthodox,1985-06-25,False
Brett Rogers,brett rogers,Brett,Rogers,The Grim,77.0,265.0,81.0,Orthodox,1981-02-17,False
Brian Rogers,brian rogers,Brian,Rogers,The Professional Predator,71.0,185.0,,,1984-02-15,False
Pete Rogers Jr.,pete rogers jr,Pete,Rogers Jr.,The Heat,72.0,145.0,,,,False
Max Rohskopf,max rohskopf,Max,Rohskopf,Rated R,73.0,155.0,71.0,Orthodox,1994-09-27,False
Marcelo Rojo,marcelo rojo,Marcelo,Rojo,Pitbull,68.0,145.0,71.0,Orthodox,1988-07-02,False
Shane Roller,shane roller,Shane,Roller,,70.0,155.0,72.0,Orthodox,1979-07-14,False
Jared Rollins,jared rollins,Jared,Rollins,J-Roc,69.0,170.0,,Orthodox,1977-01-26,False
Tim Roman,tim roman,Tim,Roman,,73.0,170.0,,,1985-06-08,False
Alexandr Romanov,alexandr romanov,Alexandr,Romanov,King Kong,74.0,262.0,75.0,Southpaw,1990-12-11,False
Ricardo Romero,ricardo romero,Ricardo,Romero,,72.0,205.0,76.0,Orthodox,1978-04-15,False
Yoel Romero,yoel romero,Yoel,Romero,Soldier of God,72.0,185.0,73.0,Southpaw,1977-04-30,False
Anthony Romero,anthony romero,Anthony,Romero,The Genius,71.0,155.0,70.0,Orthodox,1997-02-25,True
Kaleio Romero,kaleio romero,Kaleio,Romero,KO,70.0,145.0,69.0,Switch,1996-04-19,True
Roberto Romero,roberto romero,Roberto,Romero,El Charro Negro,68.0,145.0,70.0,Orthodox,2000-01-30,True
Mara Romero Borella,mara romero borella,Mara,Romero Borella,,66.0,125.0,69.0,Orthodox,1986-06-03,False
Cortavious Romious,cortavious romious,Cortavious,Romious,,64.0,135.0,68.0,Southpaw,1994-01-06,False
Juancamilo Ronderos,juancamilo ronderos,Juancamilo,Ronderos,100,63.0,125.0,64.0,Southpaw,1995-02-17,True
Rongzhu,rongzhu,,Rongzhu,,69.0,155.0,71.0,Orthodox,2000-03-07,True
Jesse Ronson,jesse ronson,Jesse,Ronson,The Body Snatcher,70.0,155.0,70.0,Southpaw,1985-12-24,False
George Roop,george roop,George,Roop,,73.0,135.0,72.0,Orthodox,1981-11-10,False
Joao Roque,joao roque,Joao,Roque,,66.0,155.0,,Orthodox,2071-07-22,False
Aaron Rosa,aaron rosa,Aaron,Rosa,,76.0,205.0,77.0,Orthodox,1983-05-28,False
Charles Rosa,charles rosa,Charles,Rosa,Boston Strong,69.0,145.0,69.0,Switch,1986-08-24,True
Karol Rosa,karol rosa,Karol,Rosa,,65.0,135.0,67.0,Orthodox,1994-12-30,True
Jacob Rosales,jacob rosales,Jacob,Rosales,The Lil Badger,71.0,155.0,74.0,Orthodox,1995-07-28,False
Raul Rosas Jr.,raul rosas jr,Raul,Rosas Jr.,El Nino Problema,69.0,135.0,67.0,Switch,2004-10-08,True
Hilarie Rose,hilarie rose,Hilarie,Rose,,63.0,115.0,63.0,Orthodox,1992-11-11,False
Jake Rosholt,jake rosholt,Jake,Rosholt,,73.0,185.0,,Orthodox,1982-02-09,False
Jared Rosholt,jared rosholt,Jared,Rosholt,,74.0,265.0,75.0,Orthodox,1986-08-04,False
Kevin Rosier,kevin rosier,Kevin,Rosier,,76.0,275.0,,Orthodox,,False
Zach Rosol,zach rosol,Zach,Rosol,,,243.0,,,,False
Shannon Ross,shannon ross,Shannon,Ross,The Turkish Delight,66.0,125.0,66.0,Switch,1989-05-12,True
Nick Rossborough,nick rossborough,Nick,Rossborough,Leatherface,77.0,205.0,,,1981-11-18,False
Kristian Rothaermel,kristian rothaermel,Kristian,Rothaermel,,72.0,205.0,,Open Stance,2072-01-31,False
Ben Rothwell,ben rothwell,Ben,Rothwell,,76.0,265.0,78.0,Orthodox,1981-10-17,False
Rick Roufus,rick roufus,Rick,Roufus,,72.0,207.0,,Southpaw,,False
Khalil Rountree Jr.,khalil rountree jr,Khalil,Rountree Jr.,,73.0,205.0,76.0,Southpaw,1990-02-26,True
Ronda Rousey,ronda rousey,Ronda,Rousey,Rowdy,67.0,135.0,66.0,Orthodox,1987-02-01,False
Ray Routh,ray routh,Ray,Routh,,68.0,185.0,,Orthodox,,False
Roberta Rovel,roberta rovel,Roberta,Rovel,Crusher,68.0,145.0,,,,False
Phil Rowe,phil rowe,Phil,Rowe,The Fresh Prince,75.0,170.0,80.0,Orthodox,1990-07-18,True
Cam Rowston,cam rowston,Cam,Rowston,,75.0,185.0,78.0,Orthodox,1995-01-19,True
Kain Royer,kain royer,Kain,Royer,,,185.0,,,,False
Brad Royster,brad royster,Brad,Royster,,,135.0,,,,False
Brandon Royval,brandon royval,Brandon,Royval,Raw Dawg,69.0,125.0,68.0,Southpaw,1992-08-16,True
Jairzinho Rozenstruik,jairzinho rozenstruik,Jairzinho,Rozenstruik,Bigi Boy,74.0,242.0,78.0,Orthodox,1988-03-17,False
Mauricio Rua,mauricio rua,Mauricio,Rua,Shogun,73.0,205.0,76.0,Orthodox,1981-11-25,False
Murilo Rua,murilo rua,Murilo,Rua,Ninja,71.0,185.0,,Orthodox,1980-05-22,False
Marco Ruas,marco ruas,Marco,Ruas,King of the Streets,73.0,210.0,,Orthodox,2061-01-23,False
Rodrigo Ruas,rodrigo ruas,Rodrigo,Ruas,,70.0,185.0,,Orthodox,1977-10-06,False
Rodolfo Rubio Perez,rodolfo rubio perez,Rodolfo,Rubio Perez,Fito,65.0,145.0,,Orthodox,1987-01-29,False
Robert Ruchala,robert ruchala,Robert,Ruchala,Faker,,145.0,,Switch,1998-05-15,True
Gabe Ruediger,gabe ruediger,Gabe,Ruediger,Godzilla,70.0,155.0,,Orthodox,1977-08-29,False
Mauricio Ruffy,mauricio ruffy,Mauricio,Ruffy,,71.0,155.0,75.0,Orthodox,1996-06-17,True
Eddie Ruiz,eddie ruiz,Eddie,Ruiz,,67.0,155.0,,Orthodox,2067-06-10,False
Anthony Ruiz,anthony ruiz,Anthony,Ruiz,El Toro,74.0,205.0,,Orthodox,1977-11-03,False
Paul Ruiz,paul ruiz,Paul,Ruiz,,66.0,135.0,,,1987-06-23,False
Montserrat Conejo Ruiz,montserrat conejo ruiz,Montserrat Conejo,Ruiz,,60.0,115.0,61.0,Southpaw,1993-02-03,True
Mike Russow,mike russow,Mike,Russow,,73.0,255.0,73.0,Orthodox,1976-09-11,False
Bas Rutten,bas rutten,Bas,Rutten,El Guapo,73.0,205.0,,Orthodox,2065-02-24,False
Mashrabjon Ruzibaev,mashrabjon ruzibaev,Mashrabjon,Ruzibaev,Black Junior,68.0,155.0,67.0,Orthodox,1996-02-16,False
Nursulton Ruziboev,nursulton ruziboev,Nursulton,Ruziboev,Black,77.0,185.0,76.0,Orthodox,1993-11-19,True
Casey Ryan,casey ryan,Casey,Ryan,,,185.0,,,,False
Yusup Saadulaev,yusup saadulaev,Yusup,Saadulaev,Maestro,66.0,135.0,,,1985-03-31,False
Cameron Saaiman,cameron saaiman,Cameron,Saaiman,MSP,68.0,135.0,67.0,Southpaw,2000-12-20,True
Pete Sabala,pete sabala,Pete,Sabala,,,135.0,,,,False
Danny Sabatello,danny sabatello,Danny,Sabatello,Italian Gangster,70.0,135.0,71.0,Orthodox,1993-03-31,True
Pat Sabatini,pat sabatini,Pat,Sabatini,,68.0,145.0,70.0,Orthodox,1990-11-09,True
Amir Sadollah,amir sadollah,Amir,Sadollah,,70.0,170.0,75.0,Orthodox,1980-08-27,False
Nazim Sadykhov,nazim sadykhov,Nazim,Sadykhov,Black Wolf,70.0,155.0,69.0,Southpaw,1994-05-16,True
Frankie Saenz,frankie saenz,Frankie,Saenz,,66.0,135.0,66.0,Orthodox,1980-08-12,True
Terrance Saeteurn,terrance saeteurn,Terrance,Saeteurn,Wrong Turn,66.0,125.0,67.0,Orthodox,1995-05-30,True
Saparbeg Safarov,saparbeg safarov,Saparbeg,Safarov,,73.0,185.0,78.0,Orthodox,1986-10-14,False
Tarec Saffiedine,tarec saffiedine,Tarec,Saffiedine,Sponge,70.0,170.0,70.0,Switch,1986-09-06,False
Jason Saggo,jason saggo,Jason,Saggo,,71.0,155.0,71.0,Orthodox,1985-11-23,False
Kiru Sahota,kiru sahota,Kiru,Sahota,,70.0,125.0,73.0,Orthodox,1995-05-28,False
Tatsuya Saika,tatsuya saika,Tatsuya,Saika,Yanbo,72.0,155.0,73.0,Orthodox,1990-09-18,False
Mridul Saikia,mridul saikia,Mridul,Saikia,Crusher,67.0,125.0,68.0,Orthodox,1997-05-09,False
Kaushik Saikumar,kaushik saikumar,Kaushik,Saikumar,The Pride of Chennai,70.0,135.0,71.0,Orthodox,1997-12-11,False
Benoit Saint Denis,benoit saint denis,Benoit,Saint Denis,God of War,71.0,155.0,73.0,Southpaw,1995-12-18,True
Ovince Saint Preux,ovince saint preux,Ovince,Saint Preux,,75.0,205.0,80.0,Southpaw,1983-04-08,False
Lukasz Sajewski,lukasz sajewski,Lukasz,Sajewski,Wookie,68.0,155.0,71.0,Orthodox,1990-11-27,False
Yukio Sakaguchi,yukio sakaguchi,Yukio,Sakaguchi,,69.0,185.0,,Orthodox,2073-07-26,False
Augusto Sakai,augusto sakai,Augusto,Sakai,,75.0,265.0,77.0,Orthodox,1991-05-09,False
Alessio Sakara,alessio sakara,Alessio,Sakara,Legionarius,72.0,185.0,72.0,Orthodox,1981-09-02,False
Wataru Sakata,wataru sakata,Wataru,Sakata,,69.0,195.0,,Southpaw,2073-03-11,False
Gokhan Saki,gokhan saki,Gokhan,Saki,The Rebel,72.0,205.0,73.0,Orthodox,1983-10-19,False
Kazushi Sakuraba,kazushi sakuraba,Kazushi,Sakuraba,The Gracie Hunter,72.0,185.0,,Southpaw,2069-07-14,False
Hayato Sakurai,hayato sakurai,Hayato,Sakurai,Mach,67.0,168.0,,Orthodox,2075-08-24,False
Ryuta Sakurai,ryuta sakurai,Ryuta,Sakurai,,67.0,183.0,,Orthodox,,False
Justin Salas,justin salas,Justin,Salas,J-Bomb,68.0,155.0,70.0,Southpaw,1982-03-13,False
Ivan Salaverry,ivan salaverry,Ivan,Salaverry,,72.0,185.0,,Orthodox,2071-01-11,False
Roman Salazar,roman salazar,Roman,Salazar,El Gallito,67.0,135.0,,Orthodox,1988-02-21,False
Luis Saldana,luis saldana,Luis,Saldana,,71.0,145.0,73.0,Orthodox,1991-01-27,False
John Salgado,john salgado,John,Salgado,Greco,70.0,170.0,,,,False
Muslim Salikhov,muslim salikhov,Muslim,Salikhov,King of Kung Fu,71.0,170.0,70.0,Orthodox,1984-06-09,True
Gabriel Salinas-Jones,gabriel salinas jones,Gabriel,Salinas-Jones,,73.0,245.0,,,1984-11-20,False
Brandon Saling,brandon saling,Brandon,Saling,White Steel,70.0,170.0,,,1986-01-28,False
Quillan Salkilld,quillan salkilld,Quillan,Salkilld,,72.0,155.0,75.0,Orthodox,1999-12-28,True
Sean Salmon,sean salmon,Sean,Salmon,,70.0,185.0,,Southpaw,1977-09-11,False
Boston Salmon,boston salmon,Boston,Salmon,Boom Boom,69.0,135.0,69.0,Southpaw,1990-11-20,False
John Salter,john salter,John,Salter,,73.0,185.0,74.0,Southpaw,1985-03-21,False
Vinicius Salvador,vinicius salvador,Vinicius,Salvador,,67.0,135.0,70.0,Southpaw,1996-07-24,False
Dylan Salvador,dylan salvador,Dylan,Salvador,,69.0,155.0,69.0,Southpaw,1993-05-20,True
Josh Samman,josh samman,Josh,Samman,Anqa,75.0,185.0,79.0,Orthodox,1988-03-14,False
Johnny Sampaio,johnny sampaio,Johnny,Sampaio,,68.0,170.0,,Orthodox,2075-09-11,False
Josh Sampo,josh sampo,Josh,Sampo,The Gremlin,64.0,125.0,64.0,Orthodox,1984-07-24,False
Josh San Diego,josh san diego,Josh,San Diego,JSD,70.0,135.0,,,,False
Samuel Sanches,samuel sanches,Samuel,Sanches,The Prodigy,,155.0,,,2003-01-28,True
Diego Sanchez,diego sanchez,Diego,Sanchez,Nightmare,70.0,170.0,72.0,Southpaw,1981-12-31,False
Eddie Sanchez,eddie sanchez,Eddie,Sanchez,The Manic Hispanic,74.0,230.0,74.0,Orthodox,1982-11-04,False
Julian Sanchez,julian sanchez,Julian,Sanchez,,75.0,300.0,,Orthodox,,False
Bobby Sanchez,bobby sanchez,Bobby,Sanchez,The Kid,67.0,155.0,,Orthodox,,False
Donald Sanchez,donald sanchez,Donald,Sanchez,,70.0,145.0,,,1984-08-18,False
Joby Sanchez,joby sanchez,Joby,Sanchez,,66.0,135.0,68.0,Orthodox,1991-06-24,False
Emmanuel Sanchez,emmanuel sanchez,Emmanuel,Sanchez,El Matador,69.0,145.0,71.0,,1990-08-11,False
Erick Sanchez,erick sanchez,Erick,Sanchez,,70.0,145.0,,,1990-10-04,False
Andrew Sanchez,andrew sanchez,Andrew,Sanchez,El Dirte,73.0,185.0,74.0,Orthodox,1988-04-08,False
Robert Sanchez,robert sanchez,Robert,Sanchez,Littlefury,66.0,125.0,66.0,Orthodox,1986-03-05,False
Jesse Sanders,jesse sanders,Jesse,Sanders,,72.0,170.0,,Orthodox,,False
Luke Sanders,luke sanders,Luke,Sanders,Cool Hand,66.0,135.0,67.0,Southpaw,1985-12-12,False
Jerrod Sanders,jerrod sanders,Jerrod,Sanders,J-Reazie,68.0,135.0,72.0,Orthodox,1979-10-01,False
Cory Sandhagen,cory sandhagen,Cory,Sandhagen,,71.0,135.0,70.0,Switch,1992-04-20,True
Hugo Sandoval,hugo sandoval,Hugo,Sandoval,,,135.0,,,,False
Raul Sandoval,raul sandoval,Raul,Sandoval,,,130.0,,,,False
Joseph Sandoval,joseph sandoval,Joseph,Sandoval,,67.0,135.0,,Southpaw,1986-05-11,False
Hector Sandoval,hector sandoval,Hector,Sandoval,Kid Alex,62.0,125.0,64.0,Orthodox,1986-07-19,False
Chris Sanford,chris sanford,Chris,Sanford,,71.0,185.0,,Orthodox,2068-03-12,False
Roldan Sangcha'an,roldan sangcha an,Roldan,Sangcha'an,The Executioner,64.0,125.0,,Orthodox,1990-12-04,False
Yuhi Sano,yuhi sano,Yuhi,Sano,,71.0,243.0,,Orthodox,2065-02-02,False
Martin Sano,martin sano,Martin,Sano,Spartan,71.0,170.0,75.0,Orthodox,1991-05-30,False
Jonathan Santa Maria,jonathan santa maria,Jonathan,Santa Maria,,69.0,125.0,,,,False
Duda Santana,duda santana,Duda,Santana,Cowboyzinha,67.0,145.0,73.0,Orthodox,1996-01-10,False
Shaheen Santana,shaheen santana,Shaheen,Santana,Shazam,73.0,155.0,75.0,Orthodox,1991-06-04,True
Neemias Santana,neemias santana,Neemias,Santana,,74.0,185.0,76.0,Orthodox,1996-07-10,False
Sean Santella,sean santella,Sean,Santella,Shorty Rock,65.0,125.0,,,1984-10-25,False
Jorge Santiago,jorge santiago,Jorge,Santiago,The Sandman,73.0,170.0,75.0,Orthodox,1980-10-09,False
Mike Santiago,mike santiago,Mike,Santiago,,70.0,145.0,69.0,Orthodox,1989-07-28,False
Will Santiago,will santiago,Will,Santiago,The Brown Bomber,67.0,185.0,,Orthodox,1983-02-08,False
Richie Santiago,richie santiago,Richie,Santiago,The Milford Mauler,67.0,135.0,67.0,Southpaw,1992-10-10,False
Jose Santibanez,jose santibanez,Jose,Santibanez,,,155.0,,,1980-01-18,False
Art Santore,art santore,Art,Santore,Pachuco,74.0,185.0,,,2072-10-26,False
Adriano Santos,adriano santos,Adriano,Santos,,,,,,,False
Paulo Santos,paulo santos,Paulo,Santos,,,,,,,False
Evangelista Santos,evangelista santos,Evangelista,Santos,Cyborg,70.0,170.0,76.0,Orthodox,1977-12-12,False
Luis Santos,luis santos,Luis,Santos,,73.0,170.0,,Southpaw,,False
Iliarde Santos,iliarde santos,Iliarde,Santos,,65.0,125.0,67.0,Orthodox,1980-09-25,False
Leonardo Santos,leonardo santos,Leonardo,Santos,,72.0,155.0,75.0,Orthodox,1980-02-05,False
Thiago Santos,thiago santos,Thiago,Santos,Marreta,74.0,205.0,76.0,Orthodox,1984-01-07,False
Bruno Santos,bruno santos,Bruno,Santos,Carioca,69.0,185.0,,Orthodox,1987-07-17,False
Andre Santos,andre santos,Andre,Santos,Chatuba,72.0,170.0,,,,False
Gleristone Santos,gleristone santos,Gleristone,Santos,Toninho Furia,69.0,145.0,,,1988-08-20,False
Yana Santos,yana santos,Yana,Santos,,66.0,135.0,68.0,Orthodox,1989-11-11,True
Taila Santos,taila santos,Taila,Santos,,66.0,125.0,68.0,Orthodox,1993-06-22,True
Marilia Santos,marilia santos,Marilia,Santos,Chocolate,64.0,125.0,,Orthodox,1992-12-12,True
Edivan Santos,edivan santos,Edivan,Santos,Pe De Sapo,76.0,248.0,78.0,Orthodox,1992-05-03,True
Daniel Santos,daniel santos,Daniel,Santos,Willycat,67.0,145.0,67.0,Orthodox,1995-03-12,True
Gabriel Santos,gabriel santos,Gabriel,Santos,Mosquitinho,69.0,145.0,70.0,Orthodox,1996-11-28,True
Luana Santos,luana santos,Luana,Santos,,66.0,135.0,67.0,Orthodox,2000-04-16,True
Djorden Santos,djorden santos,Djorden,Santos,Shakur,72.0,185.0,75.0,Orthodox,1997-08-01,True
Mairon Santos,mairon santos,Mairon,Santos,The Legend,67.0,155.0,72.0,Orthodox,2000-06-10,True
Nick Sanzo,nick sanzo,Nick,Sanzo,,69.0,190.0,,,,False
Bob Sapp,bob sapp,Bob,Sapp,The Beast,77.0,350.0,,Orthodox,2074-09-22,False
Daniel Sarafian,daniel sarafian,Daniel,Sarafian,,69.0,185.0,73.0,Orthodox,1982-08-21,False
Jeka Saragih,jeka saragih,Jeka,Saragih,,68.0,145.0,69.0,Orthodox,1995-01-01,False
Diego Saraiva,diego saraiva,Diego,Saraiva,The Octopus,66.0,155.0,,Orthodox,1982-04-23,False
Gokhan Saricam,gokhan saricam,Gokhan,Saricam,,,265.0,,,1991-02-26,False
Harris Sarmiento,harris sarmiento,Harris,Sarmiento,The Hitman,69.0,155.0,,Orthodox,1983-09-09,False
Alexander Sarnavskiy,alexander sarnavskiy,Alexander,Sarnavskiy,Tiger,71.0,155.0,,,1989-01-17,False
Yuki Sasaki,yuki sasaki,Yuki,Sasaki,,74.0,185.0,,Orthodox,1976-09-12,False
Kyosuke Sasaki,kyosuke sasaki,Kyosuke,Sasaki,,67.0,183.0,,Southpaw,,False
Yuta Sasaki,yuta sasaki,Yuta,Sasaki,Ulka,70.0,125.0,71.0,Southpaw,1989-10-07,False
Paul Sass,paul sass,Paul,Sass,,72.0,155.0,73.0,Orthodox,1988-08-04,False
Keisuke Sasu,keisuke sasu,Keisuke,Sasu,Sasuke,65.0,145.0,69.0,Switch,1994-09-30,True
Masaaki Satake,masaaki satake,Masaaki,Satake,,73.0,220.0,,Orthodox,2065-08-17,False
Takenori Sato,takenori sato,Takenori,Sato,,70.0,170.0,,Southpaw,1985-06-08,False
Takashi Sato,takashi sato,Takashi,Sato,Ten,70.0,170.0,73.0,Southpaw,1990-06-09,False
Shogo Sato,shogo sato,Shogo,Sato,Tora,65.0,170.0,66.0,Southpaw,1993-06-08,False
Uran Satybaldiev,uran satybaldiev,Uran,Satybaldiev,Gorilla,76.0,205.0,79.0,Orthodox,1994-08-10,True
Jeimeson Saudino,jeimeson saudino,Jeimeson,Saudino,The Minion,66.0,135.0,,,1991-03-05,False
Tom Sauer,tom sauer,Tom,Sauer,,73.0,263.0,,,2070-11-11,False
Townsend Saunders,townsend saunders,Townsend,Saunders,,65.0,170.0,,Orthodox,,False
Ben Saunders,ben saunders,Ben,Saunders,Killa B,74.0,170.0,77.0,Orthodox,1983-04-13,False
Chad W. Saunders,chad w saunders,Chad W.,Saunders,,70.0,170.0,,Orthodox,,False
Chris Saunders,chris saunders,Chris,Saunders,The So Cal Kid,68.0,155.0,,,1986-03-11,False
Christien Savoie,christien savoie,Christien,Savoie,The Tiger,71.0,170.0,72.0,Orthodox,1992-08-29,False
Lumumba Sayers,lumumba sayers,Lumumba,Sayers,,72.0,185.0,,,1978-06-30,False
Matt Sayles,matt sayles,Matt,Sayles,,67.0,155.0,68.0,Orthodox,1994-02-21,False
Brandon Sayles,brandon sayles,Brandon,Sayles,Man of War,77.0,265.0,,,1981-04-23,True
Mikheil Sazhiniani,mikheil sazhiniani,Mikheil,Sazhiniani,Spartan,72.0,205.0,71.0,Orthodox,1996-10-05,False
Mark Scanlon,mark scanlon,Mark,Scanlon,,69.0,170.0,,Orthodox,,False
Eric Schafer,eric schafer,Eric,Schafer,Red,75.0,185.0,76.0,Orthodox,1977-09-20,False
Kerry Schall,kerry schall,Kerry,Schall,Meat Truck,74.0,265.0,,Orthodox,2071-08-09,False
Eric Schambari,eric schambari,Eric,Schambari,,71.0,185.0,,Orthodox,1978-04-22,False
Brendan Schaub,brendan schaub,Brendan,Schaub,Big Brown,76.0,245.0,78.0,Orthodox,1983-03-18,False
Matheus Scheffel,matheus scheffel,Matheus,Scheffel,Buffa,74.0,205.0,75.0,Orthodox,1992-11-04,False
Antonio Schembri,antonio schembri,Antonio,Schembri,Nino,69.0,205.0,,Orthodox,2074-06-01,False
Fabiano Scherner,fabiano scherner,Fabiano,Scherner,Pegaleve,75.0,257.0,,Orthodox,2072-06-30,False
Samy Schiavo,samy schiavo,Samy,Schiavo,,68.0,155.0,,Orthodox,2075-12-24,False
Pat Schilling,pat schilling,Pat,Schilling,Thrilling,68.0,145.0,,Orthodox,1988-08-28,False
Joe Schilling,joe schilling,Joe,Schilling,,75.0,185.0,,,,False
Semmy Schilt,semmy schilt,Semmy,Schilt,Hightower,82.0,265.0,,Orthodox,2073-10-27,False
Adam Schindler,adam schindler,Adam,Schindler,,68.0,155.0,,,1983-05-19,False
Daniel Schmitt,daniel schmitt,Daniel,Schmitt,,,185.0,,,,False
Colleen Schneider,colleen schneider,Colleen,Schneider,,,135.0,,,,False
Matt Schnell,matt schnell,Matt,Schnell,Danger,68.0,125.0,70.0,Orthodox,1990-01-15,True
Alex Schoenauer,alex schoenauer,Alex,Schoenauer,,75.0,185.0,,Orthodox,1976-05-05,False
Bailey Schoenfelder,bailey schoenfelder,Bailey,Schoenfelder,Berserk,75.0,265.0,76.0,Orthodox,1997-09-22,False
Darrill Schoonover,darrill schoonover,Darrill,Schoonover,The Boss,74.0,220.0,,Orthodox,1985-07-18,False
Bob Schrijber,bob schrijber,Bob,Schrijber,Dirty,72.0,240.0,,Orthodox,,False
Nate Schroeder,nate schroeder,Nate,Schroeder,,73.0,230.0,,,,False
Lacey Schuckman,lacey schuckman,Lacey,Schuckman,,63.0,125.0,,,,False
Mark Schultz,mark schultz,Mark,Schultz,,69.0,200.0,,Orthodox,,False
Wes Schultz,wes schultz,Wes,Schultz,Party Time,74.0,185.0,77.0,Orthodox,1996-08-09,True
Brian Schwartz,brian schwartz,Brian,Schwartz,,75.0,170.0,,Orthodox,,False
Eric Schwartz,eric schwartz,Eric,Schwartz,,,205.0,,,,False
Justin Scoggins,justin scoggins,Justin,Scoggins,,67.0,125.0,66.0,Southpaw,1992-05-02,False
Brad Scott,brad scott,Brad,Scott,Bear,73.0,170.0,76.0,Orthodox,1989-06-24,False
Greg Scott,greg scott,Greg,Scott,,69.0,145.0,,,,False
Louis Lee Scott,louis lee scott,Louis Lee,Scott,Lightning,68.0,135.0,70.0,Orthodox,2000-02-26,True
Zachary Scroggin,zachary scroggin,Zachary,Scroggin,,75.0,170.0,74.0,Orthodox,1996-03-09,False
Mike Seal,mike seal,Mike,Seal,Crazy Boy,76.0,185.0,,Orthodox,,False
Demba Seck,demba seck,Demba,Seck,Black Tiger,,145.0,,,1994-07-20,False
Matt Secor,matt secor,Matt,Secor,,72.0,170.0,,,1986-09-26,False
Kenneth Seegrist,kenneth seegrist,Kenneth,Seegrist,,72.0,185.0,,Orthodox,,False
Neil Seery,neil seery,Neil,Seery,2Tap,64.0,125.0,64.0,Orthodox,1979-08-30,False
Rony Sefo,rony sefo,Rony,Sefo,,69.0,225.0,,Orthodox,,False
Ray Sefo,ray sefo,Ray,Sefo,Sugarfoot,72.0,240.0,,Orthodox,2071-02-15,False
Brendan Seguin,brendan seguin,Brendan,Seguin,,72.0,185.0,,,1976-07-03,False
Tetsuya Seki,tetsuya seki,Tetsuya,Seki,,70.0,155.0,,,1994-02-08,False
Stefan Sekulic,stefan sekulic,Stefan,Sekulic,,72.0,170.0,75.0,Southpaw,1992-02-12,False
Pete Sell,pete sell,Pete,Sell,Drago,71.0,170.0,75.0,Orthodox,1982-08-05,False
Matthew Semelsberger,matthew semelsberger,Matthew,Semelsberger,Semi The Jedi,73.0,170.0,75.0,Switch,1992-11-23,False
Andrei Semenov,andrei semenov,Andrei,Semenov,,72.0,185.0,,Orthodox,1977-06-17,False
Mackens Semerzier,mackens semerzier,Mackens,Semerzier,Da Menace,69.0,145.0,72.0,Orthodox,1980-11-03,False
Brandon Sene,brandon sene,Brandon,Sene,,71.0,205.0,,,1981-05-21,False
YeDam Seo,yedam seo,YeDam,Seo,,63.0,115.0,63.0,Orthodox,1992-03-20,False
DongHyun Seo,donghyun seo,DongHyun,Seo,Pinnacle,65.0,145.0,67.0,Orthodox,1990-08-22,False
Kim In Seok,kim in seok,Kim In,Seok,,66.0,145.0,,Orthodox,,False
Ray Seraille,ray seraille,Ray,Seraille,,75.0,246.0,,,,False
Ivan Serati,ivan serati,Ivan,Serati,,72.0,205.0,,Orthodox,,False
Alex Serdyukov,alex serdyukov,Alex,Serdyukov,The Russian Crusher,74.0,170.0,74.0,Orthodox,1980-05-24,False
Nicholas Sergiacomi,nicholas sergiacomi,Nicholas,Sergiacomi,,,170.0,,,,False
Matt Serra,matt serra,Matt,Serra,The Terra,66.0,170.0,68.0,Orthodox,2074-06-02,False
Nick Serra,nick serra,Nick,Serra,The Mad Monkey,69.0,170.0,,Orthodox,1978-03-27,False
Adrian Serrano,adrian serrano,Adrian,Serrano,,68.0,170.0,,,2063-12-23,False
Fredy Serrano,fredy serrano,Fredy,Serrano,El Profe,63.0,125.0,65.0,Orthodox,1979-09-22,False
Carl Seumanutafa,carl seumanutafa,Carl,Seumanutafa,,73.0,255.0,,Orthodox,,False
Igor Severino,igor severino,Igor,Severino,,67.0,125.0,69.0,Orthodox,2003-04-21,True
Dan Severn,dan severn,Dan,Severn,The Beast,74.0,250.0,,Southpaw,2058-06-08,False
Rosi Sexton,rosi sexton,Rosi,Sexton,The Surgeon,63.0,135.0,,Orthodox,1977-07-16,False
Rodrigo Sezinando,rodrigo sezinando,Rodrigo,Sezinando,,,170.0,,Orthodox,1997-12-11,True
Scott Shaffer,scott shaffer,Scott,Shaffer,,67.0,145.0,,Orthodox,,False
Edmen Shahbazyan,edmen shahbazyan,Edmen,Shahbazyan,The Golden Boy,74.0,185.0,75.0,Orthodox,1997-11-20,True
Leon Shahbazyan,leon shahbazyan,Leon,Shahbazyan,,76.0,170.0,74.0,Orthodox,1995-11-18,False
Don Shainis,don shainis,Don,Shainis,Shameless,66.0,145.0,67.0,Orthodox,1990-09-16,False
Liliya Shakirova,liliya shakirova,Liliya,Shakirova,,64.0,125.0,65.0,Orthodox,1991-10-24,False
Kamal Shalorus,kamal shalorus,Kamal,Shalorus,Prince of Persia,68.0,155.0,68.0,Orthodox,2072-08-27,False
Ken Shamrock,ken shamrock,Ken,Shamrock,The World's Most Dangerous Man,73.0,205.0,72.0,Orthodox,2064-02-11,False
Frank Shamrock,frank shamrock,Frank,Shamrock,,70.0,185.0,,Orthodox,2072-12-08,False
Shang Zhifa,shang zhifa,Shang,Zhifa,Northeast Flying Tiger,67.0,125.0,63.0,Orthodox,1986-03-15,False
Sean Sharaf,sean sharaf,Sean,Sharaf,The Smoke,75.0,252.0,77.0,Orthodox,1993-07-11,True
Priya Sharma,priya sharma,Priya,Sharma,The Catwoman,61.0,115.0,59.0,Orthodox,1991-08-29,False
Jason Sharp,jason sharp,Jason,Sharp,,,205.0,,,,False
Eric Shelton,eric shelton,Eric,Shelton,Showtime,66.0,125.0,68.0,Orthodox,1991-02-02,False
Sean Sherk,sean sherk,Sean,Sherk,The Muscle Shark,66.0,155.0,67.0,Orthodox,2073-08-05,False
Chase Sherman,chase sherman,Chase,Sherman,The Vanilla Gorilla,76.0,250.0,78.0,Orthodox,1989-11-16,False
Valentina Shevchenko,valentina shevchenko,Valentina,Shevchenko,Bullet,65.0,125.0,66.0,Southpaw,1988-03-07,True
Antonina Shevchenko,antonina shevchenko,Antonina,Shevchenko,La Pantera,68.0,125.0,67.0,Southpaw,1984-11-20,False
Shi Ming,shi ming,Shi,Ming,,62.0,115.0,60.0,Orthodox,1994-11-14,True
Katsuyori Shibata,katsuyori shibata,Katsuyori,Shibata,,72.0,168.0,,Orthodox,1979-11-17,False
Jake Shields,jake shields,Jake,Shields,,72.0,170.0,72.0,Orthodox,1979-01-09,False
Henrique Shiguemoto,henrique shiguemoto,Henrique,Shiguemoto,,71.0,185.0,72.0,Orthodox,1989-06-22,True
Shunichi Shimizu,shunichi shimizu,Shunichi,Shimizu,,65.0,135.0,,Orthodox,1985-01-31,False
Wade Shipp,wade shipp,Wade,Shipp,The Nightmare,75.0,245.0,,Orthodox,2075-02-09,False
Raja Shippen,raja shippen,Raja,Shippen,,66.0,145.0,,,1986-10-07,False
Yuya Shirai,yuya shirai,Yuya,Shirai,,68.0,168.0,,Orthodox,1980-04-02,False
Wes Shivers,wes shivers,Wes,Shivers,,80.0,,,,,False
Alexander Shlemenko,alexander shlemenko,Alexander,Shlemenko,Storm,71.0,185.0,,,1984-05-20,False
Josh Shockley,josh shockley,Josh,Shockley,,73.0,155.0,,Orthodox,1989-11-15,False
Josh Shockman,josh shockman,Josh,Shockman,The War Hammer,76.0,235.0,,Southpaw,1980-12-29,False
Akira Shoji,akira shoji,Akira,Shoji,,68.0,195.0,,Orthodox,2074-01-31,False
Liudvik Sholinian,liudvik sholinian,Liudvik,Sholinian,Palmeyros,70.0,135.0,71.0,Orthodox,1990-01-20,False
Jack Shore,jack shore,Jack,Shore,Tank,68.0,145.0,71.0,Orthodox,1995-02-06,False
Landon Showalter,landon showalter,Landon,Showalter,The Show,72.0,185.0,,,1976-06-14,False
Ivan Shtyrkov,ivan shtyrkov,Ivan,Shtyrkov,Ural Hulk,72.0,205.0,74.0,Orthodox,1988-06-09,False
Brandon Shuey,brandon shuey,Brandon,Shuey,Big Dawg,67.0,155.0,,Orthodox,1976-02-01,False
Ronal Siahaan,ronal siahaan,Ronal,Siahaan,Naga Sakti,67.0,125.0,71.0,Southpaw,1996-05-05,True
Sam Sicilia,sam sicilia,Sam,Sicilia,,68.0,145.0,67.0,Orthodox,1986-02-01,False
Kiril Sidelnikov,kiril sidelnikov,Kiril,Sidelnikov,,71.0,230.0,,,1988-08-17,False
Serhiy Sidey,serhiy sidey,Serhiy,Sidey,,71.0,135.0,72.0,Switch,1996-07-04,True
Steven Siler,steven siler,Steven,Siler,Super,71.0,145.0,70.0,Orthodox,1987-02-15,False
Siala Siliga,siala siliga,Siala,Siliga,Mighty Mo,73.0,290.0,,Orthodox,2070-10-08,False
Xavier Siller,xavier siller,Xavier,Siller,Young Guns,65.0,125.0,,,1994-06-06,False
Assuerio Silva,assuerio silva,Assuerio,Silva,,70.0,241.0,,Orthodox,2074-06-18,False
Anderson Silva,anderson silva,Anderson,Silva,The Spider,74.0,185.0,77.0,Southpaw,2075-04-14,False
Wanderlei Silva,wanderlei silva,Wanderlei,Silva,The Axe Murderer,71.0,205.0,74.0,Orthodox,1976-07-03,False
Thiago Silva,thiago silva,Thiago,Silva,,74.0,205.0,74.0,Orthodox,1982-11-12,False
Paulo Cesar Silva,paulo cesar silva,Paulo Cesar,Silva,Giant,89.0,385.0,,Orthodox,2063-07-21,False
Jean Silva,jean silva,Jean,Silva,White Bear,66.0,160.0,,Orthodox,1977-10-08,True
Jean Silva,jean silva,Jean,Silva,White Bear,67.0,145.0,69.0,Orthodox,1996-12-27,True
Edson Silva,edson silva,Edson,Silva,Paredao,,205.0,,Orthodox,,False
Sidney Silva,sidney silva,Sidney,Silva,,75.0,170.0,,Southpaw,2072-02-27,False
Jay Silva,jay silva,Jay,Silva,,74.0,185.0,,Southpaw,,False
Antonio Silva,antonio silva,Antonio,Silva,Bigfoot,76.0,264.0,82.0,Orthodox,1979-09-14,False
Fabio Silva,fabio silva,Fabio,Silva,,71.0,205.0,,Orthodox,1982-03-31,False
Erick Silva,erick silva,Erick,Silva,,72.0,170.0,74.0,Orthodox,1984-06-21,False
Leandro Silva,leandro silva,Leandro,Silva,Buscape,69.0,155.0,72.0,Orthodox,1985-11-11,False
Claudio Silva,claudio silva,Claudio,Silva,Hannibal,71.0,170.0,71.0,Southpaw,1982-09-06,False
Wagner Silva,wagner silva,Wagner,Silva,Wagnao,72.0,170.0,,Orthodox,1987-02-07,False
Rafael Silva,rafael silva,Rafael,Silva,Morcego,67.0,135.0,,,1985-03-20,False
Joaquim Silva,joaquim silva,Joaquim,Silva,Netto BJJ,68.0,155.0,69.0,Southpaw,1989-02-05,True
Felipe Silva,felipe silva,Felipe,Silva,,72.0,155.0,77.0,Orthodox,1984-05-08,False
Dayana Silva,dayana silva,Dayana,Silva,,67.0,135.0,,Orthodox,1990-08-27,False
Bruno Silva,bruno silva,Bruno,Silva,Bulldog,64.0,125.0,65.0,Orthodox,1990-03-16,True
Bruno Silva,bruno silva,Bruno,Silva,Bulldog,72.0,185.0,74.0,Orthodox,1989-07-13,True
Bruno Silva,bruno silva,Bruno,Silva,Blindado,64.0,125.0,65.0,Orthodox,1990-03-16,True
Bruno Silva,bruno silva,Bruno,Silva,Blindado,72.0,185.0,74.0,Orthodox,1989-07-13,True
Gabriel Silva,gabriel silva,Gabriel,Silva,,66.0,135.0,71.0,Orthodox,1994-08-26,False
Jacob Silva,jacob silva,Jacob,Silva,Lil Animal,65.0,125.0,67.0,Orthodox,1988-02-23,True
Natalia Silva,natalia silva,Natalia,Silva,,64.0,125.0,65.0,Southpaw,1997-02-03,True
Jansey Silva,jansey silva,Jansey,Silva,Jones,74.0,185.0,67.0,Orthodox,1995-05-30,True
Maria Silva,maria silva,Maria,Silva,Viuva Negra,63.0,115.0,64.0,Orthodox,1995-12-19,True
Karine Silva,karine silva,Karine,Silva,Killer,65.0,125.0,67.0,Orthodox,1993-12-02,True
Erik Silva,erik silva,Erik,Silva,The King,69.0,145.0,71.0,Orthodox,1987-03-16,True
Janaina Silva,janaina silva,Janaina,Silva,Jana-Iron-Hand,61.0,115.0,60.0,Orthodox,1992-02-16,True
Jhonata Silva,jhonata silva,Jhonata,Silva,,65.0,125.0,66.0,Orthodox,1997-04-24,True
Jean Silva,jean silva,Jean,Silva,Lord,66.0,160.0,,Orthodox,1977-10-08,True
Jean Silva,jean silva,Jean,Silva,Lord,67.0,145.0,69.0,Orthodox,1996-12-27,True
Danny Silva,danny silva,Danny,Silva,El Puma,71.0,145.0,70.0,Switch,1997-01-30,True
Frank Silva,frank silva,Frank,Silva,De Black,,125.0,,,2004-08-25,False
Samuel Silva,samuel silva,Samuel,Silva,Caveira,72.0,155.0,72.0,Orthodox,1996-01-02,False
Douglas Silva de Andrade,douglas silva de andrade,Douglas,Silva de Andrade,D Silva,67.0,135.0,68.0,Orthodox,1985-06-22,True
Leonardo Silva de Oliveira,leonardo silva de oliveira,Leonardo,Silva de Oliveira,Cabecao,74.0,185.0,,Orthodox,1992-04-23,False
Marcus Silveira,marcus silveira,Marcus,Silveira,Conan,75.0,242.0,,Orthodox,,False
Elias Silverio,elias silverio,Elias,Silverio,Xuxu,71.0,155.0,73.0,Orthodox,1986-09-22,False
Sim Kai Xiong,sim kai xiong,Sim,Kai Xiong,Kobra,66.0,135.0,67.0,Orthodox,1997-09-06,True
Jamey Simmons,jamey simmons,Jamey,Simmons,The Afro Samurai,66.0,135.0,70.0,Orthodox,1992-09-11,False
Ricky Simon,ricky simon,Ricky,Simon,,66.0,135.0,69.0,Orthodox,1992-08-31,True
Aaron Simpson,aaron simpson,Aaron,Simpson,A-Train,72.0,170.0,73.0,Orthodox,2074-07-20,False
Wes Sims,wes sims,Wes,Sims,The Project,82.0,260.0,,Orthodox,1979-08-04,False
Marlon Sims,marlon sims,Marlon,Sims,,,170.0,,,,False
Tony Sims,tony sims,Tony,Sims,,71.0,155.0,70.0,Southpaw,1985-10-14,False
Everett Sims,everett sims,Everett,Sims,Sexual Chocolate,77.0,260.0,77.0,Southpaw,1988-09-04,False
Lodune Sincaid,lodune sincaid,Lodune,Sincaid,,69.0,185.0,,Orthodox,2073-05-07,False
Rob Sinclair,rob sinclair,Rob,Sinclair,,68.0,155.0,,,1980-02-20,False
Rory Singer,rory singer,Rory,Singer,Outburst,74.0,185.0,77.0,Orthodox,1976-05-28,False
Rana Rudra Pratap Singh,rana rudra pratap singh,Rana Rudra Pratap,Singh,Ashwathama,70.0,135.0,69.0,Orthodox,1997-05-09,True
Kiran Singh,kiran singh,Kiran,Singh,Stubborn,61.0,115.0,65.0,Orthodox,2000-07-25,False
Elvis Sinosic,elvis sinosic,Elvis,Sinosic,The King of Rock n' Rumble,75.0,205.0,77.0,Orthodox,2071-02-13,False
Mitchell Sipe,mitchell sipe,Mitchell,Sipe,No Dice,74.0,245.0,,Orthodox,1996-04-09,True
Gian Siqueira,gian siqueira,Gian,Siqueira,Pitbull,73.0,170.0,74.0,Orthodox,1994-06-23,False
Jeremia Siregar,jeremia siregar,Jeremia,Siregar,The Teacher,62.0,125.0,63.0,Orthodox,1991-07-27,False
AJ Siscoe,aj siscoe,AJ,Siscoe,Let's Go,67.0,135.0,,,,False
Yokthai Sithoar,yokthai sithoar,Yokthai,Sithoar,,67.0,143.0,,,2074-12-25,False
Jeri Sitzes,jeri sitzes,Jeri,Sitzes,,65.0,125.0,,,,False
Dennis Siver,dennis siver,Dennis,Siver,,66.0,145.0,70.0,Orthodox,1979-01-13,False
Chas Skelly,chas skelly,Chas,Skelly,The Scrapper,71.0,145.0,72.0,Orthodox,1985-05-11,False
Matt Skelton,matt skelton,Matt,Skelton,,75.0,265.0,,Orthodox,2067-01-23,False
Zach Skinner,zach skinner,Zach,Skinner,,66.0,145.0,,Orthodox,,False
Brian Sleeman,brian sleeman,Brian,Sleeman,,68.0,185.0,,,,False
Joe Slick,joe slick,Joe,Slick,,72.0,199.0,,Orthodox,1977-10-17,False
Ray Sloan,ray sloan,Ray,Sloan,,73.0,205.0,,,1985-07-14,False
Kestutis Smirnovas,kestutis smirnovas,Kestutis,Smirnovas,,70.0,200.0,,Orthodox,,False
Maurice Smith,maurice smith,Maurice,Smith,,74.0,221.0,,Orthodox,2061-12-13,False
Patrick Smith,patrick smith,Patrick,Smith,,74.0,225.0,,Orthodox,2063-08-28,False
Scott Smith,scott smith,Scott,Smith,Hands of Steel,72.0,185.0,70.0,Orthodox,1979-05-21,False
Eric Smith,eric smith,Eric,Smith,,,,,Southpaw,,False
Josh Smith,josh smith,Josh,Smith,,72.0,155.0,,Orthodox,1982-07-02,False
David Smith,david smith,David,Smith,,,155.0,,,,False
Adam Smith,adam smith,Adam,Smith,,,,,,,False
Dillon Smith,dillon smith,Dillon,Smith,,72.0,170.0,,,,False
Trevor Smith,trevor smith,Trevor,Smith,Hot Sauce,75.0,185.0,75.0,Orthodox,1981-01-05,False
Anthony Smith,anthony smith,Anthony,Smith,Lionheart,76.0,205.0,76.0,Orthodox,1988-07-26,False
Colton Smith,colton smith,Colton,Smith,,72.0,155.0,71.0,Orthodox,1987-08-14,False
Gilbert Smith,gilbert smith,Gilbert,Smith,,69.0,185.0,,Southpaw,1981-10-19,False
Leslie Smith,leslie smith,Leslie,Smith,The Peacemaker,69.0,135.0,66.0,Orthodox,1982-08-17,False
Devonte Smith,devonte smith,Devonte,Smith,King Kage,69.0,155.0,76.0,Orthodox,1993-07-30,False
Cole Smith,cole smith,Cole,Smith,The Cole Train,71.0,135.0,67.0,Orthodox,1989-04-05,False
Nate Smith,nate smith,Nate,Smith,The Savage,66.0,125.0,69.0,Switch,1995-04-09,False
Braxton Smith,braxton smith,Braxton,Smith,The Beautiful Monster,71.0,257.0,72.0,Orthodox,1990-01-01,False
Elijah Smith,elijah smith,Elijah,Smith,Swift,69.0,135.0,71.0,Orthodox,2002-09-05,True
Jacobe Smith,jacobe smith,Jacobe,Smith,Cobe,70.0,170.0,72.0,Southpaw,1996-01-17,True
Walter Smith-Cotito,walter smith cotito,Walter,Smith-Cotito,,68.0,135.0,,,,False
Justin Smitley,justin smitley,Justin,Smitley,,,145.0,,,,False
Dmitrii Smoliakov,dmitrii smoliakov,Dmitrii,Smoliakov,The Lifeguard,74.0,253.0,74.0,Switch,1982-08-05,False
Louis Smolka,louis smolka,Louis,Smolka,Da Last Samurai,69.0,135.0,68.0,Orthodox,1991-07-16,False
Cameron Smotherman,cameron smotherman,Cameron,Smotherman,The Baby-Faced Killa,69.0,135.0,69.0,Orthodox,1997-09-17,True
Shimon Smotritsky,shimon smotritsky,Shimon,Smotritsky,The Assassin,74.0,170.0,74.0,Orthodox,2000-08-22,False
Richie Smullen,richie smullen,Richie,Smullen,,69.0,155.0,68.0,Orthodox,1991-08-17,False
Devin Smyth,devin smyth,Devin,Smyth,,70.0,170.0,72.0,Switch,1995-07-21,True
Denis Sobolev,denis sobolev,Denis,Sobolev,,75.0,216.0,,Orthodox,,False
Peter Sobotta,peter sobotta,Peter,Sobotta,,72.0,170.0,75.0,Southpaw,1987-01-11,False
Renato Sobral,renato sobral,Renato,Sobral,Babalu,73.0,205.0,75.0,Orthodox,2075-09-07,False
Rameau Thierry Sokoudjou,rameau thierry sokoudjou,Rameau Thierry,Sokoudjou,The African Assassin,70.0,205.0,78.0,Orthodox,1984-04-18,False
Axel Sola,axel sola,Axel,Sola,,,170.0,,Southpaw,1997-09-17,True
Alexander Soldatkin,alexander soldatkin,Alexander,Soldatkin,,74.0,250.0,75.0,Orthodox,1993-06-10,True
Joe Solecki,joe solecki,Joe,Solecki,,69.0,155.0,70.0,Orthodox,1993-08-27,False
Chris Solomon,chris solomon,Chris,Solomon,,71.0,155.0,,,,False
Joe Son,joe son,Joe,Son,,64.0,236.0,,Orthodox,2070-11-22,False
Paul Song,paul song,Paul,Song,,,185.0,,,,False
Song Kenan,song kenan,Song,Kenan,The Assassin,72.0,170.0,71.0,Orthodox,1990-03-10,True
Song Yadong,song yadong,Song,Yadong,Kung Fu Kid,68.0,135.0,67.0,Orthodox,1997-12-02,True
YoungJae Song,youngjae song,YoungJae,Song,Super Rookie,67.0,145.0,70.0,Orthodox,1996-01-03,False
Hyeonjong Song,hyeonjong song,Hyeonjong,Song,,,135.0,,,2002-04-23,False
Emrah Sonmez,emrah sonmez,Emrah,Sonmez,Anatolian Wolf,70.0,145.0,71.0,Orthodox,1992-06-26,True
Chael Sonnen,chael sonnen,Chael,Sonnen,,73.0,205.0,73.0,Southpaw,1977-04-03,False
Cody Sons,cody sons,Cody,Sons,,69.0,205.0,,,,False
Jin Soo Son,jin soo son,Jin,Soo Son,,66.0,135.0,69.0,Orthodox,1993-04-01,False
Benardo Sopaj,benardo sopaj,Benardo,Sopaj,Lion King,66.0,135.0,66.0,Orthodox,2000-09-25,True
Emiliano Sordi,emiliano sordi,Emiliano,Sordi,He-Man,74.0,205.0,,Orthodox,1991-02-15,False
Sean Soriano,sean soriano,Sean,Soriano,,69.0,145.0,70.0,Orthodox,1989-10-06,False
Punahele Soriano,punahele soriano,Punahele,Soriano,Puna,71.0,170.0,72.0,Southpaw,1992-11-22,True
Hecher Sosa,hecher sosa,Hecher,Sosa,Guanche Warrior,,135.0,,,1995-08-25,True
Dmitry Sosnovskiy,dmitry sosnovskiy,Dmitry,Sosnovskiy,Wicked Machine,75.0,240.0,77.0,Orthodox,1989-07-06,False
Ben Sosoli,ben sosoli,Ben,Sosoli,Combat Wombat,72.0,265.0,72.0,Southpaw,1989-12-10,False
Krzysztof Soszynski,krzysztof soszynski,Krzysztof,Soszynski,The Polish Experiment,73.0,205.0,77.0,Open Stance,1977-08-02,False
George Sotiropoulos,george sotiropoulos,George,Sotiropoulos,,70.0,155.0,71.0,Orthodox,1977-07-09,False
Greg Soto,greg soto,Greg,Soto,,71.0,170.0,73.0,Orthodox,1986-06-03,False
Alex Soto,alex soto,Alex,Soto,Extremo,68.0,135.0,,Southpaw,1984-02-15,False
Joe Soto,joe soto,Joe,Soto,One Bad Mofo,66.0,135.0,65.0,Orthodox,1987-03-22,False
Mario Soto,mario soto,Mario,Soto,Dr. Mario,72.0,145.0,,,,False
Andre Soukhamthath,andre soukhamthath,Andre,Soukhamthath,The Asian Sensation,69.0,135.0,70.0,Orthodox,1988-10-23,False
Mario Sousa,mario sousa,Mario,Sousa,Coracao Valente,75.0,185.0,79.0,Orthodox,1996-10-20,True
Manoel Sousa,manoel sousa,Manoel,Sousa,Manumito,69.0,155.0,70.0,Orthodox,1997-06-04,True
Bobby Southworth,bobby southworth,Bobby,Southworth,,74.0,205.0,,Orthodox,2069-12-16,False
Jacare Souza,jacare souza,Jacare,Souza,,73.0,185.0,72.0,Orthodox,1979-12-07,False
Edimilson Souza,edimilson souza,Edimilson,Souza,Kevin,72.0,145.0,74.0,Orthodox,1984-10-17,False
Livinha Souza,livinha souza,Livinha,Souza,The Brazilian Gangsta,63.0,115.0,63.0,Orthodox,1991-03-11,False
Bruno Souza,bruno souza,Bruno,Souza,The Tiger,70.0,145.0,70.0,Orthodox,1996-03-07,False
Ketlen Souza,ketlen souza,Ketlen,Souza,Esquentadinha,63.0,115.0,63.0,Orthodox,1994-08-18,True
Heraldo Souza,heraldo souza,Heraldo,Souza,Savage,71.0,185.0,73.0,Orthodox,1994-12-15,False
Charon Spain,charon spain,Charon,Spain,,69.0,155.0,,,1988-03-11,False
Chris Spang,chris spang,Chris,Spang,The Kiss,74.0,170.0,,Orthodox,1987-11-26,False
Andreas Spang,andreas spang,Andreas,Spang,Sweet Swede,73.0,185.0,,,1978-11-07,False
Ryan Spann,ryan spann,Ryan,Spann,Superman,77.0,205.0,79.0,Orthodox,1991-08-24,True
Ron Sparks,ron sparks,Ron,Sparks,The Monster,77.0,265.0,,,,False
Tommy Speer,tommy speer,Tommy,Speer,,70.0,170.0,71.0,Orthodox,1984-08-20,False
Patrick Speight,patrick speight,Patrick,Speight,,73.0,170.0,,Orthodox,,False
Sean Spencer,sean spencer,Sean,Spencer,Black Magic,70.0,170.0,74.0,Orthodox,1987-06-25,False
Felicia Spencer,felicia spencer,Felicia,Spencer,FeeNom,66.0,145.0,68.0,Orthodox,1990-11-29,False
Sam Spengler,sam spengler,Sam,Spengler,The Ram,71.0,185.0,,Orthodox,,False
Nick Sperling,nick sperling,Nick,Sperling,,,135.0,,,,False
Mario Sperry,mario sperry,Mario,Sperry,Zen Machine,74.0,205.0,,Orthodox,2066-09-28,False
Eric Spicely,eric spicely,Eric,Spicely,Zebrinha,73.0,185.0,73.0,Orthodox,1986-09-29,False
Waachiim Spiritwolf,waachiim spiritwolf,Waachiim,Spiritwolf,Native Warrior,68.0,170.0,,,,False
Daniel Spitz,daniel spitz,Daniel,Spitz,,79.0,245.0,82.0,Orthodox,1990-07-31,False
Serghei Spivac,serghei spivac,Serghei,Spivac,Polar Bear,75.0,260.0,78.0,Orthodox,1995-01-24,True
Daniel Spohn,daniel spohn,Daniel,Spohn,Dragon,76.0,205.0,79.0,Southpaw,1984-10-12,True
Pete Spratt,pete spratt,Pete,Spratt,The Secret Weapon,69.0,170.0,,Orthodox,2071-01-09,False
Austin Springer,austin springer,Austin,Springer,,68.0,145.0,71.0,Orthodox,1987-05-12,False
Georges St-Pierre,georges st pierre,Georges,St-Pierre,Rush,71.0,185.0,76.0,Orthodox,1981-05-19,False
Bobby Stack,bobby stack,Bobby,Stack,,69.0,155.0,,Orthodox,,False
Andreas Stahl,andreas stahl,Andreas,Stahl,Real Steel,71.0,170.0,,Orthodox,1988-05-20,False
Ron Stallings,ron stallings,Ron,Stallings,The Choir Boy,74.0,170.0,75.0,Southpaw,1983-01-25,False
Cody Stamann,cody stamann,Cody,Stamann,The Spartan,66.0,135.0,64.0,Orthodox,1989-11-09,False
Cristina Stanciu,cristina stanciu,Cristina,Stanciu,Barbie,63.0,115.0,,Orthodox,1994-03-29,False
Brian Stann,brian stann,Brian,Stann,All American,73.0,205.0,74.0,Orthodox,1980-09-24,False
Josh Stansbury,josh stansbury,Josh,Stansbury,The Sandman,74.0,205.0,74.0,Orthodox,1984-11-19,False
Dion Staring,dion staring,Dion,Staring,Soldier,73.0,235.0,,Orthodox,1978-06-09,False
Lucas Stark,lucas stark,Lucas,Stark,,,155.0,,,,False
Clifford Starks,clifford starks,Clifford,Starks,,72.0,185.0,78.0,Orthodox,1981-04-25,False
Kalib Starnes,kalib starnes,Kalib,Starnes,,75.0,185.0,74.0,Orthodox,2075-01-06,False
Laureano Staropoli,laureano staropoli,Laureano,Staropoli,Pepi,73.0,185.0,71.0,Orthodox,1993-02-27,False
Damian Stasiak,damian stasiak,Damian,Stasiak,Webster,65.0,135.0,70.0,Orthodox,1990-02-20,False
Adam Steele,adam steele,Adam,Steele,,,170.0,,,,False
Dominique Steele,dominique steele,Dominique,Steele,Non-Stop Action-Packed,70.0,170.0,74.0,Orthodox,1988-01-27,False
Ricky Steele,ricky steele,Ricky,Steele,The Karate Kid,69.0,135.0,74.0,Orthodox,1988-05-26,True
Kody Steele,kody steele,Kody,Steele,,69.0,155.0,71.0,Orthodox,1995-04-21,True
Eric Steenberg,eric steenberg,Eric,Steenberg,,,155.0,,,1983-06-22,False
Steve Steinbeiss,steve steinbeiss,Steve,Steinbeiss,The Hooligan,75.0,185.0,75.0,Orthodox,1981-05-05,False
Ray Steinbeiss,ray steinbeiss,Ray,Steinbeiss,Ipswitch Cobra,71.0,170.0,,Orthodox,1979-09-12,False
Dmitri Stepanov,dmitri stepanov,Dmitri,Stepanov,,75.0,217.0,,Orthodox,,False
Jeremy Stephens,jeremy stephens,Jeremy,Stephens,Lil' Heathen,69.0,155.0,71.0,Orthodox,1986-05-25,True
Aljamain Sterling,aljamain sterling,Aljamain,Sterling,Funk Master,67.0,145.0,71.0,Orthodox,1989-07-31,True
Marc Stevens,marc stevens,Marc,Stevens,,69.0,155.0,,,,False
Joe Stevenson,joe stevenson,Joe,Stevenson,Daddy,67.0,145.0,70.0,Orthodox,1982-06-15,False
Maia Stevenson,maia stevenson,Maia,Stevenson,,64.0,115.0,62.0,Orthodox,1982-03-19,False
Luke Stewart,luke stewart,Luke,Stewart,,71.0,170.0,,Orthodox,,False
Darren Stewart,darren stewart,Darren,Stewart,The Dentist,72.0,205.0,74.0,Orthodox,1990-12-30,False
Kyle Stewart,kyle stewart,Kyle,Stewart,Gunz Up,72.0,170.0,76.0,Orthodox,1989-01-31,False
Alex Stiebling,alex stiebling,Alex,Stiebling,The Brazilian Killa,74.0,205.0,,Southpaw,,False
Tyler Stinson,tyler stinson,Tyler,Stinson,The Evolution,75.0,170.0,,,1986-01-17,False
Navajo Stirling,navajo stirling,Navajo,Stirling,,76.0,205.0,79.0,Orthodox,1997-11-07,True
Dan Stittgen,dan stittgen,Dan,Stittgen,The Anvil,73.0,170.0,,Orthodox,1980-11-17,False
Lazar Stojadinovic,lazar stojadinovic,Lazar,Stojadinovic,The Bronx Bomber,67.0,145.0,68.0,Southpaw,1989-03-22,True
Denis Stojnic,denis stojnic,Denis,Stojnic,,72.0,245.0,,Orthodox,1980-02-02,False
Julija Stoliarenko,julija stoliarenko,Julija,Stoliarenko,,67.0,125.0,66.0,Orthodox,1993-04-08,False
Dustin Stoltzfus,dustin stoltzfus,Dustin,Stoltzfus,,72.0,185.0,75.0,Orthodox,1991-11-15,True
Niklas Stolze,niklas stolze,Niklas,Stolze,Green Mask,73.0,155.0,74.0,Switch,1992-12-28,False
Ken Stone,ken stone,Ken,Stone,,68.0,135.0,71.0,Southpaw,1982-10-08,False
Ryan Stonitsch,ryan stonitsch,Ryan,Stonitsch,,69.0,170.0,,Southpaw,1977-02-03,False
George Stork,george stork,George,Stork,,70.0,185.0,,,,False
Rick Story,rick story,Rick,Story,The Horror,69.0,170.0,71.0,Southpaw,1984-08-28,False
Darko Stosic,darko stosic,Darko,Stosic,,72.0,205.0,76.0,Orthodox,1992-02-09,False
Greg Stott,greg stott,Greg,Stott,Ranger,67.0,220.0,,Southpaw,,False
Curtis Stout,curtis stout,Curtis,Stout,,73.0,185.0,,Southpaw,2073-11-07,False
Sam Stout,sam stout,Sam,Stout,Hands of Stone,69.0,155.0,70.0,Orthodox,1984-04-23,False
Tim Stout,tim stout,Tim,Stout,,71.0,185.0,,,1979-02-09,False
Jesse Strader,jesse strader,Jesse,Strader,Sui Generis,67.0,135.0,70.0,Orthodox,1991-05-29,False
Gennaro Strangis,gennaro strangis,Gennaro,Strangis,,,,,,,False
Dave Strasser,dave strasser,Dave,Strasser,,70.0,170.0,,Orthodox,2069-07-13,False
Daniel Straus,daniel straus,Daniel,Straus,,67.0,145.0,71.0,,1984-07-27,False
Gerald Strebendt,gerald strebendt,Gerald,Strebendt,The Finishing Machine,69.0,155.0,,Orthodox,1979-03-01,False
Sean Strickland,sean strickland,Sean,Strickland,,73.0,185.0,76.0,Orthodox,1991-02-27,True
Mark Striegl,mark striegl,Mark,Striegl,Mugen,68.0,145.0,70.0,Southpaw,1988-06-23,False
Hans Stringer,hans stringer,Hans,Stringer,,75.0,205.0,,Orthodox,1987-07-06,False
Stefan Struve,stefan struve,Stefan,Struve,Skyscraper,83.0,265.0,84.0,Orthodox,1988-02-18,False
Josh Stuart,josh stuart,Josh,Stuart,,69.0,160.0,,,,False
Mike Stumpf,mike stumpf,Mike,Stumpf,,70.0,170.0,,,1986-08-01,False
Kyle Sturgeon,kyle sturgeon,Kyle,Sturgeon,,75.0,225.0,,Switch,,False
Tatiana Suarez,tatiana suarez,Tatiana,Suarez,,65.0,115.0,66.0,Southpaw,1990-12-19,True
Masanori Suda,masanori suda,Masanori,Suda,,69.0,183.0,,Orthodox,,False
Genki Sudo,genki sudo,Genki,Sudo,Neo-Samurai,69.0,155.0,,Orthodox,1978-03-08,False
Lucasz Sudolski,lucasz sudolski,Lucasz,Sudolski,,76.0,205.0,75.0,Orthodox,1993-06-15,False
Daisuke Sugie,daisuke sugie,Daisuke,Sugie,Amazon,66.0,160.0,,Orthodox,,False
Takashi Sugiura,takashi sugiura,Takashi,Sugiura,,71.0,225.0,,Southpaw,2070-05-31,False
Naho Sugiyuma,naho sugiyuma,Naho,Sugiyuma,Sugi Rock,61.0,105.0,,,1978-02-03,False
Sulangrangbo,sulangrangbo,,Sulangrangbo,,69.0,135.0,66.0,Southpaw,2005-07-17,False
George Sullivan,george sullivan,George,Sullivan,The Silencer,72.0,170.0,73.0,Orthodox,1981-03-13,False
Amar Suloev,amar suloev,Amar,Suloev,,69.0,183.0,,Orthodox,1976-07-01,False
Magomed Sultanakhmedov,magomed sultanakhmedov,Magomed,Sultanakhmedov,,74.0,185.0,,Southpaw,,False
Justin Sumter,justin sumter,Justin,Sumter,,74.0,185.0,80.0,Southpaw,1989-11-16,False
Sumudaerji,sumudaerji,,Sumudaerji,The Tibetan Eagle,68.0,125.0,72.0,Southpaw,1996-01-20,True
Rama Supandhi,rama supandhi,Rama,Supandhi,Hellboy,65.0,125.0,66.0,Southpaw,1991-11-07,False
Aji Susilo,aji susilo,Aji,Susilo,,70.0,155.0,,,,False
Baisangur Susurkaev,baisangur susurkaev,Baisangur,Susurkaev,Hunter,74.0,185.0,79.0,Orthodox,2001-01-08,True
Louie Sutherland,louie sutherland,Louie,Sutherland,Vanilla Gorilla,,265.0,,,1994-02-08,True
Jason Suttie,jason suttie,Jason,Suttie,Nobunaga,72.0,210.0,,Orthodox,2073-08-07,False
Joel Sutton,joel sutton,Joel,Sutton,,71.0,205.0,,Orthodox,,False
Chad Sutton,chad sutton,Chad,Sutton,,73.0,185.0,,,1982-08-07,False
Danilo Suzart,danilo suzart,Danilo,Suzart,,72.0,260.0,,Orthodox,1991-12-04,True
Martin Svensson,martin svensson,Martin,Svensson,,73.0,155.0,,,1985-04-25,False
Daniel Swain,daniel swain,Daniel,Swain,,69.0,145.0,70.0,Orthodox,1991-01-30,True
Cub Swanson,cub swanson,Cub,Swanson,,68.0,145.0,70.0,Orthodox,1983-11-02,True
Mike Swick,mike swick,Mike,Swick,Quick,73.0,170.0,77.0,Orthodox,1979-06-19,False
Floyd Sword,floyd sword,Floyd,Sword,,72.0,185.0,,Orthodox,1976-08-24,False
Oumar Sy,oumar sy,Oumar,Sy,,76.0,205.0,83.0,Orthodox,1995-11-21,True
Klaudia Sygula,klaudia sygula,Klaudia,Sygula,,68.0,135.0,69.0,Orthodox,1998-12-30,True
Bentley Syler,bentley syler,Bentley,Syler,Bolivia,64.0,125.0,,Orthodox,1982-12-22,False
Kevin Syler,kevin syler,Kevin,Syler,El Nino Bala,69.0,155.0,71.0,Switch,1993-07-29,True
Leo Sylvest,leo sylvest,Leo,Sylvest,Lethal,71.0,205.0,,Orthodox,2073-09-03,False
Tony Sylvester,tony sylvester,Tony,Sylvester,,73.0,225.0,,Southpaw,1978-01-27,False
Tim Sylvia,tim sylvia,Tim,Sylvia,The Maine-iac,80.0,265.0,80.0,Orthodox,1976-03-05,False
Kevin Szaflarski,kevin szaflarski,Kevin,Szaflarski,,77.0,260.0,77.0,Orthodox,1994-12-30,True
Sebastian Szalay,sebastian szalay,Sebastian,Szalay,Seb,66.0,145.0,66.0,Orthodox,1994-02-03,False
Bartosz Szewczyk,bartosz szewczyk,Bartosz,Szewczyk,,76.0,205.0,73.0,Orthodox,1997-09-18,False
Osamu Tachihikari,osamu tachihikari,Osamu,Tachihikari,,77.0,300.0,,Orthodox,,False
Amber Tackett,amber tackett,Amber,Tackett,,,115.0,,,,False
Eugenio Tadeu,eugenio tadeu,Eugenio,Tadeu,,68.0,160.0,,Orthodox,,False
Albert Tadevosyan,albert tadevosyan,Albert,Tadevosyan,Albeezy,,170.0,,,1992-04-12,False
Justin Tafa,justin tafa,Justin,Tafa,Bad Man,72.0,264.0,74.0,Southpaw,1993-12-13,False
Junior Tafa,junior tafa,Junior,Tafa,The Juggernaut,75.0,205.0,75.0,Orthodox,1996-09-21,True
Khalid Taha,khalid taha,Khalid,Taha,The Warrior,65.0,135.0,69.0,Orthodox,1992-02-15,False
Joe Taimanglo,joe taimanglo,Joe,Taimanglo,The Juggernaut,64.0,135.0,,,1984-06-27,False
Tatsuro Taira,tatsuro taira,Tatsuro,Taira,The Best,67.0,125.0,70.0,Orthodox,2000-01-27,True
Mairbek Taisumov,mairbek taisumov,Mairbek,Taisumov,Beckan,69.0,155.0,73.0,Orthodox,1988-08-08,False
Taiyilake Nueraji,taiyilake nueraji,Taiyilake,Nueraji,Super Saiyan,74.0,170.0,75.0,Southpaw,2001-01-12,False
Nobuhiko Takada,nobuhiko takada,Nobuhiko,Takada,,72.0,220.0,,Southpaw,2062-04-12,False
Yoshiki Takahashi,yoshiki takahashi,Yoshiki,Takahashi,Kazuo,71.0,199.0,,Southpaw,2069-03-13,False
Yoko Takahashi,yoko takahashi,Yoko,Takahashi,,68.0,150.0,,,2073-04-20,False
Daiju Takase,daiju takase,Daiju,Takase,,72.0,170.0,,Southpaw,1978-04-20,False
Hiroyuki Takaya,hiroyuki takaya,Hiroyuki,Takaya,Streetfight Bancho,66.0,139.0,,Orthodox,1977-06-10,False
Yoshihiro Takayama,yoshihiro takayama,Yoshihiro,Takayama,,77.0,280.0,,Orthodox,2068-09-19,False
Makoto Takimoto,makoto takimoto,Makoto,Takimoto,,67.0,205.0,,Southpaw,1979-12-08,False
Oleg Taktarov,oleg taktarov,Oleg,Taktarov,The Russian Bear,72.0,210.0,,Orthodox,2067-08-26,False
Payton Talbott,payton talbott,Payton,Talbott,,70.0,135.0,70.0,Switch,1998-09-09,True
Nordine Taleb,nordine taleb,Nordine,Taleb,,73.0,170.0,74.0,Orthodox,1981-06-10,False
Murtaza Talha,murtaza talha,Murtaza,Talha,,72.0,205.0,74.0,Orthodox,1996-07-10,True
Tsuyoshi Tamakairiki,tsuyoshi tamakairiki,Tsuyoshi,Tamakairiki,,72.0,220.0,,Orthodox,,False
Eli Tamez,eli tamez,Eli,Tamez,Tomahawk,67.0,135.0,,,1985-08-22,False
Kiyoshi Tamura,kiyoshi tamura,Kiyoshi,Tamura,,71.0,185.0,,Southpaw,2069-12-17,False
Akitoshi Tamura,akitoshi tamura,Akitoshi,Tamura,The Ironman,69.0,135.0,70.0,Orthodox,1980-05-31,False
Issei Tamura,issei tamura,Issei,Tamura,,65.0,135.0,63.0,Orthodox,1984-03-12,False
Jason Tan,jason tan,Jason,Tan,,70.0,170.0,,Orthodox,1981-12-17,False
Akihito Tanaka,akihito tanaka,Akihito,Tanaka,Kinniku Mantaro,,,,Southpaw,,False
Michinori Tanaka,michinori tanaka,Michinori,Tanaka,,65.0,135.0,67.0,Orthodox,1990-10-04,False
Evan Tanner,evan tanner,Evan,Tanner,,72.0,185.0,74.0,Orthodox,2071-02-11,False
Kasey Tanner,kasey tanner,Kasey,Tanner,,67.0,135.0,69.0,Orthodox,1992-01-11,False
Otari Tanzilovi,otari tanzilovi,Otari,Tanzilovi,,70.0,135.0,70.0,Orthodox,1998-04-09,False
Manny Tapia,manny tapia,Manny,Tapia,The Mangler,65.0,135.0,67.0,Orthodox,1981-03-14,False
Gary Tapusoa,gary tapusoa,Gary,Tapusoa,,67.0,185.0,,,,False
Regina Tarin,regina tarin,Regina,Tarin,Kill Bill,,,,,,True
Miesha Tate,miesha tate,Miesha,Tate,Cupcake,66.0,135.0,65.0,Orthodox,1986-08-18,True
Aaron Tau,aaron tau,Aaron,Tau,Tauzemup,64.0,125.0,66.0,Switch,1993-08-21,False
Deividas Taurosevicius,deividas taurosevicius,Deividas,Taurosevicius,,69.0,145.0,68.0,Southpaw,1977-08-28,False
Thiago Tavares,thiago tavares,Thiago,Tavares,,67.0,145.0,70.0,Orthodox,1984-11-08,False
Jeremy Tavares,jeremy tavares,Jeremy,Tavares,,,135.0,,,,False
Brad Tavares,brad tavares,Brad,Tavares,,73.0,185.0,74.0,Orthodox,1987-12-21,True
Ramon Taveras,ramon taveras,Ramon,Taveras,The Savage,68.0,145.0,70.0,Southpaw,1994-01-09,True
Paul Taylor,paul taylor,Paul,Taylor,Relentless,72.0,155.0,72.0,Orthodox,1979-12-15,False
Jesse Taylor,jesse taylor,Jesse,Taylor,JT Money,72.0,170.0,73.0,Orthodox,1983-01-02,False
Torrance Taylor,torrance taylor,Torrance,Taylor,,67.0,155.0,,,,False
Louis Taylor,louis taylor,Louis,Taylor,Handgunz,71.0,185.0,,Orthodox,1979-05-12,False
Anthony Taylor,anthony taylor,Anthony,Taylor,Pretty Boy,67.0,145.0,,,,False
Danielle Taylor,danielle taylor,Danielle,Taylor,Dynamite,60.0,115.0,60.0,Orthodox,1989-10-25,False
J.T Taylor,j t taylor,J.T,Taylor,The Outlaw ,70.0,,,,,False
James Te Huna,james te huna,James,Te Huna,,74.0,185.0,75.0,Orthodox,1981-09-29,False
Cam Teague,cam teague,Cam,Teague,Chaos,70.0,145.0,69.0,Orthodox,1998-02-13,False
Shawn Teed,shawn teed,Shawn,Teed,,77.0,265.0,,Orthodox,1992-02-13,False
Glover Teixeira,glover teixeira,Glover,Teixeira,,74.0,205.0,76.0,Orthodox,1979-10-28,False
John Teixeira,john teixeira,John,Teixeira,Macapa,67.0,145.0,,Orthodox,1986-11-18,False
Ewerton Teixeira,ewerton teixeira,Ewerton,Teixeira,,73.0,242.0,,,1982-02-13,False
Tallison Teixeira,tallison teixeira,Tallison,Teixeira,Xicao,79.0,258.0,83.0,Orthodox,1999-12-07,True
Tra Telligman,tra telligman,Tra,Telligman,Trauma,74.0,233.0,,Orthodox,2065-02-07,False
Ramazan Temirov,ramazan temirov,Ramazan,Temirov,Temurlan,64.0,125.0,63.0,Orthodox,1997-01-31,True
Taneisha Tennant,taneisha tennant,Taneisha,Tennant,Triple Threat,67.0,145.0,70.0,Orthodox,1989-06-15,True
Herman Terrado,herman terrado,Herman,Terrado,,,170.0,,,,False
Dave Terrel,dave terrel,Dave,Terrel,The Bionic,68.0,170.0,,Southpaw,1978-05-10,False
David Terrell,david terrell,David,Terrell,The Soul Assassin,73.0,185.0,,Southpaw,1978-01-09,False
James Terry,james terry,James,Terry,Intensity,70.0,170.0,,Orthodox,1981-03-16,False
Jeff Terry,jeff terry,Jeff,Terry,,74.0,205.0,,,,False
David Teymur,david teymur,David,Teymur,,69.0,155.0,73.0,Southpaw,1989-05-01,True
Daniel Teymur,daniel teymur,Daniel,Teymur,Kid Dynamite,65.0,145.0,69.0,Orthodox,1988-02-03,False
Motonobu Tezuka,motonobu tezuka,Motonobu,Tezuka,,67.0,135.0,,Southpaw,1987-08-29,False
Jason Thacker,jason thacker,Jason,Thacker,,70.0,185.0,,Orthodox,2075-08-18,False
Alexia Thainara,alexia thainara,Alexia,Thainara,Burguesinha,64.0,115.0,67.0,Orthodox,1995-11-20,True
Brandon Thatch,brandon thatch,Brandon,Thatch,Rukus,74.0,170.0,74.0,Switch,1985-07-11,False
Elias Theodorou,elias theodorou,Elias,Theodorou,The Spartan,73.0,185.0,75.0,Orthodox,1988-05-31,False
Nik Theotikos,nik theotikos,Nik,Theotikos,,,185.0,,Orthodox,,False
Paulo Thiago,paulo thiago,Paulo,Thiago,,71.0,170.0,74.0,Orthodox,1981-01-25,False
Colby Thicknesse,colby thicknesse,Colby,Thicknesse,Slickness,67.0,135.0,69.0,Orthodox,1999-06-23,True
Din Thomas,din thomas,Din,Thomas,Dinyero,69.0,155.0,,Orthodox,1976-09-28,False
Ryan Thomas,ryan thomas,Ryan,Thomas,The Tank Engine,72.0,170.0,,Orthodox,1984-11-05,False
Noah Thomas,noah thomas,Noah,Thomas,,69.0,135.0,,Orthodox,1981-03-27,False
Joel Thomas,joel thomas,Joel,Thomas ,The NIce Guy,70.0,170.0,,,,False
Treston Thomison,treston thomison,Treston,Thomison,,68.0,145.0,,,,False
Nick Thompson,nick thompson,Nick,Thompson,The Goat,73.0,170.0,74.0,Orthodox,1981-06-23,False
James Thompson,james thompson,James,Thompson,The Colossus,77.0,265.0,,Orthodox,1978-12-16,False
Oli Thompson,oli thompson,Oli,Thompson,,73.0,242.0,75.0,Orthodox,1980-01-02,False
Stephen Thompson,stephen thompson,Stephen,Thompson,Wonderboy,72.0,170.0,75.0,Orthodox,1983-02-11,True
Josh Thomson,josh thomson,Josh,Thomson,The Punk,70.0,155.0,71.0,Orthodox,1978-09-21,False
Isaac Thomson,isaac thomson,Isaac,Thomson,,70.0,145.0,69.0,,2002-05-03,True
Simeon Thoresen,simeon thoresen,Simeon,Thoresen,The Grin,73.0,170.0,79.0,Orthodox,1984-03-14,False
Josh Thornburg,josh thornburg,Josh,Thornburg,,72.0,170.0,,,1984-05-24,False
Ti Haitao,ti haitao,Ti,Haitao,,,135.0,,,,False
Gleison Tibau,gleison tibau,Gleison,Tibau,,70.0,155.0,71.0,Southpaw,1983-10-07,False
Chris Tickle,chris tickle,Chris,Tickle,BadBoy,69.0,155.0,,,1982-02-01,False
Nolan Ticman,nolan ticman,Nolan,Ticman,,66.0,125.0,,Orthodox,1988-05-17,False
Darren Till,darren till,Darren,Till,The Gorilla,72.0,185.0,74.0,Southpaw,1992-12-24,False
Brett Tillis,brett tillis,Brett,Tillis,,,145.0,,,,False
Rio Tirto,rio tirto,Rio,Tirto,,64.0,125.0,66.0,Switch,2000-02-09,False
Denis Tiuliulin,denis tiuliulin,Denis,Tiuliulin,,73.0,185.0,77.0,Orthodox,1988-05-17,True
Ryan Tobar,ryan tobar,Ryan,Tobar,,,155.0,,,,False
Rafael Tobias,rafael tobias,Rafael,Tobias,Bipolar,,205.0,,,2003-03-20,True
Andrew Todhunter,andrew todhunter,Andrew,Todhunter,The Sniper,72.0,185.0,,Switch,1987-11-30,False
Dusko Todorovic,dusko todorovic,Dusko,Todorovic,Thunder,73.0,185.0,74.0,Orthodox,1994-05-19,True
Tuco Tokkos,tuco tokkos,Tuco,Tokkos,,76.0,205.0,76.0,Orthodox,1990-06-30,True
Hideo Tokoro,hideo tokoro,Hideo,Tokoro,,67.0,135.0,,Orthodox,1977-08-22,False
Anatoly Tokov,anatoly tokov,Anatoly,Tokov,,70.0,185.0,,,1990-02-17,False
Kazuki Tokudome,kazuki tokudome,Kazuki,Tokudome,,71.0,155.0,73.0,Southpaw,1987-03-04,False
Puja Tomar,puja tomar,Puja,Tomar,Cyclone,64.0,115.0,59.0,Southpaw,1993-12-05,True
Tyler Toner,tyler toner,Tyler,Toner,,68.0,145.0,70.0,Orthodox,1983-03-31,False
James Toney,james toney,James,Toney,Lights Out,69.0,220.0,,Orthodox,2068-08-24,False
Masanori Tonooka,masanori tonooka,Masanori,Tonooka,,68.0,185.0,,Orthodox,,False
Carl Toomey,carl toomey,Carl,Toomey,,,,,,,False
Ilia Topuria,ilia topuria,Ilia,Topuria,El Matador,67.0,155.0,69.0,Orthodox,1997-01-21,True
Aleksandre Topuria,aleksandre topuria,Aleksandre,Topuria,El Conquistador,67.0,135.0,68.0,Orthodox,1996-01-28,True
Anthony Torres,anthony torres,Anthony,Torres,The Crush,68.0,170.0,,Orthodox,1978-07-31,False
Miguel Torres,miguel torres,Miguel,Torres,,69.0,135.0,76.0,Orthodox,1981-01-18,False
Ronys Torres,ronys torres,Ronys,Torres,,67.0,155.0,,Orthodox,2075-08-13,False
Haven Torres,haven torres,Haven,Torres,,,125.0,,,,False
Alex Torres,alex torres,Alex,Torres,Rolo,70.0,145.0,,Orthodox,1988-05-29,False
Abram Torres,abram torres,Abram,Torres,,70.0,170.0,,,1982-10-29,False
Jose Torres,jose torres,Jose,Torres,Shorty,64.0,125.0,65.0,Orthodox,1992-08-02,False
Desmond Torres,desmond torres,Desmond,Torres,,66.0,135.0,69.0,Orthodox,1997-01-06,False
Manuel Torres,manuel torres,Manuel,Torres,El Loco,70.0,155.0,73.0,Switch,1995-03-25,True
Justice Torres,justice torres,Justice,Torres,,67.0,145.0,66.0,Southpaw,1997-10-19,False
Eduardo Torres Caut,eduardo torres caut,Eduardo,Torres Caut,Cyborg,67.0,135.0,70.0,Orthodox,1995-04-26,False
Salim Touahri,salim touahri,Salim,Touahri,Grizzly,70.0,170.0,72.0,Orthodox,1989-09-28,False
Dequan Townsend,dequan townsend,Dequan,Townsend,The Tarantula,75.0,205.0,79.0,Orthodox,1986-05-11,False
Minoru Toyonaga,minoru toyonaga,Minoru,Toyonaga,,71.0,195.0,,Southpaw,,False
Slim Trabelsi,slim trabelsi,Slim,Trabelsi,,75.0,235.0,,,1993-05-09,False
Roberto Traven,roberto traven,Roberto,Traven,Spider,75.0,227.0,,Orthodox,2068-09-16,False
Bryan Travers,bryan travers,Bryan,Travers,,,155.0,,,1983-04-11,False
Alexander Trevino,alexander trevino,Alexander,Trevino,,,170.0,,,,False
Francisco Trevino,francisco trevino,Francisco,Trevino,Sitkayan,69.0,155.0,70.0,Orthodox,1981-12-17,False
Angelo Trevino,angelo trevino,Angelo,Trevino,Baby Monsta,71.0,170.0,,Switch,1993-06-10,False
Frank Trigg,frank trigg,Frank,Trigg,Twinkle Toes,69.0,170.0,71.0,Southpaw,2072-05-07,False
Francisco Trinaldo,francisco trinaldo,Francisco,Trinaldo,Massaranduba,69.0,170.0,70.0,Southpaw,1978-08-24,False
Damien Trites,damien trites,Damien,Trites,The Omen,71.0,165.0,,,1979-08-23,False
Michael Trizano,michael trizano,Michael,Trizano,The Lone Wolf,71.0,145.0,71.0,Orthodox,1991-12-31,False
Antonio Trocoli,antonio trocoli,Antonio,Trocoli,Malvado,78.0,185.0,79.0,Orthodox,1990-12-06,True
Tor Troeng,tor troeng,Tor,Troeng,The Hammer,74.0,185.0,,Orthodox,1983-01-25,False
Aaron Trujillo,aaron trujillo,Aaron,Trujillo,,65.0,125.0,,,,False
Reynaldo Trujillo,reynaldo trujillo,Reynaldo,Trujillo,The Truth,69.0,155.0,,,1982-01-01,False
Abel Trujillo,abel trujillo,Abel,Trujillo,Killa,68.0,155.0,70.0,Orthodox,1983-09-18,False
Arman Tsarukyan,arman tsarukyan,Arman,Tsarukyan,Ahalkalakets,67.0,155.0,72.0,Orthodox,1996-10-11,True
Rei Tsuruya,rei tsuruya,Rei,Tsuruya,,66.0,125.0,68.0,Orthodox,2002-06-22,True
Chris Tuchscherer,chris tuchscherer,Chris,Tuchscherer,The Crowbar,74.0,258.0,76.0,Orthodox,2075-09-08,False
Jon Tuck,jon tuck,Jon,Tuck,Super Saiyan,71.0,155.0,73.0,Orthodox,1984-08-28,False
Gavin Tucker,gavin tucker,Gavin,Tucker,Guv'nor,66.0,145.0,66.0,Southpaw,1986-06-17,True
Jumabieke Tuerxun,jumabieke tuerxun,Jumabieke,Tuerxun,The Wild Wolf,67.0,135.0,,Orthodox,1986-04-17,False
Tom Tuggle,tom tuggle,Tom,Tuggle,The Law,74.0,250.0,,Orthodox,,False
Blair Tugman,blair tugman,Blair,Tugman,,72.0,135.0,,,,False
Tai Tuivasa,tai tuivasa,Tai,Tuivasa,Bam Bam,74.0,264.0,75.0,Southpaw,1993-03-16,True
Zubaira Tukhugov,zubaira tukhugov,Zubaira,Tukhugov,Warrior,68.0,155.0,68.0,Orthodox,1991-01-15,False
Teila Tuli,teila tuli,Teila,Tuli,,72.0,430.0,,Orthodox,2069-06-14,False
Marco Tulio,marco tulio,Marco,Tulio,Matuto,72.0,185.0,74.0,Orthodox,1994-06-13,True
Nyamjargal Tumendemberel,nyamjargal tumendemberel,Nyamjargal,Tumendemberel,Art of Knockout,67.0,125.0,71.0,Orthodox,1998-03-22,True
Albert Tumenov,albert tumenov,Albert,Tumenov,Einstein,71.0,170.0,73.0,Orthodox,1991-12-26,False
Ricky Turcios,ricky turcios,Ricky,Turcios,,69.0,135.0,71.0,Orthodox,1993-06-05,False
Anton Turkalj,anton turkalj,Anton,Turkalj,The Pleasure Man,76.0,205.0,78.0,Orthodox,1996-06-10,True
Wellington Turman,wellington turman,Wellington,Turman,The Prodigy,72.0,170.0,72.0,Orthodox,1996-07-22,True
Courtney Turner,courtney turner,Courtney,Turner,,74.0,170.0,,,,False
Jalin Turner,jalin turner,Jalin,Turner,The Tarantula,75.0,155.0,77.0,Southpaw,1995-05-18,True
Austin Tweedy,austin tweedy,Austin,Tweedy,,69.0,155.0,,Orthodox,1990-09-25,True
Marcin Tybura,marcin tybura,Marcin,Tybura,Tybur,75.0,249.0,78.0,Orthodox,1985-11-09,True
Raphael Uchegbu,raphael uchegbu,Raphael,Uchegbu,,,135.0,,,,False
Takeru Uchida,takeru uchida,Takeru,Uchida,,65.0,125.0,68.0,Southpaw,2002-09-30,False
Alberto Uda,alberto uda,Alberto,Uda,,75.0,185.0,,Orthodox,1984-08-08,False
Ryuki Ueyama,ryuki ueyama,Ryuki,Ueyama,,71.0,180.0,,Southpaw,1976-04-17,False
Christian Uflacker,christian uflacker,Christian,Uflacker,,71.0,170.0,,,1985-08-04,False
Andy Uhrich,andy uhrich,Andy,Uhrich,,72.0,170.0,,,,False
Tagir Ulanbekov,tagir ulanbekov,Tagir,Ulanbekov,,67.0,125.0,70.0,Southpaw,1991-08-07,True
Carlos Ulberg,carlos ulberg,Carlos,Ulberg,Black Jag,76.0,205.0,77.0,Orthodox,1990-11-07,True
Gasan Umalatov,gasan umalatov,Gasan,Umalatov,Cobra,71.0,170.0,71.0,Orthodox,1982-09-11,False
Jeremy Umphries,jeremy umphries,Jeremy,Umphries,,,160.0,,,,False
Zach Underwood,zach underwood,Zach,Underwood,,74.0,185.0,,,,False
Caol Uno,caol uno,Caol,Uno,Uno Shoten,67.0,155.0,70.0,Southpaw,2075-05-08,False
Kengo Ura,kengo ura,Kengo,Ura,Uraken,69.0,165.0,,,1981-06-20,False
Logan Urban,logan urban,Logan,Urban,Hulk,72.0,170.0,72.0,Orthodox,1994-04-22,False
Hector Urbina,hector urbina,Hector,Urbina,El Toro,71.0,170.0,73.0,Orthodox,1987-09-17,False
Elias Urbina,elias urbina,Elias,Urbina,,75.0,185.0,77.0,Southpaw,1993-10-09,True
Gilbert Urbina,gilbert urbina,Gilbert,Urbina,The RGV Bad Boy,75.0,170.0,75.0,Orthodox,1996-04-05,True
Guilherme Uriel,guilherme uriel,Guilherme,Uriel,Urso,73.0,265.0,74.0,Orthodox,1997-02-18,False
Nick Urso,nick urso,Nick,Urso,,66.0,125.0,66.0,Southpaw,1985-09-26,True
Yasuhiro Urushitani,yasuhiro urushitani,Yasuhiro,Urushitani,,65.0,125.0,,Southpaw,1976-09-08,False
Sho Patrick Usami,sho patrick usami,Sho Patrick,Usami,Savage,69.0,155.0,70.0,Orthodox,2000-05-08,False
Kamaru Usman,kamaru usman,Kamaru,Usman,The Nigerian Nightmare,72.0,170.0,76.0,Switch,1987-05-11,True
Mohammed Usman,mohammed usman,Mohammed,Usman,The Motor,74.0,239.0,79.0,Orthodox,1989-04-01,False
Darren Uyenoyama,darren uyenoyama,Darren,Uyenoyama,BC,66.0,125.0,65.0,Orthodox,1979-10-15,False
Richie Vaculik,richie vaculik,Richie,Vaculik,Vas,66.0,125.0,69.0,Orthodox,1983-06-19,False
Rashid Vagabov,rashid vagabov,Rashid,Vagabov,Rambo,,125.0,,,1998-06-27,False
Artem Vakhitov,artem vakhitov,Artem,Vakhitov,,73.0,205.0,75.0,Orthodox,1991-04-04,True
Egidijus Valavicius,egidijus valavicius,Egidijus,Valavicius,,72.0,200.0,,Orthodox,,False
Genaro Valdez,genaro valdez,Genaro,Valdez,Rayadito,69.0,155.0,72.0,Orthodox,1992-01-16,False
Charlie Valencia,charlie valencia,Charlie,Valencia,,63.0,135.0,64.0,Orthodox,2074-10-31,False
Robert Valentin,robert valentin,Robert,Valentin,Robzilla,74.0,185.0,77.0,Orthodox,1995-03-31,True
Victor Valenzuela,victor valenzuela,Victor,Valenzuela,Joe Boxer,70.0,155.0,,,,False
Victor Valenzuela,victor valenzuela,Victor,Valenzuela,Joe Boxer,69.0,170.0,71.0,Orthodox,1994-02-09,False
Ivan Valenzuela,ivan valenzuela,Ivan,Valenzuela,Bam Bam,74.0,185.0,77.0,Orthodox,1992-11-17,True
Victor Valenzuela,victor valenzuela,Victor,Valenzuela,Psicosis,70.0,155.0,,,,False
Victor Valenzuela,victor valenzuela,Victor,Valenzuela,Psicosis,69.0,170.0,71.0,Orthodox,1994-02-09,False
Timur Valiev,timur valiev,Timur,Valiev,Lucky,66.0,135.0,67.0,Orthodox,1990-01-19,False
Victor Valimaki,victor valimaki,Victor,Valimaki,The Matrix,72.0,205.0,,Orthodox,,False
Andrew Valladerez,andrew valladerez,Andrew,Valladerez,,,135.0,,,,False
Kevin Vallejos,kevin vallejos,Kevin,Vallejos,El Chino,67.0,145.0,68.0,Switch,2001-12-08,True
Isaac Vallie-Flagg,isaac vallie flagg,Isaac,Vallie-Flagg,,68.0,155.0,70.0,Orthodox,1978-04-08,False
Joshua Van,joshua van,Joshua,Van,The Fearless,65.0,125.0,65.0,Orthodox,2001-10-10,True
Mike van Arsdale,mike van arsdale,Mike,van Arsdale,,74.0,205.0,,Switch,2065-06-20,False
Matt Van Buren,matt van buren,Matt,Van Buren,Gutter,77.0,205.0,,,1986-06-12,False
Ron van Clief,ron van clief,Ron,van Clief,The Black Dragon,70.0,190.0,,Orthodox,2043-01-25,False
Lloyd Van Dams,lloyd van dams,Lloyd,Van Dams,,73.0,240.0,,Southpaw,2072-03-05,False
Alain Van der Merckt,alain van der merckt,Alain,Van der Merckt,Top Boy,,185.0,,,1993-06-11,False
Cameron VanCamp,cameron vancamp,Cameron,VanCamp,Jumpman,74.0,155.0,74.0,Switch,1993-04-27,False
Chad Vance,chad vance,Chad,Vance,,72.0,185.0,,Orthodox,,False
Jared Vanderaa,jared vanderaa,Jared,Vanderaa,,76.0,265.0,80.0,Orthodox,1992-05-12,False
Austin Vanderford,austin vanderford,Austin,Vanderford,The Gentleman,71.0,170.0,74.0,Orthodox,1990-03-21,True
Lando Vannata,lando vannata,Lando,Vannata,Groovy,69.0,155.0,71.0,Orthodox,1992-03-14,True
Paige VanZant,paige vanzant,Paige,VanZant,12 Gauge,64.0,115.0,65.0,Orthodox,1994-03-26,False
Paul Varelans,paul varelans,Paul,Varelans,The Polar Bear,80.0,300.0,,Orthodox,,False
Kazula Vargas,kazula vargas,Kazula,Vargas,,68.0,155.0,71.0,Southpaw,1985-08-15,False
Jamie Varner,jamie varner,Jamie,Varner,,68.0,155.0,71.0,Orthodox,1984-10-12,False
Guilherme Vasconcelos,guilherme vasconcelos,Guilherme,Vasconcelos,Bomba,72.0,185.0,,Orthodox,1986-03-23,False
Linton Vassell,linton vassell,Linton,Vassell,The Swarm,76.0,205.0,,,1983-06-03,False
Billy Vaughan,billy vaughan,Billy,Vaughan,,66.0,155.0,,,1983-12-02,False
Yuri Vaulin,yuri vaulin,Yuri,Vaulin,,76.0,197.0,,Southpaw,,False
Javier Vazquez,javier vazquez,Javier,Vazquez,Showtime,67.0,145.0,69.0,Southpaw,1977-07-16,False
Manny Vazquez,manny vazquez,Manny,Vazquez,,70.0,125.0,72.0,Orthodox,1993-11-19,True
Gianni Vazquez,gianni vazquez,Gianni,Vazquez,Kriptonita,67.0,135.0,71.0,Orthodox,1994-07-17,False
Matt Veach,matt veach,Matt,Veach,,71.0,155.0,,Orthodox,1981-05-31,False
Joe Vedepo,joe vedepo,Joe,Vedepo,The Doctor,72.0,185.0,,Orthodox,,False
Kelly Velasco,kelly velasco,Kelly,Velasco,Killer,69.0,135.0,,Orthodox,1995-05-21,True
Greg Velasco,greg velasco,Greg,Velasco,The Viking King,74.0,265.0,70.0,Southpaw,1993-09-23,True
Cain Velasquez,cain velasquez,Cain,Velasquez,,73.0,240.0,77.0,Orthodox,1982-07-28,False
David Velasquez,david velasquez,David,Velasquez,Little,65.0,145.0,,Orthodox,,False
Bojan Velickovic,bojan velickovic,Bojan,Velickovic,Serbian Steel,72.0,170.0,76.0,Southpaw,1988-12-18,False
Karlos Vemola,karlos vemola,Karlos,Vemola,,72.0,185.0,75.0,Orthodox,1985-07-03,False
Luigi Vendramini,luigi vendramini,Luigi,Vendramini,The Italian Stallion,68.0,155.0,73.0,Orthodox,1996-01-16,False
Jerrel Venetiaan,jerrel venetiaan,Jerrel,Venetiaan,,73.0,195.0,,Orthodox,2071-03-09,False
Scott Ventimiglia,scott ventimiglia,Scott,Ventimiglia,Meant to Kill Ya,71.0,185.0,,,2072-11-17,False
Brandon Vera,brandon vera,Brandon,Vera,The Truth,75.0,230.0,78.0,Orthodox,1977-10-10,False
Kerry Vera,kerry vera,Kerry,Vera,,67.0,135.0,,Orthodox,,False
Marlon Vera,marlon vera,Marlon,Vera,Chito,68.0,135.0,70.0,Switch,1992-12-02,True
Carlos Vera,carlos vera,Carlos,Vera,Pequeno,66.0,135.0,69.0,Orthodox,1987-11-05,True
Isis Verbeek,isis verbeek,Isis,Verbeek,Fight Queen,64.0,115.0,64.0,Orthodox,1995-01-12,True
Ernie Verdicia,ernie verdicia,Ernie,Verdicia,,71.0,199.0,,Orthodox,,False
Joe Veres,joe veres,Joe,Veres,,67.0,155.0,,Orthodox,1977-11-09,False
Nikolay Veretennikov,nikolay veretennikov,Nikolay,Veretennikov,Gladiator,73.0,170.0,74.0,Orthodox,1989-12-22,True
CJ Vergara,cj vergara,CJ,Vergara,,66.0,125.0,68.0,Orthodox,1991-06-18,False
Renato Verissimo,renato verissimo,Renato,Verissimo,Charuto,73.0,170.0,,Orthodox,2073-08-03,False
Bryan Vetell,bryan vetell,Bryan,Vetell,,75.0,265.0,,Southpaw,1977-07-26,False
Marvin Vettori,marvin vettori,Marvin,Vettori,The Italian Dream,72.0,185.0,74.0,Southpaw,1993-09-20,True
Hugo Viana,hugo viana,Hugo,Viana,Wolverine,66.0,135.0,67.0,Orthodox,1982-09-26,False
Guilherme Viana,guilherme viana,Guilherme,Viana,,76.0,205.0,,,,False
Polyana Viana,polyana viana,Polyana,Viana,Dama de Ferro,65.0,115.0,67.0,Orthodox,1992-06-14,True
Vitor Vianna,vitor vianna,Vitor,Vianna,,,205.0,,Orthodox,,False
James Vick,james vick,James,Vick,The Texecutioner,75.0,155.0,76.0,Orthodox,1987-02-23,False
Tamires Vidal,tamires vidal,Tamires,Vidal,Tractor,66.0,135.0,68.0,Orthodox,1998-07-27,False
Freddy Vidal,freddy vidal,Freddy,Vidal,The Barbarian,,205.0,,,,False
Milton Vieira,milton vieira,Milton,Vieira,Miltinho,72.0,145.0,,Orthodox,1978-10-04,False
Reginaldo Vieira,reginaldo vieira,Reginaldo,Vieira,,67.0,135.0,65.0,Orthodox,1982-11-26,False
Ketlen Vieira,ketlen vieira,Ketlen,Vieira,Fenomeno,68.0,135.0,68.0,Orthodox,1991-08-26,True
Rodolfo Vieira,rodolfo vieira,Rodolfo,Vieira,,72.0,185.0,73.0,Orthodox,1989-09-25,True
Steve Vigneault,steve vigneault,Steve,Vigneault,Lionheart,70.0,185.0,,Orthodox,1978-02-14,False
Alejandro Villalobos,alejandro villalobos,Alejandro,Villalobos,,67.0,145.0,,,1979-10-26,False
DeMarco Villalona,demarco villalona,DeMarco,Villalona,,69.0,185.0,,,,False
Gian Villante,gian villante,Gian,Villante,,75.0,230.0,76.0,Orthodox,1985-08-18,False
Ike Villanueva,ike villanueva,Ike,Villanueva,Hurricane,73.0,205.0,73.0,Orthodox,1984-04-04,False
Ruben Villareal,ruben villareal,Ruben,Villareal,Warpath,76.0,265.0,,Orthodox,2070-05-01,False
Armando Villarreal,armando villarreal,Armando,Villarreal,La Lumbre,67.0,135.0,66.0,Southpaw,1989-08-08,False
Pablo Villaseca,pablo villaseca,Pablo,Villaseca,El Gallo,67.0,155.0,,,1987-01-26,False
Joey Villasenor,joey villasenor,Joey,Villasenor,Smokin' Joe,72.0,185.0,,Orthodox,2075-10-17,False
Danillo Villefort,danillo villefort,Danillo,Villefort,Indio,73.0,185.0,,Orthodox,1983-05-08,False
Yuri Villefort,yuri villefort,Yuri,Villefort,,72.0,170.0,73.0,Orthodox,1991-03-23,False
Tre'ston Vines,tre ston vines,Tre'ston,Vines,TVTime,73.0,185.0,79.0,Orthodox,1996-06-18,False
Marcos Vinicius,marcos vinicius,Marcos,Vinicius,Vina,69.0,125.0,,Orthodox,1979-12-05,False
Brandon Visher,brandon visher,Brandon,Visher,The Viper,66.0,135.0,68.0,Orthodox,1984-05-06,False
Falaniko Vitale,falaniko vitale,Falaniko,Vitale,Niko,70.0,185.0,,Orthodox,2074-07-14,False
Cheyanne Vlismas,cheyanne vlismas,Cheyanne,Vlismas,The Warrior Princess,63.0,115.0,63.0,Switch,1995-06-25,False
Bobby Voelker,bobby voelker,Bobby,Voelker,Vicious,72.0,170.0,74.0,Orthodox,1979-04-26,False
Mateo Vogel,mateo vogel,Mateo,Vogel,Carrapato,68.0,145.0,71.0,Orthodox,1996-03-05,True
Danylo Voievodkin,danylo voievodkin,Danylo,Voievodkin,,76.0,265.0,78.0,Southpaw,2000-07-19,False
Alexander Volkanovski,alexander volkanovski,Alexander,Volkanovski,The Great,66.0,145.0,71.0,Orthodox,1988-09-29,True
Jacob Volkmann,jacob volkmann,Jacob,Volkmann,Christmas,69.0,155.0,71.0,Southpaw,1980-09-05,False
Alexander Volkov,alexander volkov,Alexander,Volkov,Drago,79.0,250.0,80.0,Orthodox,1988-10-24,True
Mark Vologdin,mark vologdin,Mark,Vologdin,,,135.0,,,2000-04-18,True
Jason Von Flue,jason von flue,Jason,Von Flue,Live Wire,72.0,170.0,,Orthodox,2075-08-01,False
Milco Voorn,milco voorn,Milco,Voorn,,,220.0,,Orthodox,,False
Mark Vorgeas,mark vorgeas,Mark,Vorgeas,,70.0,135.0,,,,False
Igor Vovchanchyn,igor vovchanchyn,Igor,Vovchanchyn,Ice Cold,68.0,205.0,,Orthodox,2073-08-06,False
Jordan Vucenic,jordan vucenic,Jordan,Vucenic,The Epidemic,70.0,155.0,73.0,Orthodox,1996-03-02,False
James Wade,james wade,James,Wade,,70.0,205.0,,,,False
Chris Wade,chris wade,Chris,Wade,,70.0,155.0,70.0,Orthodox,1987-09-30,False
Neil Wain,neil wain,Neil,Wain,Old School,70.0,242.0,,Orthodox,,False
TJ Waldburger,tj waldburger,TJ,Waldburger,,71.0,170.0,75.0,Orthodox,1988-04-25,False
Chase Waldon,chase waldon,Chase,Waldon,,73.0,185.0,75.0,Orthodox,1986-09-19,True
Andre Walker,andre walker,Andre,Walker,,71.0,205.0,,Southpaw,,False
Herschel Walker,herschel walker,Herschel,Walker,,73.0,215.0,,Orthodox,2062-03-03,False
Donny Walker,donny walker,Donny,Walker,Eagle Eye,69.0,135.0,,,1980-01-04,False
Johnny Walker,johnny walker,Johnny,Walker,,78.0,205.0,82.0,Orthodox,1992-03-30,True
Brogan Walker,brogan walker,Brogan,Walker,The Bear,64.0,125.0,67.0,Switch,1988-08-02,False
Valter Walker,valter walker,Valter,Walker,The Clean Monster,78.0,265.0,78.0,Orthodox,1997-12-14,True
Julius Walker,julius walker,Julius,Walker,Juice Box,76.0,205.0,78.0,Orthodox,1999-07-16,True
Ben Wall,ben wall,Ben,Wall,Manimal,70.0,155.0,,Orthodox,1989-03-25,False
Crafton Wallace,crafton wallace,Crafton,Wallace,Blaze,72.0,185.0,,Orthodox,2075-11-10,False
Rodney Wallace,rodney wallace,Rodney,Wallace,Shonuff the Master,69.0,205.0,72.0,Switch,1981-11-21,False
Jeremy Wallace,jeremy wallace,Jeremy,Wallace,,69.0,,,,,False
Randall Wallace,randall wallace,Randall,Wallace,Braveheart,71.0,185.0,73.0,Orthodox,1989-03-01,False
James Wallace,james wallace,James,Wallace,Jesse,70.0,155.0,69.0,Orthodox,1992-11-17,False
Jim Wallhead,jim wallhead,Jim,Wallhead,Judo,70.0,170.0,,Orthodox,1984-03-14,False
Cory Walmsley,cory walmsley,Cory,Walmsley,Hardcore,72.0,205.0,,Orthodox,,False
Richard Walsh,richard walsh,Richard,Walsh,Filthy Rich,72.0,170.0,73.0,Orthodox,1988-12-01,False
Patrick Walsh,patrick walsh,Patrick,Walsh,The Beast of the East,71.0,185.0,,,1988-11-28,False
Erick Wanderlei,erick wanderlei,Erick,Wanderlei,,73.0,205.0,,Orthodox,,False
Dimitiri Wanderley,dimitiri wanderley,Dimitiri,Wanderley,,,205.0,,Orthodox,,False
Andy Wang,andy wang,Andy,Wang,,66.0,155.0,,Orthodox,1977-05-28,False
Sai Wang,sai wang,Sai,Wang,The Fire Kylin,72.0,170.0,,Southpaw,1986-01-14,False
Anying Wang,anying wang,Anying,Wang,,72.0,170.0,,Orthodox,1991-04-04,False
Wang Cong,wang cong,Wang,Cong,The Joker,66.0,125.0,66.0,Southpaw,1992-05-15,True
Joshua Wang-Kim,joshua wang kim,Joshua,Wang-Kim,Twin Dragon,69.0,135.0,71.0,Switch,1992-11-16,True
Curt Warburton,curt warburton,Curt,Warburton,,72.0,155.0,73.0,Orthodox,,False
Brennan Ward,brennan ward,Brennan,Ward,The Irish Bad Boy,70.0,170.0,71.0,,1988-06-28,False
Charlie Ward,charlie ward,Charlie,Ward,,71.0,170.0,,Orthodox,1980-12-17,False
Terrion Ware,terrion ware,Terrion,Ware,Flash,68.0,135.0,71.0,Orthodox,1986-03-31,False
Joe Warren,joe warren,Joe,Warren,,66.0,135.0,,Orthodox,1976-10-31,False
Brian Warren,brian warren,Brian,Warren,Mr. Unbreakable,72.0,185.0,,Orthodox,,False
Merritt Warren,merritt warren,Merritt,Warren,,70.0,155.0,,Southpaw,,False
Idris Wasi,idris wasi,Idris,Wasi,,72.0,186.0,,,1989-12-11,False
Kengo Watanabe,kengo watanabe,Kengo,Watanabe,,76.0,220.0,,Orthodox,1976-01-31,False
Kazuhisa Watanabe,kazuhisa watanabe,Kazuhisa,Watanabe,,66.0,139.0,,,1983-05-18,False
Ron Waterman,ron waterman,Ron,Waterman,H20,74.0,280.0,,Orthodox,2065-11-23,False
Andy Waters,andy waters,Andy,Waters,,72.0,170.0,,,,False
Dominic Waters,dominic waters,Dominic,Waters,Sho Nuff,73.0,170.0,79.0,Orthodox,1989-04-11,False
Trey Waters,trey waters,Trey,Waters,The Truth,77.0,170.0,77.0,Orthodox,1995-02-21,True
Michelle Waterson-Gomez,michelle waterson gomez,Michelle,Waterson-Gomez,The Karate Hottie,63.0,115.0,62.0,Orthodox,1986-01-06,False
Sam Watford,sam watford,Sam,Watford,,,155.0,,,,False
Blake Watkins,blake watkins,Blake,Watkins,,,185.0,,,,False
Kyle Watson,kyle watson,Kyle,Watson,,72.0,155.0,,Southpaw,1979-08-09,False
Maka Watson,maka watson,Maka,Watson,,,155.0,,,1984-09-22,False
Walel Watson,walel watson,Walel,Watson,The Gazelle,71.0,135.0,75.0,Orthodox,1984-07-16,False
Tom Watson,tom watson,Tom,Watson,Kong,73.0,185.0,73.0,Orthodox,1982-07-13,False
Enrique Watson,enrique watson,Enrique,Watson,,,185.0,,,,False
Brok Weaver,brok weaver,Brok,Weaver,Chata Tuska,72.0,155.0,73.0,Southpaw,1991-12-05,False
Jonavin Webb,jonavin webb,Jonavin,Webb,The Spyder,70.0,170.0,,Orthodox,1989-04-28,False
Stephanie Webber,stephanie webber,Stephanie,Webber,,66.0,135.0,,,,False
Royston Wee,royston wee,Royston,Wee,,67.0,135.0,67.0,Orthodox,1986-11-15,False
Darian Weeks,darian weeks,Darian,Weeks,,71.0,170.0,72.0,Orthodox,1993-11-23,False
Joshua Weems,joshua weems,Joshua,Weems,Wide Open,68.0,135.0,69.0,Orthodox,1994-05-05,False
Daniel Weichel,daniel weichel,Daniel,Weichel,The Weasel,70.0,145.0,70.0,,1984-11-22,False
Chris Weidman,chris weidman,Chris,Weidman,The All-American,74.0,185.0,78.0,Orthodox,1984-06-17,False
Mark Weir,mark weir,Mark,Weir,The Wizard,74.0,185.0,,Southpaw,2067-09-19,False
Christian Wellisch,christian wellisch,Christian,Wellisch,The Hungarian Nightmare,74.0,234.0,77.0,Orthodox,2075-09-13,False
Malcolm Wellmaker,malcolm wellmaker,Malcolm,Wellmaker,The Machine,70.0,135.0,71.0,Switch,1994-06-04,True
Jeremiah Wells,jeremiah wells,Jeremiah,Wells,,69.0,170.0,74.0,Switch,1986-10-30,True
Fabricio Werdum,fabricio werdum,Fabricio,Werdum,Vai Cavalo,76.0,231.0,77.0,Orthodox,1977-07-30,False
Mike Wessel,mike wessel,Mike,Wessel,Juggernaut,72.0,260.0,,Orthodox,1977-12-02,False
Dustin West,dustin west,Dustin,West,,71.0,170.0,,,,False
Sheldon Westcott,sheldon westcott,Sheldon,Westcott,,73.0,170.0,71.0,Southpaw,1984-08-20,True
Aaron Wetherspoon,aaron wetherspoon,Aaron,Wetherspoon,Slam,,170.0,,,,False
Coty Wheeler,coty wheeler,Coty,Wheeler,Ox,66.0,135.0,67.0,Orthodox,1978-10-11,False
Vernon White,vernon white,Vernon,White,Tiger,72.0,205.0,,Southpaw,2071-12-03,False
Steve White,steve white,Steve,White,,71.0,175.0,,,,False
Alex White,alex white,Alex,White,The Spartan,72.0,155.0,71.0,Southpaw,1988-10-22,False
Craig White,craig white,Craig,White,The Thundercat,74.0,170.0,76.0,Orthodox,1990-07-01,False
Patrik White,patrik white,Patrik,White,Primetime,72.0,155.0,72.0,Orthodox,1993-06-11,True
Robert Whiteford,robert whiteford,Robert,Whiteford,The Hammer,69.0,145.0,69.0,Southpaw,1983-04-12,False
Mike Whitehead,mike whitehead,Mike,Whitehead,,73.0,205.0,,Orthodox,1981-06-29,False
Garett Whiteley,garett whiteley,Garett,Whiteley,Goodnight,72.0,155.0,72.0,Orthodox,1980-12-13,False
Mitch Whitesel,mitch whitesel,Mitch,Whitesel,,69.0,185.0,,,1981-07-12,False
Emily Whitmire,emily whitmire,Emily,Whitmire,Spitfire,65.0,125.0,63.0,Orthodox,1991-05-24,False
Robert Whittaker,robert whittaker,Robert,Whittaker,The Reaper,72.0,185.0,73.0,Orthodox,1990-12-20,True
Josh Wick,josh wick,Josh,Wick,The White Mamba,69.0,155.0,69.0,Switch,1994-10-04,True
Adam Wieczorek,adam wieczorek,Adam,Wieczorek,Siwy,77.0,250.0,81.0,Orthodox,1992-02-05,False
Orlando Wiet,orlando wiet,Orlando,Wiet,The Gladiator,70.0,170.0,,Southpaw,,False
Jonathan Wiezorek,jonathan wiezorek,Jonathan,Wiezorek,,75.0,250.0,,Southpaw,1978-02-10,False
Jakub Wiklacz,jakub wiklacz,Jakub,Wiklacz,,,135.0,,,1996-09-10,True
Justin Wilcox,justin wilcox,Justin,Wilcox,Silverback,66.0,155.0,,Orthodox,1979-03-12,False
Joe Wilk,joe wilk,Joe,Wilk,The Nose,69.0,145.0,,,1982-04-12,False
Aaron Wilkinson,aaron wilkinson,Aaron,Wilkinson,The Daywalker,70.0,155.0,,Orthodox,1987-01-31,False
Mike Wilkinson,mike wilkinson,Mike,Wilkinson,The Warrior,67.0,145.0,66.0,Orthodox,1987-09-15,False
Rob Wilkinson,rob wilkinson,Rob,Wilkinson,Razor,75.0,185.0,80.0,Orthodox,1992-02-22,False
James Wilks,james wilks,James,Wilks,Lightning,73.0,170.0,75.0,Orthodox,1978-05-04,False
Tedd Williams,tedd williams,Tedd,Williams,,73.0,275.0,,Orthodox,2069-12-19,False
Pete Williams,pete williams,Pete,Williams,El Duro,75.0,235.0,,Orthodox,2075-07-10,False
Rubin Williams,rubin williams,Rubin,Williams,Mr. Hollywood,73.0,185.0,,Orthodox,1976-04-09,False
Carter Williams,carter williams,Carter,Williams,The Beast,73.0,265.0,,Orthodox,,False
Patrick Williams,patrick williams,Patrick,Williams,The Animal,68.0,135.0,73.0,Orthodox,1981-09-07,False
Tim Williams,tim williams,Tim,Williams,The South Jersey Strangler,74.0,185.0,76.0,Orthodox,1986-07-03,False
Jordan Williams,jordan williams,Jordan,Williams,Bomaye,73.0,185.0,75.0,Southpaw,1990-10-13,False
Cole Williams,cole williams,Cole,Williams,Havoc,72.0,170.0,73.0,Orthodox,1983-12-15,False
Khaos Williams,khaos williams,Khaos,Williams,The OxFighter,72.0,170.0,77.0,Orthodox,1994-03-30,True
Karl Williams,karl williams,Karl,Williams,,75.0,235.0,79.0,Orthodox,1990-01-06,False
Karl Willis,karl willis,Karl,Willis,,,,,,,False
Justin Willis,justin willis,Justin,Willis,Big Pretty,73.0,264.0,78.0,Southpaw,1987-07-19,False
Chris Wilson,chris wilson,Chris,Wilson,The Professor,73.0,170.0,75.0,Orthodox,1977-06-07,False
Greg Wilson,greg wilson,Greg,Wilson,,,155.0,,,1988-10-02,False
Jonathan Wilson,jonathan wilson,Jonathan,Wilson,Johnny Bravo,74.0,205.0,75.0,Southpaw,1987-07-17,False
Sean Wilson,sean wilson,Sean,Wilson,P-Town,68.0,145.0,,,1982-10-20,False
Westin Wilson,westin wilson,Westin,Wilson,,73.0,145.0,73.0,Southpaw,1989-01-24,False
Damon Wilson,damon wilson,Damon,Wilson,The Nomad,69.0,145.0,69.0,Switch,1993-04-29,False
Matt Wiman,matt wiman,Matt,Wiman,,70.0,155.0,68.0,Orthodox,1983-09-19,False
Eddie Wineland,eddie wineland,Eddie,Wineland,,67.0,135.0,69.0,Orthodox,1984-06-26,False
Deron Winn,deron winn,Deron,Winn,,66.0,185.0,70.0,Orthodox,1989-06-13,False
Andre Winner,andre winner,Andre,Winner,,71.0,155.0,73.0,Orthodox,1981-11-09,False
Eric Wisely,eric wisely,Eric,Wisely,Little Lee,68.0,145.0,,Southpaw,1984-07-25,False
Keith Wisniewski,keith wisniewski,Keith,Wisniewski,The Polish Connection,72.0,170.0,,Orthodox,1981-10-25,False
Jason Witt,jason witt,Jason,Witt,The Vanilla Gorilla,70.0,170.0,70.0,Orthodox,1986-11-07,False
Travis Wiuff,travis wiuff,Travis,Wiuff,The Diesel,75.0,205.0,,Orthodox,1978-03-15,False
Ray Wizard,ray wizard,Ray,Wizard,,,,,,,False
Karolina Wojcik,karolina wojcik,Karolina,Wojcik,Polish Assassin,62.0,115.0,,Orthodox,1994-12-09,True
Danyelle Wolf,danyelle wolf,Danyelle,Wolf,,71.0,145.0,70.0,Orthodox,1983-09-08,False
Brandon Wolff,brandon wolff,Brandon,Wolff,,69.0,170.0,,Orthodox,2075-10-18,False
Xue Do Won,xue do won,Xue Do,Won,,67.0,165.0,,,,False
Kwon Wonil,kwon wonil,Kwon,Wonil,Pretty Boy,70.0,135.0,71.0,Orthodox,1995-06-24,False
Joanne Wood,joanne wood,Joanne,Wood,JoJo,66.0,125.0,65.0,Orthodox,1985-12-23,True
Nathaniel Wood,nathaniel wood,Nathaniel,Wood,The Prospect,66.0,145.0,69.0,Orthodox,1993-05-08,True
Val Woodburn,val woodburn,Val,Woodburn,The Animal,68.0,170.0,74.0,Orthodox,1993-08-10,True
Tyron Woodley,tyron woodley,Tyron,Woodley,The Chosen One,69.0,170.0,74.0,Orthodox,1982-04-07,False
Salvador Woods,salvador woods,Salvador,Woods,,71.0,170.0,,,1985-02-05,False
Logan Woods,logan woods,Logan,Woods,One Hit,,185.0,,,1994-05-30,False
Sean Woodson,sean woodson,Sean,Woodson,The Sniper,74.0,145.0,78.0,Orthodox,1992-06-07,True
Cal Worsham,cal worsham,Cal,Worsham,,71.0,230.0,,Orthodox,,False
Hunter Worsham,hunter worsham,Hunter,Worsham,The Future,,185.0,,,,False
Khama Worthy,khama worthy,Khama,Worthy,The Death Star,71.0,155.0,74.0,Orthodox,1986-10-15,False
Eric Wray,eric wray,Eric,Wray,,72.0,170.0,,Orthodox,,False
Justin Wren,justin wren,Justin,Wren,The Viking,74.0,265.0,,Orthodox,1987-04-27,False
JW Wright,jw wright,JW,Wright,,,130.0,,,1976-01-12,False
Chris Wright,chris wright,Chris,Wright,,,,,,,False
Jordan Wright,jordan wright,Jordan,Wright,The Beverly Hills Ninja,74.0,205.0,77.0,Orthodox,1991-10-07,False
Marcin Wrzosek,marcin wrzosek,Marcin,Wrzosek,The Polish Zombie,69.0,155.0,,,1987-10-14,False
Wu Yanan,wu yanan,Wu,Yanan,Mulan,68.0,135.0,66.0,Orthodox,1996-04-18,False
Wulijiburen,wulijiburen,,Wulijiburen,Beast Master,69.0,135.0,69.0,Orthodox,1989-03-01,False
Wuziazibieke Jiahefu,wuziazibieke jiahefu,Wuziazibieke,Jiahefu,Prairie Kitty,69.0,145.0,70.0,Orthodox,1990-04-09,True
Rubens Xavier,rubens xavier,Rubens,Xavier,Macula,75.0,220.0,,Orthodox,,False
Xiao Long,xiao long,Xiao,Long,,68.0,135.0,70.0,Orthodox,1998-04-13,True
Xie Bin,xie bin,Xie,Bin,The Stalker,68.0,145.0,72.0,Orthodox,1998-02-28,False
Jamie Yager,jamie yager,Jamie,Yager,The Chosyn 1,73.0,185.0,,Orthodox,1983-11-29,False
Eddie Yagin,eddie yagin,Eddie,Yagin,The Filipino Phenom,67.0,145.0,,Orthodox,1979-03-23,False
Rani Yahya,rani yahya,Rani,Yahya,,66.0,135.0,67.0,Orthodox,1984-09-12,True
Mohammad Yahya,mohammad yahya,Mohammad,Yahya,The UAE Warrior,69.0,145.0,73.0,Switch,1994-05-23,False
Abdul Rakhman Yakhyaev,abdul rakhman yakhyaev,Abdul Rakhman,Yakhyaev,Hunter,74.0,205.0,78.0,Orthodox,2001-01-03,True
Alexander Yakovlev,alexander yakovlev,Alexander,Yakovlev,Russian Thunder,75.0,155.0,74.0,Southpaw,1984-07-18,False
Keiichiro Yamamiya,keiichiro yamamiya,Keiichiro,Yamamiya,,71.0,185.0,,Southpaw,2072-07-12,False
Kenichi Yamamoto,kenichi yamamoto,Kenichi,Yamamoto,,72.0,170.0,,Orthodox,1976-07-11,False
Yoshihisa Yamamoto,yoshihisa yamamoto,Yoshihisa,Yamamoto,,74.0,220.0,,Southpaw,2070-07-04,False
Atsushi Yamamoto,atsushi yamamoto,Atsushi,Yamamoto,,66.0,139.0,,Orthodox,1980-10-02,False
Norifumi Yamamoto,norifumi yamamoto,Norifumi,Yamamoto,Kid,64.0,135.0,66.0,Southpaw,1977-03-15,False
Hiroko Yamanaka,hiroko yamanaka,Hiroko,Yamanaka,Cat's Eye,71.0,135.0,,,1978-10-24,False
Goiti Yamauchi,goiti yamauchi,Goiti,Yamauchi,,70.0,145.0,,,1993-01-05,False
Wataru Yamauchi,wataru yamauchi,Wataru,Yamauchi,,64.0,125.0,68.0,Orthodox,1999-06-22,False
Takeshi Yamazaki,takeshi yamazaki,Takeshi,Yamazaki,,68.0,139.0,,Southpaw,,False
Yan Xiaonan,yan xiaonan,Yan,Xiaonan,,65.0,115.0,63.0,Orthodox,1989-06-16,True
Petr Yan,petr yan,Petr,Yan,No Mercy,67.0,135.0,67.0,Switch,1993-02-11,True
Yan Qihui,yan qihui,Yan,Qihui,Queen Kong,63.0,125.0,62.0,Orthodox,1996-10-21,False
Adam Yandiev,adam yandiev,Adam,Yandiev,Boroda,69.0,185.0,74.0,Orthodox,1988-08-07,False
Adrian Yanez,adrian yanez,Adrian,Yanez,,67.0,135.0,70.0,Orthodox,1993-11-29,True
Dongi Yang,dongi yang,Dongi,Yang,The Ox,70.0,185.0,73.0,Southpaw,1984-12-07,False
Jianping Yang,jianping yang,Jianping,Yang,,67.0,145.0,,Orthodox,1988-11-27,False
John Yannis,john yannis,John,Yannis,,67.0,145.0,70.0,Southpaw,1994-07-07,True
Masutatsu Yano,masutatsu yano,Masutatsu,Yano,,69.0,198.0,,Orthodox,2075-07-11,False
Emmanuel Yarborough,emmanuel yarborough,Emmanuel,Yarborough,,80.0,770.0,,Open Stance,2060-09-05,False
Cale Yarbrough,cale yarbrough,Cale,Yarbrough,,73.0,185.0,,Orthodox,1986-12-27,False
Tadao Yasuda,tadao yasuda,Tadao,Yasuda,,76.0,310.0,,Orthodox,2063-10-09,False
Yoshiaki Yatsu,yoshiaki yatsu,Yoshiaki,Yatsu,,73.0,165.0,,Orthodox,2056-07-19,False
Chris Yee,chris yee,Chris,Yee,,69.0,185.0,,,,False
Yibugele,yibugele,,Yibugele,Eagle,67.0,145.0,69.0,Southpaw,1989-11-13,False
Yin Shuai,yin shuai,Yin,Shuai,Black Panther,65.0,125.0,66.0,Southpaw,1997-01-01,False
Yizha,yizha,,Yizha,,67.0,145.0,71.0,Orthodox,1997-01-08,True
Ashley Yoder,ashley yoder,Ashley,Yoder,SpiderMonkey,67.0,115.0,69.0,Southpaw,1987-10-20,True
Hirotaka Yokoi,hirotaka yokoi,Hirotaka,Yokoi,Kaibatsu-Kun,71.0,205.0,,Orthodox,1978-06-08,False
Kazunori Yokota,kazunori yokota,Kazunori,Yokota,,68.0,154.0,,Orthodox,1978-04-03,False
John Yoo,john yoo,John,Yoo,,,135.0,,,,False
SangHoon Yoo,sanghoon yoo,SangHoon,Yoo,Assassin,72.0,170.0,74.0,Orthodox,1990-01-18,False
JooSang Yoo,joosang yoo,JooSang,Yoo,Zombie Jr.,67.0,145.0,71.0,Orthodox,1994-01-21,True
Dong Sik Yoon,dong sik yoon,Dong Sik,Yoon,,72.0,185.0,,Orthodox,2072-08-24,False
ChangMin Yoon,changmin yoon,ChangMin,Yoon,The Big Heart,67.0,145.0,70.0,Orthodox,1994-05-10,False
Yoshiyuki Yoshida,yoshiyuki yoshida,Yoshiyuki,Yoshida,Zenko,71.0,170.0,70.0,Southpaw,2074-05-10,False
Hidehiko Yoshida,hidehiko yoshida,Hidehiko,Yoshida,,71.0,225.0,,Orthodox,2069-09-03,False
Kai Yoshida,kai yoshida,Kai,Yoshida,Scorpion,67.0,125.0,69.0,Southpaw,1999-10-10,False
SuYoung You,suyoung you,SuYoung,You,Yoo-Jitsu,66.0,135.0,65.0,Orthodox,1995-12-11,True
Kaitlin Young,kaitlin young,Kaitlin,Young,,69.0,135.0,,Orthodox,1985-09-15,False
Artenus Young,artenus young,Artenus,Young,,,205.0,,,1980-07-16,False
Trenell Young,trenell young,Trenell,Young,Savant,66.0,145.0,,Orthodox,1976-06-19,False
Jason Young,jason young,Jason,Young,Shotgun,69.0,145.0,73.0,Orthodox,1986-06-28,False
Shane Young,shane young,Shane,Young,Smokin',68.0,145.0,72.0,Orthodox,1993-07-31,True
Shanna Young,shanna young,Shanna,Young,The Shanimal,67.0,125.0,65.0,Orthodox,1991-02-20,False
Gauge Young,gauge young,Gauge,Young,Gee Money,69.0,155.0,70.0,Orthodox,2000-07-14,True
Besam Yousef,besam yousef,Besam,Yousef,,71.0,170.0,,Orthodox,1985-03-25,False
Han Ten Yun,han ten yun,Han Ten,Yun,,71.0,220.0,,,,False
Rob Yundt,rob yundt,Rob,Yundt,Monster,73.0,185.0,,Orthodox,1980-05-05,False
Sodiq Yusuff,sodiq yusuff,Sodiq,Yusuff,Super,69.0,155.0,71.0,Orthodox,1993-05-19,True
Gilbert Yvel,gilbert yvel,Gilbert,Yvel,The Hurricane,74.0,225.0,77.0,Orthodox,1976-06-30,False
Luke Zachrich,luke zachrich,Luke,Zachrich,,74.0,185.0,74.0,Orthodox,1981-12-19,False
Anton Zafir,anton zafir,Anton,Zafir,The Professor,71.0,170.0,,Orthodox,1987-05-10,False
Aiemann Zahabi,aiemann zahabi,Aiemann,Zahabi,,68.0,135.0,68.0,Orthodox,1987-11-19,True
Joao Zaiden,joao zaiden,Joao,Zaiden,,,205.0,,,1993-03-16,False
Youssef Zalal,youssef zalal,Youssef,Zalal,The Moroccan Devil,70.0,145.0,72.0,Switch,1996-09-04,True
Elizeu Zaleski dos Santos,elizeu zaleski dos santos,Elizeu,Zaleski dos Santos,Capoeira,71.0,170.0,73.0,Orthodox,1986-12-11,False
Zach Zane,zach zane,Zach,Zane,The Hurricane,67.0,145.0,69.0,Southpaw,1989-12-14,True
Roger Zapata,roger zapata,Roger,Zapata,Viva,71.0,170.0,,Southpaw,1986-05-09,False
Marius Zaromskis,marius zaromskis,Marius,Zaromskis,The Whitemare,69.0,170.0,,Orthodox,1980-07-30,False
David Zawada,david zawada,David,Zawada,Sagat,72.0,170.0,75.0,Orthodox,1990-08-01,False
Magomed Zaynukov,magomed zaynukov,Magomed,Zaynukov,Wild Chanco,,155.0,,,1995-01-02,True
Manolo Zecchini,manolo zecchini,Manolo,Zecchini,Angelo Veneziano,68.0,145.0,68.0,Orthodox,1996-10-22,True
Joao Zeferino,joao zeferino,Joao,Zeferino,The Brazilian Samurai,71.0,170.0,,Orthodox,1986-01-15,False
Daniel Zellhuber,daniel zellhuber,Daniel,Zellhuber,Golden Boy,73.0,155.0,77.0,Switch,1999-07-07,True
Craig Zellner,craig zellner,Craig,Zellner,Big Z,74.0,205.0,,Orthodox,1976-09-09,False
Rickson Zenidim,rickson zenidim,Rickson,Zenidim,The King,67.0,125.0,67.0,Orthodox,1999-02-17,True
Roman Zentsov,roman zentsov,Roman,Zentsov,The Russian Hammer,73.0,230.0,,Orthodox,2073-09-10,False
Carlos Zevallos,carlos zevallos,Carlos,Zevallos,,72.0,205.0,,Orthodox,,False
Zhang Tiequan,zhang tiequan,Zhang,Tiequan,The Wolf,68.0,155.0,69.0,Orthodox,1978-07-25,False
Zhang Lipeng,zhang lipeng,Zhang,Lipeng,The Warrior,71.0,155.0,71.0,Southpaw,1990-03-10,False
Zhang Weili,zhang weili,Zhang,Weili,Magnum,64.0,115.0,63.0,Switch,1989-08-13,True
Zhang Mingyang,zhang mingyang,Zhang,Mingyang,Mountain Tiger,74.0,205.0,75.0,Orthodox,1998-08-16,True
Zhang Qinghe,zhang qinghe,Zhang,Qinghe,,67.0,135.0,67.0,Southpaw,,False
Zhang Zhenyang,zhang zhenyang,Zhang,Zhenyang,,,155.0,,,,False
Daermisi Zhawupasi,daermisi zhawupasi,Daermisi,Zhawupasi,,68.0,135.0,68.0,Switch,1999-09-15,False
Daria Zhelezniakova,daria zhelezniakova,Daria,Zhelezniakova,Iron Lady,69.0,135.0,68.0,Orthodox,1996-01-23,True
Yao Zhikui,yao zhikui,Yao,Zhikui,The Conqueror,65.0,125.0,64.0,Orthodox,1991-02-07,False
Zhou Kun,zhou kun,Zhou,Kun,Mandrill,,125.0,,,,False
Zhu Kangjie,zhu kangjie,Zhu,Kangjie,,66.0,145.0,70.0,Orthodox,1996-01-16,True
Zhalgas Zhumagulov,zhalgas zhumagulov,Zhalgas,Zhumagulov,,64.0,125.0,66.0,Switch,1988-08-29,False
Fares Ziam,fares ziam,Fares,Ziam,The Smile Killer,73.0,155.0,75.0,Orthodox,1997-03-21,True
Mike Zichelle,mike zichelle,Mike,Zichelle,,,205.0,,,,False
James Zikic,james zikic,James,Zikic,The Messenger,74.0,205.0,,Orthodox,1977-03-01,False
Errol Zimmerman,errol zimmerman,Errol,Zimmerman,The Bonecrusher,75.0,185.0,,Orthodox,1986-04-20,False
Cat Zingano,cat zingano,Cat,Zingano,Alpha,66.0,145.0,68.0,Southpaw,1982-07-01,False
Igor Zinoviev,igor zinoviev,Igor,Zinoviev,Houdini,73.0,199.0,,Orthodox,,False
Dave Zitanick,dave zitanick,Dave,Zitanick,,,170.0,,,1980-03-05,False
Alex Zuniga,alex zuniga,Alex,Zuniga,,,145.0,,,,False
George Zuniga,george zuniga,George,Zuniga,,69.0,185.0,,,,False
Allan Zuniga,allan zuniga,Allan,Zuniga,Tigre,67.0,155.0,70.0,Orthodox,1992-04-04,False
Brahyam Zurcher,brahyam zurcher,Brahyam,Zurcher,El Jarretas,,,,,,False
Virgil Zwicker,virgil zwicker,Virgil,Zwicker,RezDog,74.0,205.0,74.0,,1982-06-26,False
